Transaction ID	Date	Product SKU	Product_Name	Category	Sub_Category	Brand	MSRP	Store ID	Store_Name	Store_City	Store_Region	Customer_ID	Customer Name	Unit_Price	Quantity_Sold	Discount_Amount	Tax_Amount	Total_Sales_Amount	Payment_Method
T-30001	2025-06-15	SKU-508	Bose Pro	Laptops	Pro	Bose	565.29	ST-101	Downtown Tech	Boston	North	C-1001	Mary Johnson	512.35	1	51.24	35.86	496.97	PayPal
T-30002	2025-06-15	SKU-517	Sony Headphones	Audio	Headphones	Sony	477.79	ST-102	Lakeside Electronics	Chicago	Midwest	C-1002	Patricia Davis	507.36	1	50.74	35.52	492.14	Apple Pay
T-30003	2025-06-15	SKU-506	Dell iPhone	Mobile	iPhone	Dell	1918.7	ST-102	Lakeside Electronics	Chicago	Midwest	C-1003	Mary Johnson	1763.94	3	529.18	370.43	5133.07	Debit Card
T-30004	2025-06-15	SKU-517	Apple Buds	Audio	Buds	Apple	337.17	ST-102	Lakeside Electronics	Chicago	Midwest	C-1004	Mary Jones	342.39	1	34.24	23.97	332.12	PayPal
T-30005	2025-06-15	SKU-503	Dell Pro	Laptops	Pro	Dell	822.24	ST-102	Lakeside Electronics	Chicago	Midwest	C-1005	Jennifer Williams	798.44	3	239.53	167.67	2323.46	Credit Card
T-30006	2025-06-15	SKU-517	Sony Headphones	Audio	Headphones	Sony	1485.34	ST-101	Downtown Tech	Boston	North	C-1006	Linda Miller	1630.76	5	815.38	570.77	7909.19	Debit Card
T-30007	2025-06-15	SKU-510	Apple Pro	Laptops	Pro	Apple	862.21	ST-101	Downtown Tech	Boston	North	C-1007	Patricia Garcia	889.01	4	355.6	248.92	3449.36	Apple Pay
T-30008	2025-06-15	SKU-507	Samsung iPhone	Mobile	iPhone	Samsung	1515.48	ST-102	Lakeside Electronics	Chicago	Midwest	C-1008	Elizabeth Miller	1473.65	2	294.73	206.31	2858.88	Apple Pay
T-30009	2025-06-15	SKU-504	Apple Pro	Laptops	Pro	Apple	1292.15	ST-102	Lakeside Electronics	Chicago	Midwest	C-1009	Elizabeth Johnson	1261.56	4	504.62	353.24	4894.86	Debit Card
T-30010	2025-06-15	SKU-503	Sony XPS	Laptops	XPS	Sony	1395.25	ST-102	Lakeside Electronics	Chicago	Midwest	C-1010	Jennifer Johnson	1377.05	4	550.82	385.57	5342.95	Debit Card
T-30011	2025-06-15	SKU-503	Sony XPS	Laptops	XPS	Sony	1753.99	ST-102	Lakeside Electronics	Chicago	Midwest	C-1011	David Brown	1709.76	2	341.95	239.37	3316.94	Credit Card
T-30012	2025-06-15	SKU-500	Sony Galaxy	Mobile	Galaxy	Sony	312.55	ST-102	Lakeside Electronics	Chicago	Midwest	C-1012	John Brown	296.35	5	148.18	103.72	1437.29	Credit Card
T-30013	2025-06-15	SKU-517	Bose iPhone	Mobile	iPhone	Bose	1555.09	ST-101	Downtown Tech	Boston	North	C-1013	Linda Williams	1563.7	5	781.85	547.3	7583.95	PayPal
T-30014	2025-06-15	SKU-509	Sony Headphones	Audio	Headphones	Sony	858.09	ST-102	Lakeside Electronics	Chicago	Midwest	C-1014	Linda Davis	814.83	1	81.48	57.04	790.39	Credit Card
T-30015	2025-06-15	SKU-518	Sony Headphones	Audio	Headphones	Sony	518.41	ST-101	Downtown Tech	Boston	North	C-1015	James Brown	560.44	3	168.13	117.69	1630.88	PayPal
T-30016	2025-06-15	SKU-506	Dell Buds	Audio	Buds	Dell	1124.54	ST-102	Lakeside Electronics	Chicago	Midwest	C-1016	Patricia Davis	1054.91	1	105.49	73.84	1023.26	Apple Pay
T-30017	2025-06-15	SKU-514	Dell Galaxy	Mobile	Galaxy	Dell	1741.29	ST-101	Downtown Tech	Boston	North	C-1017	Mary Smith	1820.77	1	182.08	127.45	1766.14	PayPal
T-30018	2025-06-15	SKU-504	Samsung Buds	Audio	Buds	Samsung	901.58	ST-102	Lakeside Electronics	Chicago	Midwest	C-1018	Linda Brown	891.33	5	445.67	311.97	4322.95	Credit Card
T-30019	2025-06-15	SKU-502	Bose Headphones	Audio	Headphones	Bose	1860.1	ST-101	Downtown Tech	Boston	North	C-1019	Robert Miller	1853.16	4	741.26	518.88	7190.26	PayPal
T-30020	2025-06-15	SKU-508	HP Air	Laptops	Air	HP	1860.38	ST-102	Lakeside Electronics	Chicago	Midwest	C-1020	John Miller	1731.94	3	519.58	363.71	5039.95	Credit Card
T-30021	2025-06-15	SKU-510	Sony Headphones	Audio	Headphones	Sony	208.61	ST-102	Lakeside Electronics	Chicago	Midwest	C-1021	David Williams	227.83	1	22.78	15.95	221.0	Credit Card
T-30022	2025-06-15	SKU-507	Sony XPS	Laptops	XPS	Sony	867.17	ST-101	Downtown Tech	Boston	North	C-1022	Elizabeth Smith	853.16	5	426.58	298.61	4137.83	Debit Card
T-30023	2025-06-15	SKU-510	Dell XPS	Laptops	XPS	Dell	553.5	ST-102	Lakeside Electronics	Chicago	Midwest	C-1023	Robert Jones	533.15	1	53.31	37.32	517.16	Apple Pay
T-30024	2025-06-15	SKU-502	Sony Headphones	Audio	Headphones	Sony	1121.51	ST-102	Lakeside Electronics	Chicago	Midwest	C-1024	Robert Garcia	1206.58	3	361.97	253.38	3511.15	PayPal
T-30025	2025-06-15	SKU-519	HP Buds	Audio	Buds	HP	1969.32	ST-101	Downtown Tech	Boston	North	C-1025	David Jones	2142.2	2	428.44	299.91	4155.87	Credit Card
T-30026	2025-06-15	SKU-508	Apple Headphones	Audio	Headphones	Apple	635.34	ST-101	Downtown Tech	Boston	North	C-1026	Jennifer Brown	636.03	3	190.81	133.57	1850.85	Credit Card
T-30027	2025-06-15	SKU-501	Bose Galaxy	Mobile	Galaxy	Bose	106.74	ST-101	Downtown Tech	Boston	North	C-1027	John Williams	107.84	4	43.14	30.2	418.42	Credit Card
T-30028	2025-06-15	SKU-504	Apple XPS	Laptops	XPS	Apple	1136.62	ST-102	Lakeside Electronics	Chicago	Midwest	C-1028	Elizabeth Williams	1051.93	3	315.58	220.91	3061.12	Credit Card
T-30029	2025-06-15	SKU-507	Dell XPS	Laptops	XPS	Dell	1367.17	ST-102	Lakeside Electronics	Chicago	Midwest	C-1029	David Miller	1483.59	2	296.72	207.7	2878.16	PayPal
T-30030	2025-06-15	SKU-510	HP Pro	Laptops	Pro	HP	1586.53	ST-102	Lakeside Electronics	Chicago	Midwest	C-1030	Patricia Jones	1677.72	1	167.77	117.44	1627.39	Credit Card
T-30031	2025-06-15	SKU-514	HP Pro	Laptops	Pro	HP	764.35	ST-101	Downtown Tech	Boston	North	C-1031	Patricia Smith	748.83	3	224.65	157.25	2179.09	Debit Card
T-30032	2025-06-15	SKU-517	Dell Buds	Audio	Buds	Dell	729.18	ST-101	Downtown Tech	Boston	North	C-1032	Mary Jones	740.93	3	222.28	155.6	2156.11	Credit Card
T-30033	2025-06-15	SKU-510	Sony Galaxy	Mobile	Galaxy	Sony	929.15	ST-101	Downtown Tech	Boston	North	C-1033	Michael Brown	844.48	4	337.79	236.45	3276.58	PayPal
T-30034	2025-06-15	SKU-510	Dell iPhone	Mobile	iPhone	Dell	1284.0	ST-101	Downtown Tech	Boston	North	C-1034	John Jones	1239.36	3	371.81	260.27	3606.54	PayPal
T-30035	2025-06-15	SKU-505	Samsung Galaxy	Mobile	Galaxy	Samsung	1269.48	ST-102	Lakeside Electronics	Chicago	Midwest	C-1035	Michael Smith	1215.38	4	486.15	340.31	4715.68	Debit Card
T-30036	2025-06-15	SKU-506	HP Galaxy	Mobile	Galaxy	HP	1071.23	ST-101	Downtown Tech	Boston	North	C-1036	Mary Jones	984.11	2	196.82	137.78	1909.18	Debit Card
T-30037	2025-06-15	SKU-500	Samsung Pro	Laptops	Pro	Samsung	187.81	ST-102	Lakeside Electronics	Chicago	Midwest	C-1037	Elizabeth Johnson	184.6	5	92.3	64.61	895.31	Apple Pay
T-30038	2025-06-15	SKU-504	HP iPhone	Mobile	iPhone	HP	1346.51	ST-101	Downtown Tech	Boston	North	C-1038	Mary Miller	1259.23	5	629.62	440.73	6107.26	Credit Card
T-30039	2025-06-15	SKU-514	Sony Pro	Laptops	Pro	Sony	353.34	ST-102	Lakeside Electronics	Chicago	Midwest	C-1039	David Garcia	361.3	5	180.65	126.46	1752.31	Apple Pay
T-30040	2025-06-15	SKU-514	Samsung Buds	Audio	Buds	Samsung	592.46	ST-101	Downtown Tech	Boston	North	C-1040	John Davis	565.75	1	56.58	39.6	548.77	Debit Card
T-30041	2025-06-15	SKU-510	Samsung Galaxy	Mobile	Galaxy	Samsung	1796.75	ST-101	Downtown Tech	Boston	North	C-1041	Robert Williams	1754.72	2	350.94	245.66	3404.16	PayPal
T-30042	2025-06-15	SKU-510	Apple Galaxy	Mobile	Galaxy	Apple	1130.96	ST-102	Lakeside Electronics	Chicago	Midwest	C-1042	James Brown	1105.96	5	552.98	387.09	5363.91	Credit Card
T-30043	2025-06-15	SKU-500	Sony Galaxy	Mobile	Galaxy	Sony	1891.21	ST-102	Lakeside Electronics	Chicago	Midwest	C-1043	Michael Miller	1886.76	3	566.03	396.22	5490.47	Apple Pay
T-30044	2025-06-15	SKU-512	Apple Galaxy	Mobile	Galaxy	Apple	1475.94	ST-102	Lakeside Electronics	Chicago	Midwest	C-1044	Robert Smith	1503.07	1	150.31	105.21	1457.97	Apple Pay
T-30045	2025-06-15	SKU-501	Samsung iPhone	Mobile	iPhone	Samsung	594.3	ST-102	Lakeside Electronics	Chicago	Midwest	C-1045	Patricia Davis	574.99	4	230.0	161.0	2230.96	Apple Pay
T-30046	2025-06-15	SKU-500	Dell Air	Laptops	Air	Dell	1523.15	ST-101	Downtown Tech	Boston	North	C-1046	Jennifer Brown	1608.82	1	160.88	112.62	1560.56	PayPal
T-30047	2025-06-15	SKU-504	Samsung XPS	Laptops	XPS	Samsung	553.24	ST-102	Lakeside Electronics	Chicago	Midwest	C-1047	Mary Brown	575.31	3	172.59	120.82	1674.16	Credit Card
T-30048	2025-06-15	SKU-518	Samsung iPhone	Mobile	iPhone	Samsung	148.79	ST-102	Lakeside Electronics	Chicago	Midwest	C-1048	Elizabeth Miller	161.93	2	32.39	22.67	314.14	PayPal
T-30049	2025-06-15	SKU-519	Apple Buds	Audio	Buds	Apple	1630.5	ST-101	Downtown Tech	Boston	North	C-1049	Jennifer Miller	1489.94	3	446.98	312.89	4335.73	Apple Pay
T-30050	2025-06-15	SKU-511	HP Air	Laptops	Air	HP	1307.61	ST-102	Lakeside Electronics	Chicago	Midwest	C-1050	Robert Miller	1368.75	3	410.62	287.44	3983.07	Apple Pay
T-30051	2025-06-15	SKU-510	HP Galaxy	Mobile	Galaxy	HP	1718.26	ST-101	Downtown Tech	Boston	North	C-1051	John Davis	1804.34	5	902.17	631.52	8751.05	Apple Pay
T-30052	2025-06-15	SKU-510	Dell Air	Laptops	Air	Dell	445.5	ST-101	Downtown Tech	Boston	North	C-1052	Jennifer Jones	425.87	5	212.94	149.05	2065.46	Debit Card
T-30053	2025-06-15	SKU-506	Sony XPS	Laptops	XPS	Sony	262.66	ST-102	Lakeside Electronics	Chicago	Midwest	C-1053	Linda Brown	270.32	4	108.13	75.69	1048.84	Credit Card
T-30054	2025-06-15	SKU-512	Apple iPhone	Mobile	iPhone	Apple	1414.4	ST-102	Lakeside Electronics	Chicago	Midwest	C-1054	Elizabeth Garcia	1429.53	3	428.86	300.2	4159.93	Debit Card
T-30055	2025-06-15	SKU-508	Dell Buds	Audio	Buds	Dell	682.58	ST-101	Downtown Tech	Boston	North	C-1055	Mary Brown	630.64	5	315.32	220.72	3058.6	PayPal
T-30056	2025-06-15	SKU-515	Samsung XPS	Laptops	XPS	Samsung	625.35	ST-102	Lakeside Electronics	Chicago	Midwest	C-1056	Mary Brown	591.27	2	118.25	82.78	1147.07	Credit Card
T-30057	2025-06-15	SKU-508	Bose Headphones	Audio	Headphones	Bose	186.48	ST-101	Downtown Tech	Boston	North	C-1057	David Jones	191.62	4	76.65	53.65	743.48	Credit Card
T-30058	2025-06-15	SKU-515	Sony Galaxy	Mobile	Galaxy	Sony	936.89	ST-101	Downtown Tech	Boston	North	C-1058	James Jones	864.58	1	86.46	60.52	838.64	Apple Pay
T-30059	2025-06-15	SKU-504	Apple Headphones	Audio	Headphones	Apple	383.48	ST-102	Lakeside Electronics	Chicago	Midwest	C-1059	Mary Brown	387.93	4	155.17	108.62	1505.17	PayPal
T-30060	2025-06-15	SKU-514	Sony Galaxy	Mobile	Galaxy	Sony	664.97	ST-102	Lakeside Electronics	Chicago	Midwest	C-1060	John Smith	724.5	2	144.9	101.43	1405.53	PayPal
T-30061	2025-06-15	SKU-505	Dell Headphones	Audio	Headphones	Dell	555.74	ST-101	Downtown Tech	Boston	North	C-1061	Robert Smith	550.24	5	275.12	192.58	2668.66	Debit Card
T-30062	2025-06-15	SKU-509	Apple Air	Laptops	Air	Apple	1435.68	ST-102	Lakeside Electronics	Chicago	Midwest	C-1062	Mary Brown	1518.33	5	759.16	531.42	7363.91	PayPal
T-30063	2025-06-15	SKU-507	HP XPS	Laptops	XPS	HP	1330.51	ST-102	Lakeside Electronics	Chicago	Midwest	C-1063	Robert Johnson	1241.61	3	372.48	260.74	3613.09	Debit Card
T-30064	2025-06-15	SKU-509	HP Air	Laptops	Air	HP	1429.49	ST-102	Lakeside Electronics	Chicago	Midwest	C-1064	David Davis	1309.54	1	130.95	91.67	1270.26	Debit Card
T-30065	2025-06-15	SKU-502	Sony iPhone	Mobile	iPhone	Sony	534.96	ST-101	Downtown Tech	Boston	North	C-1065	John Smith	531.8	4	212.72	148.9	2063.38	PayPal
T-30066	2025-06-15	SKU-502	Sony Galaxy	Mobile	Galaxy	Sony	993.02	ST-102	Lakeside Electronics	Chicago	Midwest	C-1066	Jennifer Garcia	1064.07	3	319.22	223.45	3096.44	Apple Pay
T-30067	2025-06-15	SKU-517	Dell Buds	Audio	Buds	Dell	169.72	ST-101	Downtown Tech	Boston	North	C-1067	Jennifer Jones	156.68	4	62.67	43.87	607.92	Credit Card
T-30068	2025-06-15	SKU-513	Bose Buds	Audio	Buds	Bose	202.99	ST-102	Lakeside Electronics	Chicago	Midwest	C-1068	Elizabeth Davis	213.55	2	42.71	29.9	414.29	PayPal
T-30069	2025-06-15	SKU-503	Dell Galaxy	Mobile	Galaxy	Dell	154.85	ST-101	Downtown Tech	Boston	North	C-1069	Robert Jones	156.47	1	15.65	10.95	151.77	Credit Card
T-30070	2025-06-15	SKU-504	HP XPS	Laptops	XPS	HP	1046.91	ST-102	Lakeside Electronics	Chicago	Midwest	C-1070	David Jones	-99.99	4	-40.0	-28.0	-387.96	Apple Pay
T-30071	2025-06-15	SKU-506	Sony Air	Laptops	Air	Sony	1851.55	ST-101	Downtown Tech	Boston	North	C-1071	Mary Jones	1792.25	5	896.12	627.29	8692.42	Credit Card
T-30072	2025-06-15	SKU-518	Dell Buds	Audio	Buds	Dell	1201.85	ST-102	Lakeside Electronics	Chicago	Midwest	C-1072	Robert Davis	1164.62	5	582.31	407.62	5648.41	Apple Pay
T-30073	2025-06-15	SKU-507	HP iPhone	Mobile	iPhone	HP	1186.42	ST-101	Downtown Tech	Boston	North	C-1073	Michael Smith	1244.48	4	497.79	348.45	4828.58	PayPal
T-30074	2025-06-15	SKU-516	HP Pro	Laptops	Pro	HP	1934.17	ST-102	Lakeside Electronics	Chicago	Midwest	C-1074	Mary Davis	1944.21	4	777.68	544.38	7543.54	PayPal
T-30075	2025-06-15	SKU-502	HP Headphones	Audio	Headphones	HP	992.03	ST-102	Lakeside Electronics	Chicago	Midwest	C-1075	Jennifer Miller	1061.82	5	530.91	371.64	5149.83	Debit Card
T-30076	2025-06-15	SKU-517	Bose Buds	Audio	Buds	Bose	168.21	ST-101	Downtown Tech	Boston	North	C-1076	Patricia Jones	176.51	4	70.6	49.42	684.86	Credit Card
T-30077	2025-06-15	SKU-509	HP XPS	Laptops	XPS	HP	1816.51	ST-101	Downtown Tech	Boston	North	C-1077	Jennifer Smith	1765.09	4	706.04	494.23	6848.55	PayPal
T-30078	2025-06-15	SKU-505	Sony iPhone	Mobile	iPhone	Sony	432.63	ST-102	Lakeside Electronics	Chicago	Midwest	C-1078	Elizabeth Brown	468.35	2	93.67	65.57	908.6	Apple Pay
T-30079	2025-06-15	SKU-508	Bose Galaxy	Mobile	Galaxy	Bose	1367.0	ST-102	Lakeside Electronics	Chicago	Midwest	C-1079	John Williams	1351.07	3	405.32	283.72	3931.61	Debit Card
T-30080	2025-13-45	SKU-514	Bose Galaxy	Mobile	Galaxy	Bose	1706.08	ST-101	Downtown Tech	Boston	North	C-1080	Michael Davis	1616.41	5	808.21	565.74	7839.58	Debit Card
T-30081	2025-06-15	SKU-512	Bose iPhone	Mobile	iPhone	Bose	621.51	ST-101	Downtown Tech	Boston	North	C-1081	Elizabeth Davis	655.79	2	131.16	91.81	1272.23	Debit Card
T-30082	2025-06-15	SKU-519	Samsung Headphones	Audio	Headphones	Samsung	576.19	ST-101	Downtown Tech	Boston	North	C-1082	Mary Smith	609.45	1	60.95	42.66	591.16	Debit Card
T-30083	2025-06-15	SKU-509	Bose Pro	Laptops	Pro	Bose	720.77	ST-102	Lakeside Electronics	Chicago	Midwest	C-1083	Robert Brown	762.07	3	228.62	160.03	2217.62	Debit Card
T-30084	2025-06-15	SKU-509	Samsung Galaxy	Mobile	Galaxy	Samsung	1518.46	ST-102	Lakeside Electronics	Chicago	Midwest	C-1084	Mary Davis	1409.36	2	281.87	197.31	2734.16	Apple Pay
T-30085	2025-06-15	SKU-512	Sony iPhone	Mobile	iPhone	Sony	126.45	ST-101	Downtown Tech	Boston	North	C-1085	Linda Garcia	128.59	3	38.58	27.0	374.19	PayPal
T-30086	2025-06-15	SKU-517	HP XPS	Laptops	XPS	HP	723.21	ST-101	Downtown Tech	Boston	North	C-1086	Mary Davis	744.8	1	74.48	52.14	722.46	Credit Card
T-30087	2025-06-15	SKU-503	Apple Galaxy	Mobile	Galaxy	Apple	284.66	ST-101	Downtown Tech	Boston	North	C-1087	Michael Davis	294.37	5	147.19	103.03	1427.69	PayPal
T-30088	2025-06-15	SKU-515	HP Headphones	Audio	Headphones	HP	1269.74	ST-102	Lakeside Electronics	Chicago	Midwest	C-1088	James Garcia	1255.36	2	251.07	175.75	2435.4	Credit Card
T-30089	2025-06-15	SKU-501	Bose Galaxy	Mobile	Galaxy	Bose	856.47	ST-101	Downtown Tech	Boston	North	C-1089	Mary Davis	884.35	5	442.18	309.52	4289.09	Credit Card
T-30090	2025-06-15	SKU-518	Dell Pro	Laptops	Pro	Dell	489.89	ST-101	Downtown Tech	Boston	North	C-1090	Elizabeth Brown	473.09	2	94.62	66.23	917.79	Credit Card
T-30091	2025-06-15	SKU-517	Dell Pro	Laptops	Pro	Dell	576.24	ST-101	Downtown Tech	Boston	North	C-1091	Mary Smith	520.33	2	104.07	72.85	1009.44	Debit Card
T-30092	2025-06-15	SKU-501	Apple Air	Laptops	Air	Apple	340.84	ST-102	Lakeside Electronics	Chicago	Midwest	C-1092	David Johnson	339.22	3	101.77	71.24	987.13	Credit Card
T-30093	2025-06-15	SKU-519	HP Headphones	Audio	Headphones	HP	182.39	ST-102	Lakeside Electronics	Chicago	Midwest	C-1093	Linda Smith	200.58	4	80.23	56.16	778.25	Credit Card
T-30094	2025-06-15	SKU-502	HP Buds	Audio	Buds	HP	1808.61	ST-102	Lakeside Electronics	Chicago	Midwest	C-1094	Elizabeth Williams	1673.4	5	836.7	585.69	8115.99	Debit Card
T-30095	2025-06-15	SKU-514	HP Buds	Audio	Buds	HP	1060.55	ST-102	Lakeside Electronics	Chicago	Midwest	C-1095	Mary Johnson	1045.72	2	209.14	146.4	2028.7	Debit Card
T-30096	2025-06-15	SKU-503	HP Galaxy	Mobile	Galaxy	HP	693.84	ST-102	Lakeside Electronics	Chicago	Midwest	C-1096	John Garcia	719.76	4	287.9	201.53	2792.67	Credit Card
T-30097	2025-06-15	SKU-503	Apple Air	Laptops	Air	Apple	1514.72	ST-102	Lakeside Electronics	Chicago	Midwest	C-1097	Robert Smith	1566.22	4	626.49	438.54	6076.93	Apple Pay
T-30098	2025-06-15	SKU-519	Bose Air	Laptops	Air	Bose	693.65	ST-101	Downtown Tech	Boston	North	C-1098	Elizabeth Brown	715.39	2	143.08	100.15	1387.85	Debit Card
T-30099	2025-06-15	SKU-508	Sony iPhone	Mobile	iPhone	Sony	1190.79	ST-102	Lakeside Electronics	Chicago	Midwest	C-1099	David Smith	1078.61	3	323.58	226.51	3138.76	Debit Card
T-30099	2025-06-15	SKU-505	Dell iPhone	Mobile	iPhone	Dell	1752.74	ST-102	Lakeside Electronics	Chicago	Midwest	C-1100	Mary Williams	1609.63	5	804.82	563.37	7806.7	Apple Pay
T-30101	2025-06-15	SKU-505	HP Galaxy	Mobile	Galaxy	HP	803.1	ST-102	Lakeside Electronics	Chicago	Midwest	C-1101	Elizabeth Johnson	747.78	5	373.89	261.72	3626.73	Credit Card
T-30102	2025-06-15	SKU-515	Dell Galaxy	Mobile	Galaxy	Dell	1253.44	ST-102	Lakeside Electronics	Chicago	Midwest	C-1102	John Brown	1214.63	1	121.46	85.02	1178.19	Apple Pay
T-30103	2025-06-15	SKU-501	Sony Buds	Audio	Buds	Sony	518.99	ST-101	Downtown Tech	Boston	North	C-1103	James Brown	565.21	2	113.04	79.13	1096.51	Debit Card
T-30104	2025-06-15	SKU-515	Dell Pro	Laptops	Pro	Dell	1519.33	ST-101	Downtown Tech	Boston	North	C-1104	Robert Miller	1519.41	3	455.82	319.08	4421.49	Apple Pay
T-30105	2025-06-15	SKU-500	Bose Air	Laptops	Air	Bose	973.53	ST-101	Downtown Tech	Boston	North	C-1105	Jennifer Miller	1014.32	4	405.73	284.01	3935.56	Credit Card
T-30106	2025-06-15	SKU-505	HP Air	Laptops	Air	HP	1622.51	ST-102	Lakeside Electronics	Chicago	Midwest	C-1106	Jennifer Johnson	1734.3	2	346.86	242.8	3364.54	Apple Pay
T-30107	2025-06-15	SKU-509	Sony Air	Laptops	Air	Sony	1517.03	ST-101	Downtown Tech	Boston	North	C-1107	Jennifer Williams	1520.21	1	152.02	106.41	1474.6	PayPal
T-30108	2025-06-15	SKU-507	Dell iPhone	Mobile	iPhone	Dell	295.33	ST-102	Lakeside Electronics	Chicago	Midwest	C-1108	Patricia Williams	310.7	1	31.07	21.75	301.38	Apple Pay
T-30109	2025-06-15	SKU-518	HP Buds	Audio	Buds	HP	1321.68	ST-102	Lakeside Electronics	Chicago	Midwest	C-1109	Jennifer Williams	1207.56	4	483.02	338.12	4685.34	Debit Card
T-30110	2025-06-15	SKU-511	Dell Headphones	Audio	Headphones	Dell	1063.94	ST-102	Lakeside Electronics	Chicago	Midwest	C-1110		969.65	3	290.89	203.63	2821.69	Credit Card
T-30111	2025-06-15	SKU-514	Sony Buds	Audio	Buds	Sony	1202.63	ST-101	Downtown Tech	Boston	North	C-1111	Linda Brown	1227.89	5	613.95	429.76	5955.26	Credit Card
T-30112	2025-06-15	SKU-502	HP Air	Laptops	Air	HP	1058.64	ST-101	Downtown Tech	Boston	North	C-1112	James Brown	1162.6	5	581.3	406.91	5638.61	PayPal
T-30113	2025-06-15	SKU-512	Dell Galaxy	Mobile	Galaxy	Dell	876.66	ST-102	Lakeside Electronics	Chicago	Midwest	C-1113	Elizabeth Smith	800.55	1	80.06	56.04	776.53	Apple Pay
T-30114	2025-06-15	SKU-510	Dell iPhone	Mobile	iPhone	Dell	254.85	ST-101	Downtown Tech	Boston	North	C-1114	Jennifer Jones	235.94	1	23.59	16.52	228.87	Apple Pay
T-30115	2025-06-15	SKU-516	Bose iPhone	Mobile	iPhone	Bose	277.56	ST-102	Lakeside Electronics	Chicago	Midwest	C-1115	David Garcia	269.93	2	53.99	37.79	523.66	Debit Card
T-30116	2025-06-15	SKU-504	HP Pro	Laptops	Pro	HP	394.4	ST-102	Lakeside Electronics	Chicago	Midwest	C-1116	Mary Smith	424.09	5	212.04	148.43	2056.84	Apple Pay
T-30117	2025-06-15	SKU-519	Samsung Pro	Laptops	Pro	Samsung	1637.18	ST-101	Downtown Tech	Boston	North	C-1117	Linda Smith	1592.75	2	318.55	222.99	3089.94	Debit Card
T-30118	2025-06-15	SKU-517	Bose iPhone	Mobile	iPhone	Bose	554.42	ST-102	Lakeside Electronics	Chicago	Midwest	C-1118	Patricia Garcia	550.17	3	165.05	115.54	1601.0	Apple Pay
T-30119	2025-06-15	SKU-504	Samsung XPS	Laptops	XPS	Samsung	1758.7	ST-101	Downtown Tech	Boston	North	C-1119	Linda Garcia	1833.06	5	916.53	641.57	8890.34	Debit Card
T-30120	2025-06-15	SKU-514	Apple Air	Laptops	Air	Apple	1820.08	ST-101	Downtown Tech	Boston	North	C-1120	Michael Johnson	1935.37	3	580.61	406.43	5631.93	Apple Pay
T-30121	2025-06-15	SKU-507	Apple Galaxy	Mobile	Galaxy	Apple	833.72	ST-101	Downtown Tech	Boston	North	C-1121	Jennifer Brown	803.49	1	80.35	56.24	779.38	Debit Card
T-30122	2025-06-15	SKU-509	Samsung Pro	Laptops	Pro	Samsung	1843.05	ST-102	Lakeside Electronics	Chicago	Midwest	C-1122	Robert Davis	1885.57	1	188.56	131.99	1829.0	Debit Card
T-30123	2025-06-15	SKU-519	Samsung XPS	Laptops	XPS	Samsung	1102.77	ST-101	Downtown Tech	Boston	North	C-1123	John Brown	1019.37	2	203.87	142.71	1977.58	Apple Pay
T-30124	2025-06-15	SKU-519	Apple Air	Laptops	Air	Apple	1118.5	ST-101	Downtown Tech	Boston	North	C-1124	Robert Jones	1007.0	3	302.1	211.47	2930.37	Apple Pay
T-30125	2025-06-15	SKU-516	Samsung Headphones	Audio	Headphones	Samsung	1951.84	ST-101	Downtown Tech	Boston	North	C-1125	David Smith	2097.58	1	209.76	146.83	2034.65	Apple Pay
T-30126	2025-06-15	SKU-511	Dell iPhone	Mobile	iPhone	Dell	1598.19	ST-102	Lakeside Electronics	Chicago	Midwest	C-1126	Patricia Johnson	1481.01	3	444.3	311.01	4309.74	Debit Card
T-30127	2025-06-15	SKU-514	Bose XPS	Laptops	XPS	Bose	1963.56	ST-102	Lakeside Electronics	Chicago	Midwest	C-1127	Robert Williams	2048.4	4	819.36	573.55	7947.79	Debit Card
T-30128	2025-06-15	SKU-501	Samsung Pro	Laptops	Pro	Samsung	699.63	ST-102	Lakeside Electronics	Chicago	Midwest	C-1128	David Miller	665.11	2	133.02	93.12	1290.32	Debit Card
T-30129	2025-06-15	SKU-508	Apple Buds	Audio	Buds	Apple	336.5	ST-102	Lakeside Electronics	Chicago	Midwest	C-1129	Michael Miller	363.06	4	145.22	101.66	1408.68	PayPal
T-30130	2025-06-15	SKU-511	HP Buds	Audio	Buds	HP	1856.19	ST-102	Lakeside Electronics	Chicago	Midwest	C-1130	MARY	1830.43	2	366.09	256.26	3551.03	Debit Card
T-30131	2025-06-15	SKU-510	Dell Pro	Laptops	Pro	Dell	1355.75	ST-102	Lakeside Electronics	Chicago	Midwest	C-1131	Linda Miller	1407.2	3	422.16	295.51	4094.95	Credit Card
T-30132	2025-06-15	SKU-508	Bose Galaxy	Mobile	Galaxy	Bose	1314.99	ST-101	Downtown Tech	Boston	North	C-1132	Mary Miller	1318.43	2	263.69	184.58	2557.75	PayPal
T-30133	2025-06-15	SKU-501	Sony Buds	Audio	Buds	Sony	339.84	ST-101	Downtown Tech	Boston	North	C-1133	Jennifer Garcia	370.39	1	37.04	25.93	359.28	PayPal
T-30134	2025-06-15	SKU-511	Bose Galaxy	Mobile	Galaxy	Bose	943.48	ST-101	Downtown Tech	Boston	North	C-1134	Elizabeth Williams	924.24	3	277.27	194.09	2689.54	Credit Card
T-30135	2025-06-15	SKU-515	Apple Headphones	Audio	Headphones	Apple	1083.72	ST-101	Downtown Tech	Boston	North	C-1135	John Jones	1021.85	5	510.93	357.65	4955.97	Apple Pay
T-30136	2025-06-15	SKU-502	Samsung Pro	Laptops	Pro	Samsung	958.88	ST-102	Lakeside Electronics	Chicago	Midwest	C-1136	Mary Garcia	999.06	5	499.53	349.67	4845.44	Debit Card
T-30137	2025-06-15	SKU-520	Dell XPS	Laptops	XPS	Dell	430.77	ST-102	Lakeside Electronics	Chicago	Midwest	C-1137	David Brown	472.57	2	94.51	66.16	916.79	Apple Pay
T-30138	2025-06-15	SKU-514	Apple Galaxy	Mobile	Galaxy	Apple	1626.96	ST-101	Downtown Tech	Boston	North	C-1138	Elizabeth Johnson	1564.9	4	625.96	438.17	6071.81	Apple Pay
T-30139	2025-06-15	SKU-504	HP Headphones	Audio	Headphones	HP	1947.52	ST-101	Downtown Tech	Boston	North	C-1139	Linda Davis	1802.75	5	901.38	630.96	8743.33	PayPal
T-30140	2025-06-15	SKU-503	Samsung iPhone	Mobile	iPhone	Samsung	1084.39	ST-102	Lakeside Electronics	Chicago	Midwest	C-1140	Robert Williams	-99.99	2	-20.0	-14.0	-193.98	Debit Card
T-30141	2025-06-15	SKU-520	Apple iPhone	Mobile	iPhone	Apple	1917.07	ST-102	Lakeside Electronics	Chicago	Midwest	C-1141	Robert Jones	1918.06	2	383.61	268.53	3721.04	PayPal
T-30142	2025-06-15	SKU-518	Samsung Buds	Audio	Buds	Samsung	178.27	ST-101	Downtown Tech	Boston	North	C-1142	Mary Smith	183.66	5	91.83	64.28	890.75	Credit Card
T-30143	2025-06-15	SKU-520	HP Buds	Audio	Buds	HP	1917.64	ST-102	Lakeside Electronics	Chicago	Midwest	C-1143	Patricia Miller	1899.82	1	189.98	132.99	1842.83	Apple Pay
T-30144	2025-06-15	SKU-506	HP Galaxy	Mobile	Galaxy	HP	746.37	ST-101	Downtown Tech	Boston	North	C-1144	Jennifer Garcia	817.33	2	163.47	114.43	1585.62	Credit Card
T-30145	2025-06-15	SKU-503	Dell Air	Laptops	Air	Dell	608.2	ST-101	Downtown Tech	Boston	North	C-1145	Robert Johnson	582.68	4	233.07	163.15	2260.8	Apple Pay
T-30146	2025-06-15	SKU-518	Samsung Air	Laptops	Air	Samsung	1470.14	ST-101	Downtown Tech	Boston	North	C-1146	Robert Davis	1469.78	3	440.93	308.65	4277.06	Credit Card
T-30147	2025-06-15	SKU-507	Apple Galaxy	Mobile	Galaxy	Apple	508.77	ST-102	Lakeside Electronics	Chicago	Midwest	C-1147	James Smith	508.25	4	203.3	142.31	1972.01	Credit Card
T-30148	2025-06-15	SKU-508	Apple iPhone	Mobile	iPhone	Apple	1482.27	ST-102	Lakeside Electronics	Chicago	Midwest	C-1148	Jennifer Smith	1349.21	5	674.61	472.22	6543.66	Debit Card
T-30149	2025-06-15	SKU-512	Sony iPhone	Mobile	iPhone	Sony	1058.09	ST-102	Lakeside Electronics	Chicago	Midwest	C-1149	Elizabeth Johnson	1158.63	4	463.45	324.42	4495.49	Debit Card
T-30150	"June 12, 2025"	SKU-506	Sony iPhone	Mobile	iPhone	Sony	1244.68	ST-102	Lakeside Electronics	Chicago	Midwest	C-1150	David Smith	1129.9	3	338.97	237.28	3288.01	Apple Pay
T-30151	2025-06-15	SKU-510	Samsung Headphones	Audio	Headphones	Samsung	1869.6	ST-102	Lakeside Electronics	Chicago	Midwest	C-1151	Robert Miller	1904.65	5	952.33	666.63	9237.55	Apple Pay
T-30152	2025-06-15	SKU-515	Bose Buds	Audio	Buds	Bose	1649.92	ST-102	Lakeside Electronics	Chicago	Midwest	C-1152	Jennifer Johnson	1677.54	1	167.75	117.43	1627.22	Apple Pay
T-30153	2025-06-15	SKU-501	Dell Headphones	Audio	Headphones	Dell	1208.69	ST-101	Downtown Tech	Boston	North	C-1153	David Miller	1286.45	2	257.29	180.1	2495.71	Credit Card
T-30154	2025-06-15	SKU-510	Samsung Air	Laptops	Air	Samsung	895.68	ST-102	Lakeside Electronics	Chicago	Midwest	C-1154	Patricia Miller	962.47	1	96.25	67.37	933.59	PayPal
T-30155	2025-06-15	SKU-510	Sony XPS	Laptops	XPS	Sony	1996.43	ST-102	Lakeside Electronics	Chicago	Midwest	C-1155	David Miller	2178.78	4	871.51	610.06	8453.67	Debit Card
T-30156	2025-06-15	SKU-519	Sony Galaxy	Mobile	Galaxy	Sony	1019.94	ST-101	Downtown Tech	Boston	North	C-1156	John Jones	1110.0	3	333.0	233.1	3230.1	PayPal
T-30157	2025-06-15	SKU-510	Bose Buds	Audio	Buds	Bose	1011.63	ST-102	Lakeside Electronics	Chicago	Midwest	C-1157	John Johnson	1091.7	4	436.68	305.68	4235.8	PayPal
T-30158	2025-06-15	SKU-502	Dell Air	Laptops	Air	Dell	758.09	ST-102	Lakeside Electronics	Chicago	Midwest	C-1158	John Davis	712.92	5	356.46	249.52	3457.66	Debit Card
T-30159	2025-06-15	SKU-518	Samsung XPS	Laptops	XPS	Samsung	554.64	ST-101	Downtown Tech	Boston	North	C-1159	David Brown	505.0	4	202.0	141.4	1959.4	Apple Pay
T-30160	2025-13-45	SKU-500	Apple Headphones	Audio	Headphones	Apple	1932.59	ST-101	Downtown Tech	Boston	North	C-1160	Michael Davis	1990.78	3	597.23	418.06	5793.17	Debit Card
T-30161	2025-06-15	SKU-520	Bose Pro	Laptops	Pro	Bose	1190.85	ST-101	Downtown Tech	Boston	North	C-1161	Robert Miller	1294.2	1	129.42	90.59	1255.37	Apple Pay
T-30162	2025-06-15	SKU-501	Samsung Buds	Audio	Buds	Samsung	117.61	ST-101	Downtown Tech	Boston	North	C-1162	Jennifer Jones	129.11	5	64.56	45.19	626.18	Apple Pay
T-30163	2025-06-15	SKU-508	Samsung Buds	Audio	Buds	Samsung	466.34	ST-101	Downtown Tech	Boston	North	C-1163	Jennifer Williams	480.17	2	96.03	67.22	931.53	Debit Card
T-30164	2025-06-15	SKU-505	Dell Headphones	Audio	Headphones	Dell	1260.81	ST-102	Lakeside Electronics	Chicago	Midwest	C-1164	Michael Garcia	1235.8	1	123.58	86.51	1198.73	PayPal
T-30165	2025-06-15	SKU-500	HP iPhone	Mobile	iPhone	HP	595.49	ST-101	Downtown Tech	Boston	North	C-1165	Linda Jones	571.9	5	285.95	200.17	2773.72	Debit Card
T-30166	2025-06-15	SKU-501	Bose iPhone	Mobile	iPhone	Bose	1368.79	ST-102	Lakeside Electronics	Chicago	Midwest	C-1166	John Williams	1419.73	3	425.92	298.14	4131.41	Credit Card
T-30167	2025-06-15	SKU-519	Bose Galaxy	Mobile	Galaxy	Bose	519.61	ST-101	Downtown Tech	Boston	North	C-1167	Linda Williams	545.36	5	272.68	190.88	2645.0	Apple Pay
T-30168	2025-06-15	SKU-517	Bose Buds	Audio	Buds	Bose	1623.79	ST-101	Downtown Tech	Boston	North	C-1168	Patricia Johnson	1632.94	3	489.88	342.92	4751.86	Credit Card
T-30169	2025-06-15	SKU-518	Apple Headphones	Audio	Headphones	Apple	1119.65	ST-101	Downtown Tech	Boston	North	C-1169	Jennifer Davis	1160.02	5	580.01	406.01	5626.1	Credit Card
T-30170	2025-06-15	SKU-514	Sony iPhone	Mobile	iPhone	Sony	350.69	ST-102	Lakeside Electronics	Chicago	Midwest	C-1170	Linda Smith	362.81	3	108.84	76.19	1055.78	Credit Card
T-30171	2025-06-15	SKU-506	HP iPhone	Mobile	iPhone	HP	1198.79	ST-101	Downtown Tech	Boston	North	C-1171	Michael Garcia	1208.66	1	120.87	84.61	1172.4	Apple Pay
T-30172	2025-06-15	SKU-505	Apple Galaxy	Mobile	Galaxy	Apple	1561.05	ST-102	Lakeside Electronics	Chicago	Midwest	C-1172	Jennifer Miller	1676.45	4	670.58	469.41	6504.63	Credit Card
T-30173	2025-06-15	SKU-520	Bose Headphones	Audio	Headphones	Bose	1734.54	ST-101	Downtown Tech	Boston	North	C-1173	Robert Miller	1813.59	2	362.72	253.9	3518.36	Credit Card
T-30174	2025-06-15	SKU-517	Dell Galaxy	Mobile	Galaxy	Dell	820.63	ST-101	Downtown Tech	Boston	North	C-1174	Patricia Davis	764.03	2	152.81	106.96	1482.21	Credit Card
T-30175	2025-06-15	SKU-519	Apple Buds	Audio	Buds	Apple	1555.5	ST-101	Downtown Tech	Boston	North	C-1175	Patricia Brown	1431.34	1	143.13	100.19	1388.4	Credit Card
T-30176	2025-06-15	SKU-512	Samsung Headphones	Audio	Headphones	Samsung	934.03	ST-101	Downtown Tech	Boston	North	C-1176	James Williams	884.37	5	442.19	309.53	4289.19	Debit Card
T-30177	2025-06-15	SKU-516	Samsung iPhone	Mobile	iPhone	Samsung	519.98	ST-102	Lakeside Electronics	Chicago	Midwest	C-1177	John Smith	533.08	4	213.23	149.26	2068.35	Apple Pay
T-30178	2025-06-15	SKU-516	Apple Galaxy	Mobile	Galaxy	Apple	705.6	ST-102	Lakeside Electronics	Chicago	Midwest	C-1178	Michael Williams	688.17	5	344.09	240.86	3337.62	PayPal
T-30179	2025-06-15	SKU-514	Samsung iPhone	Mobile	iPhone	Samsung	1838.01	ST-102	Lakeside Electronics	Chicago	Midwest	C-1179	Michael Williams	1743.48	2	348.7	244.09	3382.35	Credit Card
T-30180	2025-06-15	SKU-517	HP iPhone	Mobile	iPhone	HP	1476.71	ST-101	Downtown Tech	Boston	North	C-1180	James Jones	1528.0	5	764.0	534.8	7410.8	Credit Card
T-30181	2025-06-15	SKU-515	Samsung Headphones	Audio	Headphones	Samsung	496.89	ST-102	Lakeside Electronics	Chicago	Midwest	C-1181	John Smith	540.33	1	54.03	37.82	524.12	Apple Pay
T-30182	2025-06-15	SKU-512	Samsung Headphones	Audio	Headphones	Samsung	1838.74	ST-102	Lakeside Electronics	Chicago	Midwest	C-1182	John Miller	1851.11	3	555.33	388.73	5386.73	Debit Card
T-30183	2025-06-15	SKU-514	Dell Buds	Audio	Buds	Dell	287.36	ST-102	Lakeside Electronics	Chicago	Midwest	C-1183	Jennifer Brown	276.61	1	27.66	19.36	268.31	PayPal
T-30184	2025-06-15	SKU-508	Bose Pro	Laptops	Pro	Bose	1151.29	ST-102	Lakeside Electronics	Chicago	Midwest	C-1184	John Williams	1112.12	4	444.85	311.39	4315.02	PayPal
T-30185	2025-06-15	SKU-508	HP Buds	Audio	Buds	HP	1550.39	ST-102	Lakeside Electronics	Chicago	Midwest	C-1185	Linda Davis	1622.57	3	486.77	340.74	4721.68	PayPal
T-30186	2025-06-15	SKU-505	Bose Buds	Audio	Buds	Bose	1842.11	ST-101	Downtown Tech	Boston	North	C-1186	David Smith	2006.13	1	200.61	140.43	1945.95	Apple Pay
T-30187	2025-06-15	SKU-502	Samsung Headphones	Audio	Headphones	Samsung	1443.62	ST-101	Downtown Tech	Boston	North	C-1187	Patricia Davis	1316.71	5	658.36	460.85	6386.04	Apple Pay
T-30188	2025-06-15	SKU-517	Apple XPS	Laptops	XPS	Apple	881.54	ST-101	Downtown Tech	Boston	North	C-1188	David Jones	796.41	4	318.56	222.99	3090.07	Credit Card
T-30189	2025-06-15	SKU-507	Apple Headphones	Audio	Headphones	Apple	464.67	ST-102	Lakeside Electronics	Chicago	Midwest	C-1189	Jennifer Jones	425.55	4	170.22	119.15	1651.13	PayPal
T-30190	2025-06-15	SKU-502	Bose Air	Laptops	Air	Bose	1342.1	ST-101	Downtown Tech	Boston	North	C-1190	Mary Miller	1309.13	4	523.65	366.56	5079.43	Credit Card
T-30191	2025-06-15	SKU-515	Bose Pro	Laptops	Pro	Bose	1706.13	ST-102	Lakeside Electronics	Chicago	Midwest	C-1191	Elizabeth Johnson	1613.92	5	806.96	564.87	7827.51	Debit Card
T-30192	2025-06-15	SKU-508	Apple XPS	Laptops	XPS	Apple	1808.69	ST-101	Downtown Tech	Boston	North	C-1192	Robert Garcia	1975.62	5	987.81	691.47	9581.76	Apple Pay
T-30193	2025-06-15	SKU-518	Apple iPhone	Mobile	iPhone	Apple	556.9	ST-102	Lakeside Electronics	Chicago	Midwest	C-1193	David Garcia	585.37	2	117.07	81.95	1135.62	Credit Card
T-30194	2025-06-15	SKU-501	Sony Buds	Audio	Buds	Sony	285.6	ST-101	Downtown Tech	Boston	North	C-1194	Mary Garcia	312.38	3	93.71	65.6	909.03	Debit Card
T-30195	2025-06-15	SKU-511	HP iPhone	Mobile	iPhone	HP	1150.77	ST-102	Lakeside Electronics	Chicago	Midwest	C-1195	Michael Williams	1055.42	5	527.71	369.4	5118.79	PayPal
T-30196	2025-06-15	SKU-508	Bose Pro	Laptops	Pro	Bose	393.02	ST-101	Downtown Tech	Boston	North	C-1196	Michael Garcia	362.09	1	36.21	25.35	351.23	Apple Pay
T-30197	2025-06-15	SKU-504	Dell iPhone	Mobile	iPhone	Dell	265.86	ST-102	Lakeside Electronics	Chicago	Midwest	C-1197	Linda Miller	240.67	3	72.2	50.54	700.35	Credit Card
T-30198	2025-06-15	SKU-512	Sony Buds	Audio	Buds	Sony	123.45	ST-102	Lakeside Electronics	Chicago	Midwest	C-1198	Michael Johnson	125.23	2	25.05	17.53	242.94	Apple Pay
T-30199	2025-06-15	SKU-509	Samsung Air	Laptops	Air	Samsung	609.97	ST-101	Downtown Tech	Boston	North	C-1199	Mary Williams	582.64	3	174.79	122.35	1695.48	Credit Card
T-30199	2025-06-15	SKU-520	Dell iPhone	Mobile	iPhone	Dell	1042.02	ST-101	Downtown Tech	Boston	North	C-1200	Linda Johnson	1001.31	0	0.0	0.0	0.0	Apple Pay
T-30201	2025-06-15	SKU-513	Dell Galaxy	Mobile	Galaxy	Dell	1649.4	ST-101	Downtown Tech	Boston	North	C-1201	John Garcia	1642.48	2	328.5	229.95	3186.41	Debit Card
T-30202	2025-06-15	SKU-518	Dell Buds	Audio	Buds	Dell	1585.75	ST-102	Lakeside Electronics	Chicago	Midwest	C-1202	Michael Jones	1542.94	5	771.47	540.03	7483.26	PayPal
T-30203	2025-06-15	SKU-514	Bose Headphones	Audio	Headphones	Bose	1891.65	ST-101	Downtown Tech	Boston	North	C-1203	Linda Jones	2012.32	4	804.93	563.45	7807.8	Apple Pay
T-30204	2025-06-15	SKU-507	Samsung Buds	Audio	Buds	Samsung	580.1	ST-101	Downtown Tech	Boston	North	C-1204	Michael Miller	574.19	5	287.1	200.97	2784.82	Apple Pay
T-30205	2025-06-15	SKU-517	Sony Buds	Audio	Buds	Sony	169.85	ST-102	Lakeside Electronics	Chicago	Midwest	C-1205	David Johnson	178.99	3	53.7	37.59	520.86	Credit Card
T-30206	2025-06-15	SKU-510	Sony Buds	Audio	Buds	Sony	1934.86	ST-102	Lakeside Electronics	Chicago	Midwest	C-1206	Mary Smith	1841.5	5	920.75	644.53	8931.28	PayPal
T-30207	2025-06-15	SKU-514	HP Galaxy	Mobile	Galaxy	HP	1567.45	ST-101	Downtown Tech	Boston	North	C-1207	Jennifer Smith	1443.48	4	577.39	404.17	5600.7	Credit Card
T-30208	2025-06-15	SKU-509	Bose Air	Laptops	Air	Bose	751.83	ST-101	Downtown Tech	Boston	North	C-1208	David Davis	748.25	4	299.3	209.51	2903.21	Apple Pay
T-30209	2025-06-15	SKU-501	Dell Air	Laptops	Air	Dell	1639.35	ST-101	Downtown Tech	Boston	North	C-1209	James Garcia	1697.43	2	339.49	237.64	3293.01	PayPal
T-30210	2025-06-15	SKU-505	Sony XPS	Laptops	XPS	Sony	728.88	ST-102	Lakeside Electronics	Chicago	Midwest	C-1210	Linda Brown	-99.99	2	-20.0	-14.0	-193.98	Apple Pay
T-30211	2025-06-15	SKU-519	HP XPS	Laptops	XPS	HP	1777.89	ST-102	Lakeside Electronics	Chicago	Midwest	C-1211	Elizabeth Miller	1601.68	2	320.34	224.24	3107.26	Debit Card
T-30212	2025-06-15	SKU-503	Bose XPS	Laptops	XPS	Bose	1619.05	ST-101	Downtown Tech	Boston	North	C-1212	Jennifer Garcia	1605.3	3	481.59	337.11	4671.42	Apple Pay
T-30213	2025-06-15	SKU-519	Sony Buds	Audio	Buds	Sony	838.41	ST-102	Lakeside Electronics	Chicago	Midwest	C-1213	Elizabeth Johnson	813.59	4	325.44	227.81	3156.73	PayPal
T-30214	2025-06-15	SKU-519	Bose Buds	Audio	Buds	Bose	1221.32	ST-101	Downtown Tech	Boston	North	C-1214	Jennifer Johnson	1173.78	2	234.76	164.33	2277.13	PayPal
T-30215	2025-06-15	SKU-519	Sony Galaxy	Mobile	Galaxy	Sony	361.95	ST-102	Lakeside Electronics	Chicago	Midwest	C-1215	Michael Williams	371.76	2	74.35	52.05	721.22	PayPal
T-30216	2025-06-15	SKU-505	HP iPhone	Mobile	iPhone	HP	697.7	ST-102	Lakeside Electronics	Chicago	Midwest	C-1216	Elizabeth Smith	760.75	4	304.3	213.01	2951.71	PayPal
T-30217	2025-06-15	SKU-513	HP Buds	Audio	Buds	HP	1400.92	ST-102	Lakeside Electronics	Chicago	Midwest	C-1217	Linda Davis	1283.99	1	128.4	89.88	1245.47	Debit Card
T-30218	2025-06-15	SKU-517	Apple iPhone	Mobile	iPhone	Apple	648.47	ST-102	Lakeside Electronics	Chicago	Midwest	C-1218	Elizabeth Davis	657.9	3	197.37	138.16	1914.49	Debit Card
T-30219	2025-06-15	SKU-514	Sony XPS	Laptops	XPS	Sony	1138.07	ST-102	Lakeside Electronics	Chicago	Midwest	C-1219	Mary Brown	1223.38	1	122.34	85.64	1186.68	Debit Card
T-30220	2025-06-15	SKU-503	Dell Air	Laptops	Air	Dell	1573.7	ST-101	Downtown Tech	Boston	North	C-1220		1468.57	2	293.71	205.6	2849.03	PayPal
T-30221	2025-06-15	SKU-517	Apple Buds	Audio	Buds	Apple	634.06	ST-101	Downtown Tech	Boston	North	C-1221	Jennifer Jones	643.28	5	321.64	225.15	3119.91	Credit Card
T-30222	2025-06-15	SKU-508	Samsung iPhone	Mobile	iPhone	Samsung	1747.39	ST-101	Downtown Tech	Boston	North	C-1222	Robert Brown	1821.27	2	364.25	254.98	3533.27	Apple Pay
T-30223	2025-06-15	SKU-520	HP XPS	Laptops	XPS	HP	610.56	ST-102	Lakeside Electronics	Chicago	Midwest	C-1223	Michael Davis	626.88	1	62.69	43.88	608.07	Debit Card
T-30224	2025-06-15	SKU-515	Bose Galaxy	Mobile	Galaxy	Bose	721.85	ST-101	Downtown Tech	Boston	North	C-1224	Mary Davis	772.39	5	386.19	270.34	3746.1	PayPal
T-30225	2025-06-15	SKU-508	HP Air	Laptops	Air	HP	713.44	ST-102	Lakeside Electronics	Chicago	Midwest	C-1225	Jennifer Williams	754.58	1	75.46	52.82	731.94	Credit Card
T-30226	2025-06-15	SKU-503	Bose iPhone	Mobile	iPhone	Bose	1865.92	ST-101	Downtown Tech	Boston	North	C-1226	Linda Davis	2049.47	4	819.79	573.85	7951.94	PayPal
T-30227	2025-06-15	SKU-508	Bose iPhone	Mobile	iPhone	Bose	277.35	ST-102	Lakeside Electronics	Chicago	Midwest	C-1227	John Johnson	286.48	2	57.3	40.11	555.77	Apple Pay
T-30228	2025-06-15	SKU-513	Bose iPhone	Mobile	iPhone	Bose	1345.42	ST-101	Downtown Tech	Boston	North	C-1228	James Brown	1231.85	5	615.93	431.15	5974.47	Apple Pay
T-30229	2025-06-15	SKU-510	Apple XPS	Laptops	XPS	Apple	1652.51	ST-102	Lakeside Electronics	Chicago	Midwest	C-1229	Robert Davis	1562.93	1	156.29	109.41	1516.05	Credit Card
T-30230	2025-06-15	SKU-509	Apple Galaxy	Mobile	Galaxy	Apple	360.55	ST-101	Downtown Tech	Boston	North	C-1230	Robert Johnson	368.51	2	73.7	51.59	714.91	Debit Card
T-30231	2025-06-15	SKU-504	Bose XPS	Laptops	XPS	Bose	1847.8	ST-102	Lakeside Electronics	Chicago	Midwest	C-1231	Patricia Johnson	1714.76	1	171.48	120.03	1663.31	Apple Pay
T-30232	2025-06-15	SKU-504	Dell Galaxy	Mobile	Galaxy	Dell	570.79	ST-101	Downtown Tech	Boston	North	C-1232	Patricia Jones	610.5	3	183.15	128.21	1776.56	PayPal
T-30233	2025-06-15	SKU-520	Bose Galaxy	Mobile	Galaxy	Bose	203.68	ST-101	Downtown Tech	Boston	North	C-1233	Linda Miller	193.13	5	96.56	67.6	936.69	Credit Card
T-30234	2025-06-15	SKU-512	Dell iPhone	Mobile	iPhone	Dell	1735.55	ST-102	Lakeside Electronics	Chicago	Midwest	C-1234	Jennifer Williams	1893.3	1	189.33	132.53	1836.5	Credit Card
T-30235	2025-06-15	SKU-501	Apple iPhone	Mobile	iPhone	Apple	1852.9	ST-102	Lakeside Electronics	Chicago	Midwest	C-1235	David Jones	1824.58	4	729.83	510.88	7079.37	PayPal
T-30236	2025-06-15	SKU-502	Dell Air	Laptops	Air	Dell	1071.48	ST-101	Downtown Tech	Boston	North	C-1236	Robert Garcia	1090.0	1	109.0	76.3	1057.3	Apple Pay
T-30237	2025-06-15	SKU-507	Bose Pro	Laptops	Pro	Bose	263.8	ST-102	Lakeside Electronics	Chicago	Midwest	C-1237	Mary Davis	253.74	2	50.75	35.52	492.25	Credit Card
T-30238	2025-06-15	SKU-500	Bose XPS	Laptops	XPS	Bose	411.28	ST-102	Lakeside Electronics	Chicago	Midwest	C-1238	David Jones	400.74	3	120.22	84.16	1166.16	Credit Card
T-30239	2025-06-15	SKU-508	Apple Galaxy	Mobile	Galaxy	Apple	1095.32	ST-102	Lakeside Electronics	Chicago	Midwest	C-1239	Elizabeth Johnson	1085.51	3	325.65	227.96	3158.84	Apple Pay
T-30240	2025-13-45	SKU-505	Sony Air	Laptops	Air	Sony	584.72	ST-101	Downtown Tech	Boston	North	C-1240	Elizabeth Johnson	612.88	1	61.29	42.9	594.49	Credit Card
T-30241	2025-06-15	SKU-511	Samsung Air	Laptops	Air	Samsung	827.66	ST-101	Downtown Tech	Boston	North	C-1241	Robert Smith	782.06	2	156.41	109.49	1517.2	Debit Card
T-30242	2025-06-15	SKU-511	Dell XPS	Laptops	XPS	Dell	326.86	ST-101	Downtown Tech	Boston	North	C-1242	Robert Brown	356.54	1	35.65	24.96	345.85	Debit Card
T-30243	2025-06-15	SKU-517	Dell iPhone	Mobile	iPhone	Dell	967.82	ST-102	Lakeside Electronics	Chicago	Midwest	C-1243	Patricia Jones	1014.19	2	202.84	141.99	1967.53	Debit Card
T-30244	2025-06-15	SKU-517	Sony iPhone	Mobile	iPhone	Sony	1544.92	ST-101	Downtown Tech	Boston	North	C-1244	Robert Smith	1397.82	5	698.91	489.24	6779.43	Credit Card
T-30245	2025-06-15	SKU-512	Dell XPS	Laptops	XPS	Dell	1713.11	ST-102	Lakeside Electronics	Chicago	Midwest	C-1245	Mary Brown	1685.64	1	168.56	117.99	1635.07	Debit Card
T-30246	2025-06-15	SKU-516	Apple Pro	Laptops	Pro	Apple	884.81	ST-102	Lakeside Electronics	Chicago	Midwest	C-1246	Linda Johnson	885.77	4	354.31	248.02	3436.79	Credit Card
T-30247	2025-06-15	SKU-507	HP Headphones	Audio	Headphones	HP	654.18	ST-102	Lakeside Electronics	Chicago	Midwest	C-1247	Michael Garcia	648.0	2	129.6	90.72	1257.12	PayPal
T-30248	2025-06-15	SKU-504	Samsung Headphones	Audio	Headphones	Samsung	300.75	ST-102	Lakeside Electronics	Chicago	Midwest	C-1248	Linda Garcia	277.94	3	83.38	58.37	808.81	Apple Pay
T-30249	2025-06-15	SKU-503	Dell Galaxy	Mobile	Galaxy	Dell	271.8	ST-102	Lakeside Electronics	Chicago	Midwest	C-1249	Elizabeth Smith	290.06	3	87.02	60.91	844.07	Credit Card
	2025-06-15	SKU-512	Bose Air	Laptops	Air	Bose	1075.57	ST-102	Lakeside Electronics	Chicago	Midwest	C-1250	John Williams	1172.82	4	469.13	328.39	4550.54	PayPal
T-30251	2025-06-15	SKU-504	Apple iPhone	Mobile	iPhone	Apple	330.76	ST-101	Downtown Tech	Boston	North	C-1251	Patricia Williams	352.17	3	105.65	73.96	1024.82	Credit Card
T-30252	2025-06-15	SKU-502	Sony Buds	Audio	Buds	Sony	141.42	ST-101	Downtown Tech	Boston	North	C-1252	Patricia Davis	129.88	3	38.96	27.27	377.95	Credit Card
T-30253	2025-06-15	SKU-518	HP Pro	Laptops	Pro	HP	923.0	ST-102	Lakeside Electronics	Chicago	Midwest	C-1253	Linda Smith	956.82	2	191.36	133.95	1856.23	PayPal
T-30254	2025-06-15	SKU-514	Samsung Galaxy	Mobile	Galaxy	Samsung	1778.51	ST-101	Downtown Tech	Boston	North	C-1254	Elizabeth Brown	1778.12	5	889.06	622.34	8623.88	Credit Card
T-30255	2025-06-15	SKU-504	Apple Galaxy	Mobile	Galaxy	Apple	896.55	ST-101	Downtown Tech	Boston	North	C-1255	David Smith	947.1	3	284.13	198.89	2756.06	Apple Pay
T-30256	2025-06-15	SKU-512	Dell Buds	Audio	Buds	Dell	613.83	ST-101	Downtown Tech	Boston	North	C-1256	Jennifer Brown	662.42	3	198.73	139.11	1927.64	Apple Pay
T-30257	2025-06-15	SKU-505	Sony iPhone	Mobile	iPhone	Sony	290.26	ST-101	Downtown Tech	Boston	North	C-1257	John Smith	294.65	4	117.86	82.5	1143.24	PayPal
T-30258	2025-06-15	SKU-510	Samsung XPS	Laptops	XPS	Samsung	1631.8	ST-102	Lakeside Electronics	Chicago	Midwest	C-1258	Elizabeth Smith	1777.87	5	888.93	622.25	8622.67	PayPal
T-30259	2025-06-15	SKU-505	HP Buds	Audio	Buds	HP	1031.83	ST-101	Downtown Tech	Boston	North	C-1259	James Brown	932.76	4	373.1	261.17	3619.11	Debit Card
T-30260	2025-06-15	SKU-510	Sony Pro	Laptops	Pro	Sony	1462.18	ST-102	Lakeside Electronics	Chicago	Midwest	C-1260	JAMES	1487.51	2	297.5	208.25	2885.77	Debit Card
T-30261	2025-06-15	SKU-518	Apple Galaxy	Mobile	Galaxy	Apple	291.96	ST-102	Lakeside Electronics	Chicago	Midwest	C-1261	Jennifer Williams	305.53	4	122.21	85.55	1185.46	Apple Pay
T-30262	2025-06-15	SKU-517	Bose iPhone	Mobile	iPhone	Bose	1417.76	ST-102	Lakeside Electronics	Chicago	Midwest	C-1262	Patricia Williams	1362.98	3	408.89	286.23	3966.28	PayPal
T-30263	2025-06-15	SKU-518	Bose XPS	Laptops	XPS	Bose	844.04	ST-101	Downtown Tech	Boston	North	C-1263	Robert Garcia	867.61	1	86.76	60.73	841.58	PayPal
T-30264	2025-06-15	SKU-507	Dell Headphones	Audio	Headphones	Dell	758.94	ST-102	Lakeside Electronics	Chicago	Midwest	C-1264	Robert Johnson	750.84	3	225.25	157.68	2184.95	PayPal
T-30265	2025-06-15	SKU-508	Bose Air	Laptops	Air	Bose	1595.34	ST-101	Downtown Tech	Boston	North	C-1265	James Miller	1669.55	2	333.91	233.74	3238.93	Apple Pay
T-30266	2025-06-15	SKU-503	HP Galaxy	Mobile	Galaxy	HP	1674.73	ST-101	Downtown Tech	Boston	North	C-1266	Robert Davis	1774.94	1	177.49	124.25	1721.7	Credit Card
T-30267	2025-06-15	SKU-502	Dell iPhone	Mobile	iPhone	Dell	749.44	ST-102	Lakeside Electronics	Chicago	Midwest	C-1267	Robert Johnson	725.15	5	362.58	253.8	3516.97	Credit Card
T-30268	2025-06-15	SKU-519	HP Headphones	Audio	Headphones	HP	1790.53	ST-101	Downtown Tech	Boston	North	C-1268	James Johnson	1685.09	2	337.02	235.91	3269.07	Debit Card
T-30269	2025-06-15	SKU-507	Bose Galaxy	Mobile	Galaxy	Bose	282.24	ST-102	Lakeside Electronics	Chicago	Midwest	C-1269	Elizabeth Davis	257.09	1	25.71	18.0	249.38	Credit Card
T-30270	2025-06-15	SKU-506	Dell Buds	Audio	Buds	Dell	284.28	ST-101	Downtown Tech	Boston	North	C-1270	Robert Jones	282.78	1	28.28	19.79	274.29	Apple Pay
T-30271	2025-06-15	SKU-502	HP Galaxy	Mobile	Galaxy	HP	1319.55	ST-102	Lakeside Electronics	Chicago	Midwest	C-1271	Robert Garcia	1285.08	4	514.03	359.82	4986.11	Debit Card
T-30272	2025-06-15	SKU-507	HP Galaxy	Mobile	Galaxy	HP	1690.45	ST-101	Downtown Tech	Boston	North	C-1272	Robert Johnson	1747.3	5	873.65	611.56	8474.41	PayPal
T-30273	2025-06-15	SKU-516	Sony Air	Laptops	Air	Sony	895.4	ST-102	Lakeside Electronics	Chicago	Midwest	C-1273	Elizabeth Brown	859.38	4	343.75	240.63	3334.4	Credit Card
T-30274	2025-06-15	SKU-503	Sony Headphones	Audio	Headphones	Sony	1903.58	ST-102	Lakeside Electronics	Chicago	Midwest	C-1274	Robert Williams	2021.02	2	404.2	282.94	3920.78	Apple Pay
T-30275	2025-06-15	SKU-506	Apple Buds	Audio	Buds	Apple	1994.81	ST-101	Downtown Tech	Boston	North	C-1275	Elizabeth Jones	2158.71	1	215.87	151.11	2093.95	Apple Pay
T-30276	2025-06-15	SKU-508	Sony Galaxy	Mobile	Galaxy	Sony	1087.41	ST-101	Downtown Tech	Boston	North	C-1276	Elizabeth Miller	1068.8	2	213.76	149.63	2073.47	Credit Card
T-30277	2025-06-15	SKU-509	Apple Headphones	Audio	Headphones	Apple	1748.2	ST-102	Lakeside Electronics	Chicago	Midwest	C-1277	Michael Jones	1802.32	5	901.16	630.81	8741.25	Apple Pay
T-30278	2025-06-15	SKU-512	Apple Air	Laptops	Air	Apple	373.32	ST-102	Lakeside Electronics	Chicago	Midwest	C-1278	James Miller	387.54	1	38.75	27.13	375.92	Apple Pay
T-30279	2025-06-15	SKU-510	Dell iPhone	Mobile	iPhone	Dell	1653.03	ST-102	Lakeside Electronics	Chicago	Midwest	C-1279	John Jones	1771.46	1	177.15	124.0	1718.31	PayPal
T-30280	2025-06-15	SKU-510	Dell Buds	Audio	Buds	Dell	611.9	ST-102	Lakeside Electronics	Chicago	Midwest	C-1280	Elizabeth Johnson	-99.99	4	-40.0	-28.0	-387.96	Apple Pay
T-30281	2025-06-15	SKU-516	Sony iPhone	Mobile	iPhone	Sony	1603.83	ST-101	Downtown Tech	Boston	North	C-1281	John Miller	1693.81	5	846.9	592.83	8214.98	Credit Card
T-30282	2025-06-15	SKU-501	Samsung Pro	Laptops	Pro	Samsung	574.03	ST-102	Lakeside Electronics	Chicago	Midwest	C-1282	James Garcia	548.08	4	219.23	153.46	2126.55	Apple Pay
T-30283	2025-06-15	SKU-500	Bose XPS	Laptops	XPS	Bose	559.68	ST-102	Lakeside Electronics	Chicago	Midwest	C-1283	Elizabeth Davis	611.23	4	244.49	171.14	2371.57	Debit Card
T-30284	2025-06-15	SKU-502	Dell Air	Laptops	Air	Dell	641.63	ST-102	Lakeside Electronics	Chicago	Midwest	C-1284	James Williams	687.46	2	137.49	96.24	1333.67	PayPal
T-30285	2025-06-15	SKU-516	Dell Buds	Audio	Buds	Dell	138.1	ST-101	Downtown Tech	Boston	North	C-1285	Linda Williams	140.89	1	14.09	9.86	136.66	Debit Card
T-30286	2025-06-15	SKU-513	Sony Galaxy	Mobile	Galaxy	Sony	1801.42	ST-102	Lakeside Electronics	Chicago	Midwest	C-1286	Linda Jones	1789.42	5	894.71	626.3	8678.69	Apple Pay
T-30287	2025-06-15	SKU-516	Sony Pro	Laptops	Pro	Sony	1998.92	ST-102	Lakeside Electronics	Chicago	Midwest	C-1287	David Jones	2072.65	4	829.06	580.34	8041.88	Debit Card
T-30288	2025-06-15	SKU-508	Dell Buds	Audio	Buds	Dell	596.18	ST-102	Lakeside Electronics	Chicago	Midwest	C-1288	Patricia Williams	643.84	5	321.92	225.34	3122.62	Debit Card
T-30289	2025-06-15	SKU-500	Bose XPS	Laptops	XPS	Bose	1345.26	ST-102	Lakeside Electronics	Chicago	Midwest	C-1289	John Miller	1315.2	1	131.52	92.06	1275.74	PayPal
T-30290	2025-06-15	SKU-517	Dell Headphones	Audio	Headphones	Dell	1312.8	ST-102	Lakeside Electronics	Chicago	Midwest	C-1290	Jennifer Jones	1402.24	5	701.12	490.78	6800.86	Debit Card
T-30291	2025-06-15	SKU-508	Apple iPhone	Mobile	iPhone	Apple	1477.85	ST-101	Downtown Tech	Boston	North	C-1291	Jennifer Johnson	1435.08	3	430.52	301.37	4176.09	Debit Card
T-30292	2025-06-15	SKU-514	Dell Galaxy	Mobile	Galaxy	Dell	1717.31	ST-102	Lakeside Electronics	Chicago	Midwest	C-1292	James Johnson	1851.06	5	925.53	647.87	8977.64	Apple Pay
T-30293	2025-06-15	SKU-501	Sony Galaxy	Mobile	Galaxy	Sony	1754.61	ST-101	Downtown Tech	Boston	North	C-1293	Robert Brown	1722.74	5	861.37	602.96	8355.29	PayPal
T-30294	2025-06-15	SKU-502	Dell Headphones	Audio	Headphones	Dell	1026.4	ST-101	Downtown Tech	Boston	North	C-1294	Jennifer Smith	1016.56	2	203.31	142.32	1972.13	PayPal
T-30295	2025-06-15	SKU-519	HP Pro	Laptops	Pro	HP	924.05	ST-102	Lakeside Electronics	Chicago	Midwest	C-1295	Michael Miller	902.49	1	90.25	63.17	875.41	PayPal
T-30296	2025-06-15	SKU-510	Bose iPhone	Mobile	iPhone	Bose	1538.01	ST-101	Downtown Tech	Boston	North	C-1296	James Smith	1453.81	3	436.14	305.3	4230.59	PayPal
T-30297	2025-06-15	SKU-505	Apple Galaxy	Mobile	Galaxy	Apple	224.05	ST-101	Downtown Tech	Boston	North	C-1297	John Jones	234.26	5	117.13	81.99	1136.16	Debit Card
T-30298	2025-06-15	SKU-510	HP Headphones	Audio	Headphones	HP	1992.66	ST-102	Lakeside Electronics	Chicago	Midwest	C-1298	Jennifer Brown	2171.24	4	868.5	607.95	8424.41	PayPal
T-30299	2025-06-15	SKU-506	Samsung Headphones	Audio	Headphones	Samsung	1494.75	ST-101	Downtown Tech	Boston	North	C-1299	Mary Garcia	1457.44	3	437.23	306.06	4241.15	Credit Card
T-30299	"June 12, 2025"	SKU-503	Sony XPS	Laptops	XPS	Sony	1341.78	ST-101	Downtown Tech	Boston	North	C-1300	James Johnson	1326.84	1	132.68	92.88	1287.04	Debit Card
T-30301	2025-06-15	SKU-506	HP Headphones	Audio	Headphones	HP	1420.86	ST-101	Downtown Tech	Boston	North	C-1301	John Miller	1467.03	3	440.11	308.08	4269.06	PayPal
T-30302	2025-06-15	SKU-519	HP XPS	Laptops	XPS	HP	323.7	ST-101	Downtown Tech	Boston	North	C-1302	Mary Davis	330.76	3	99.23	69.46	962.51	PayPal
T-30303	2025-06-15	SKU-509	Dell Buds	Audio	Buds	Dell	404.71	ST-102	Lakeside Electronics	Chicago	Midwest	C-1303	Patricia Davis	383.22	1	38.32	26.83	371.73	Credit Card
T-30304	2025-06-15	SKU-504	Apple Buds	Audio	Buds	Apple	1903.95	ST-101	Downtown Tech	Boston	North	C-1304	Mary Jones	1887.48	3	566.24	396.37	5492.57	Apple Pay
T-30305	2025-06-15	SKU-501	Apple Pro	Laptops	Pro	Apple	1719.27	ST-102	Lakeside Electronics	Chicago	Midwest	C-1305	Jennifer Miller	1580.01	1	158.0	110.6	1532.61	PayPal
T-30306	2025-06-15	SKU-510	Bose Headphones	Audio	Headphones	Bose	779.3	ST-102	Lakeside Electronics	Chicago	Midwest	C-1306	Elizabeth Jones	759.45	3	227.84	159.48	2209.99	Credit Card
T-30307	2025-06-15	SKU-508	HP Galaxy	Mobile	Galaxy	HP	1687.85	ST-102	Lakeside Electronics	Chicago	Midwest	C-1307	Michael Williams	1563.8	1	156.38	109.47	1516.89	Credit Card
T-30308	2025-06-15	SKU-518	HP Buds	Audio	Buds	HP	1388.95	ST-101	Downtown Tech	Boston	North	C-1308	Elizabeth Miller	1419.88	2	283.98	198.78	2754.56	Apple Pay
T-30309	2025-06-15	SKU-501	Apple Galaxy	Mobile	Galaxy	Apple	220.34	ST-102	Lakeside Electronics	Chicago	Midwest	C-1309	James Brown	221.18	5	110.59	77.41	1072.72	Apple Pay
T-30310	2025-06-15	SKU-515	Bose Headphones	Audio	Headphones	Bose	756.92	ST-102	Lakeside Electronics	Chicago	Midwest	C-1310	Robert Smith	778.63	2	155.73	109.01	1510.54	Apple Pay
T-30311	2025-06-15	SKU-515	HP Pro	Laptops	Pro	HP	709.2	ST-102	Lakeside Electronics	Chicago	Midwest	C-1311	John Smith	716.36	4	286.54	200.58	2779.48	PayPal
T-30312	2025-06-15	SKU-518	Apple Galaxy	Mobile	Galaxy	Apple	951.39	ST-102	Lakeside Electronics	Chicago	Midwest	C-1312	Linda Garcia	1042.85	1	104.28	73.0	1011.57	Apple Pay
T-30313	2025-06-15	SKU-517	HP XPS	Laptops	XPS	HP	100.32	ST-101	Downtown Tech	Boston	North	C-1313	Elizabeth Jones	103.42	4	41.37	28.96	401.27	Debit Card
T-30314	2025-06-15	SKU-510	Apple Air	Laptops	Air	Apple	1164.29	ST-102	Lakeside Electronics	Chicago	Midwest	C-1314	Jennifer Davis	1070.55	2	214.11	149.88	2076.87	Debit Card
T-30315	2025-06-15	SKU-517	Dell Buds	Audio	Buds	Dell	1091.77	ST-101	Downtown Tech	Boston	North	C-1315	James Williams	1013.26	4	405.3	283.71	3931.45	Debit Card
T-30316	2025-06-15	SKU-503	Sony Pro	Laptops	Pro	Sony	1867.41	ST-102	Lakeside Electronics	Chicago	Midwest	C-1316	Patricia Davis	1948.38	1	194.84	136.39	1889.93	Credit Card
T-30317	2025-06-15	SKU-514	Bose Headphones	Audio	Headphones	Bose	969.04	ST-101	Downtown Tech	Boston	North	C-1317	Linda Smith	979.36	4	391.74	274.22	3799.92	Apple Pay
T-30318	2025-06-15	SKU-518	Sony XPS	Laptops	XPS	Sony	429.94	ST-101	Downtown Tech	Boston	North	C-1318	Mary Miller	430.29	4	172.12	120.48	1669.52	PayPal
T-30319	2025-06-15	SKU-509	Dell Galaxy	Mobile	Galaxy	Dell	960.41	ST-101	Downtown Tech	Boston	North	C-1319	Robert Miller	1026.31	5	513.15	359.21	4977.61	PayPal
T-30320	2025-13-45	SKU-509	Samsung XPS	Laptops	XPS	Samsung	1404.56	ST-101	Downtown Tech	Boston	North	C-1320	Robert Garcia	1477.81	5	738.9	517.23	7167.38	Apple Pay
T-30321	2025-06-15	SKU-513	Bose Buds	Audio	Buds	Bose	1635.78	ST-101	Downtown Tech	Boston	North	C-1321	James Miller	1489.56	1	148.96	104.27	1444.87	Debit Card
T-30322	2025-06-15	SKU-504	Samsung Galaxy	Mobile	Galaxy	Samsung	1694.83	ST-102	Lakeside Electronics	Chicago	Midwest	C-1322	Patricia Smith	1801.27	1	180.13	126.09	1747.23	PayPal
T-30323	2025-06-15	SKU-507	Bose Buds	Audio	Buds	Bose	1070.75	ST-102	Lakeside Electronics	Chicago	Midwest	C-1323	James Miller	1052.88	3	315.86	221.1	3063.88	Credit Card
T-30324	2025-06-15	SKU-506	Apple Buds	Audio	Buds	Apple	1279.07	ST-102	Lakeside Electronics	Chicago	Midwest	C-1324	Patricia Garcia	1349.71	2	269.94	188.96	2618.44	Apple Pay
T-30325	2025-06-15	SKU-505	Samsung Headphones	Audio	Headphones	Samsung	1928.7	ST-101	Downtown Tech	Boston	North	C-1325	Michael Smith	1843.49	3	553.05	387.13	5364.55	PayPal
T-30326	2025-06-15	SKU-510	Sony iPhone	Mobile	iPhone	Sony	986.03	ST-101	Downtown Tech	Boston	North	C-1326	James Williams	1005.14	5	502.57	351.8	4874.93	Debit Card
T-30327	2025-06-15	SKU-502	HP Buds	Audio	Buds	HP	1589.66	ST-102	Lakeside Electronics	Chicago	Midwest	C-1327	David Brown	1596.21	5	798.11	558.67	7741.61	Apple Pay
T-30328	2025-06-15	SKU-502	Sony Buds	Audio	Buds	Sony	763.87	ST-101	Downtown Tech	Boston	North	C-1328	Jennifer Garcia	732.33	5	366.17	256.32	3551.8	Apple Pay
T-30329	2025-06-15	SKU-503	Sony Headphones	Audio	Headphones	Sony	1370.98	ST-102	Lakeside Electronics	Chicago	Midwest	C-1329	Patricia Brown	1421.03	3	426.31	298.42	4135.2	Credit Card
T-30330	2025-06-15	SKU-500	HP Galaxy	Mobile	Galaxy	HP	1831.54	ST-102	Lakeside Electronics	Chicago	Midwest	C-1330		1664.45	2	332.89	233.02	3229.03	Credit Card
T-30331	2025-06-15	SKU-517	Apple XPS	Laptops	XPS	Apple	113.93	ST-101	Downtown Tech	Boston	North	C-1331	Patricia Brown	121.58	2	24.32	17.02	235.86	Apple Pay
T-30332	2025-06-15	SKU-504	Bose XPS	Laptops	XPS	Bose	145.13	ST-102	Lakeside Electronics	Chicago	Midwest	C-1332	James Johnson	132.19	3	39.66	27.76	384.67	Credit Card
T-30333	2025-06-15	SKU-513	Sony Air	Laptops	Air	Sony	837.26	ST-102	Lakeside Electronics	Chicago	Midwest	C-1333	Michael Garcia	818.76	1	81.88	57.31	794.19	Credit Card
T-30334	2025-06-15	SKU-518	Bose Headphones	Audio	Headphones	Bose	186.48	ST-101	Downtown Tech	Boston	North	C-1334	Jennifer Johnson	197.18	3	59.15	41.41	573.8	Credit Card
T-30335	2025-06-15	SKU-512	Dell Galaxy	Mobile	Galaxy	Dell	1662.03	ST-101	Downtown Tech	Boston	North	C-1335	Linda Williams	1541.16	4	616.46	431.52	5979.7	Debit Card
T-30336	2025-06-15	SKU-520	Bose Air	Laptops	Air	Bose	808.95	ST-101	Downtown Tech	Boston	North	C-1336	David Williams	734.81	5	367.4	257.18	3563.83	Apple Pay
T-30337	2025-06-15	SKU-509	Sony Headphones	Audio	Headphones	Sony	499.1	ST-102	Lakeside Electronics	Chicago	Midwest	C-1337	Patricia Miller	465.26	2	93.05	65.14	902.61	Debit Card
T-30338	2025-06-15	SKU-518	Samsung Pro	Laptops	Pro	Samsung	1719.28	ST-102	Lakeside Electronics	Chicago	Midwest	C-1338	David Johnson	1778.32	3	533.5	373.45	5174.91	PayPal
T-30339	2025-06-15	SKU-510	Bose Buds	Audio	Buds	Bose	778.56	ST-101	Downtown Tech	Boston	North	C-1339	Mary Jones	840.86	3	252.26	176.58	2446.9	Apple Pay
T-30340	2025-06-15	SKU-518	Dell Buds	Audio	Buds	Dell	389.55	ST-102	Lakeside Electronics	Chicago	Midwest	C-1340	Jennifer Miller	350.97	2	70.19	49.14	680.89	Apple Pay
T-30341	2025-06-15	SKU-510	Dell iPhone	Mobile	iPhone	Dell	1767.98	ST-102	Lakeside Electronics	Chicago	Midwest	C-1341	Linda Garcia	1763.37	1	176.34	123.44	1710.47	Credit Card
T-30342	2025-06-15	SKU-506	Dell XPS	Laptops	XPS	Dell	600.15	ST-101	Downtown Tech	Boston	North	C-1342	Mary Smith	637.68	5	318.84	223.19	3092.75	PayPal
T-30343	2025-06-15	SKU-517	Apple Buds	Audio	Buds	Apple	1798.57	ST-102	Lakeside Electronics	Chicago	Midwest	C-1343	Robert Garcia	1699.04	5	849.52	594.66	8240.34	Debit Card
T-30344	2025-06-15	SKU-512	Samsung iPhone	Mobile	iPhone	Samsung	791.34	ST-101	Downtown Tech	Boston	North	C-1344	Patricia Williams	782.83	2	156.57	109.6	1518.69	PayPal
T-30345	2025-06-15	SKU-511	Bose Buds	Audio	Buds	Bose	176.8	ST-102	Lakeside Electronics	Chicago	Midwest	C-1345	Patricia Johnson	172.18	1	17.22	12.05	167.01	PayPal
T-30346	2025-06-15	SKU-515	Sony Galaxy	Mobile	Galaxy	Sony	1844.01	ST-101	Downtown Tech	Boston	North	C-1346	James Garcia	1919.15	5	959.58	671.7	9307.87	Debit Card
T-30347	2025-06-15	SKU-512	Bose iPhone	Mobile	iPhone	Bose	1341.98	ST-102	Lakeside Electronics	Chicago	Midwest	C-1347	Elizabeth Johnson	1308.79	2	261.76	183.23	2539.05	Apple Pay
T-30348	2025-06-15	SKU-515	Dell Galaxy	Mobile	Galaxy	Dell	1785.63	ST-101	Downtown Tech	Boston	North	C-1348	David Williams	1666.21	1	166.62	116.63	1616.22	Debit Card
T-30349	2025-06-15	SKU-505	Samsung Pro	Laptops	Pro	Samsung	788.22	ST-101	Downtown Tech	Boston	North	C-1349	Patricia Miller	822.94	4	329.18	230.42	3193.0	Apple Pay
T-30350	2025-06-15	SKU-505	HP XPS	Laptops	XPS	HP	1329.79	ST-102	Lakeside Electronics	Chicago	Midwest	C-1350	James Brown	-99.99	5	-50.0	-35.0	-484.95	PayPal
T-30351	2025-06-15	SKU-518	Bose Headphones	Audio	Headphones	Bose	379.04	ST-101	Downtown Tech	Boston	North	C-1351	John Williams	386.57	5	193.28	135.3	1874.87	Credit Card
T-30352	2025-06-15	SKU-502	Bose Buds	Audio	Buds	Bose	511.53	ST-102	Lakeside Electronics	Chicago	Midwest	C-1352	Linda Williams	545.33	5	272.67	190.87	2644.85	PayPal
T-30353	2025-06-15	SKU-505	Sony Buds	Audio	Buds	Sony	1475.95	ST-102	Lakeside Electronics	Chicago	Midwest	C-1353	Linda Johnson	1440.0	2	288.0	201.6	2793.6	Credit Card
T-30354	2025-06-15	SKU-504	Samsung Buds	Audio	Buds	Samsung	1250.47	ST-101	Downtown Tech	Boston	North	C-1354	Linda Smith	1148.73	2	229.75	160.82	2228.53	Credit Card
T-30355	2025-06-15	SKU-516	Bose Buds	Audio	Buds	Bose	899.3	ST-101	Downtown Tech	Boston	North	C-1355	David Miller	978.15	4	391.26	273.88	3795.22	Debit Card
T-30356	2025-06-15	SKU-513	Sony Headphones	Audio	Headphones	Sony	354.38	ST-102	Lakeside Electronics	Chicago	Midwest	C-1356	Patricia Johnson	361.35	5	180.68	126.47	1752.54	Debit Card
T-30357	2025-06-15	SKU-500	Samsung XPS	Laptops	XPS	Samsung	1198.18	ST-101	Downtown Tech	Boston	North	C-1357	David Smith	1235.21	3	370.56	259.39	3594.46	Debit Card
T-30358	2025-06-15	SKU-520	Apple Air	Laptops	Air	Apple	1212.2	ST-102	Lakeside Electronics	Chicago	Midwest	C-1358	David Miller	1239.32	4	495.73	347.01	4808.56	Apple Pay
T-30359	2025-06-15	SKU-505	Sony Buds	Audio	Buds	Sony	803.4	ST-102	Lakeside Electronics	Chicago	Midwest	C-1359	John Jones	847.46	4	338.98	237.29	3288.15	PayPal
T-30360	2025-06-15	SKU-507	Bose XPS	Laptops	XPS	Bose	948.53	ST-101	Downtown Tech	Boston	North	C-1360	Mary Brown	1002.8	5	501.4	350.98	4863.58	Credit Card
T-30361	2025-06-15	SKU-502	Samsung iPhone	Mobile	iPhone	Samsung	1664.19	ST-102	Lakeside Electronics	Chicago	Midwest	C-1361	Elizabeth Miller	1519.1	2	303.82	212.67	2947.05	Credit Card
T-30362	2025-06-15	SKU-512	Sony XPS	Laptops	XPS	Sony	1868.3	ST-102	Lakeside Electronics	Chicago	Midwest	C-1362	Elizabeth Jones	2034.85	2	406.97	284.88	3947.61	Apple Pay
T-30363	2025-06-15	SKU-516	HP Pro	Laptops	Pro	HP	643.41	ST-101	Downtown Tech	Boston	North	C-1363	Elizabeth Brown	665.8	3	199.74	139.82	1937.48	Credit Card
T-30364	2025-06-15	SKU-512	Samsung Air	Laptops	Air	Samsung	770.94	ST-102	Lakeside Electronics	Chicago	Midwest	C-1364	Michael Brown	807.47	1	80.75	56.52	783.24	Debit Card
T-30365	2025-06-15	SKU-511	Bose Buds	Audio	Buds	Bose	1930.25	ST-102	Lakeside Electronics	Chicago	Midwest	C-1365	Patricia Brown	2096.14	5	1048.07	733.65	10166.28	Debit Card
T-30366	2025-06-15	SKU-517	Samsung iPhone	Mobile	iPhone	Samsung	237.53	ST-102	Lakeside Electronics	Chicago	Midwest	C-1366	Jennifer Johnson	255.4	5	127.7	89.39	1238.69	Apple Pay
T-30367	2025-06-15	SKU-507	HP Buds	Audio	Buds	HP	1539.2	ST-102	Lakeside Electronics	Chicago	Midwest	C-1367	Linda Smith	1421.07	1	142.11	99.47	1378.43	PayPal
T-30368	2025-06-15	SKU-510	Bose Headphones	Audio	Headphones	Bose	883.61	ST-102	Lakeside Electronics	Chicago	Midwest	C-1368	David Smith	839.12	1	83.91	58.74	813.95	Debit Card
T-30369	2025-06-15	SKU-515	Apple Headphones	Audio	Headphones	Apple	696.36	ST-101	Downtown Tech	Boston	North	C-1369	Elizabeth Jones	758.63	2	151.73	106.21	1471.74	PayPal
T-30370	2025-06-15	SKU-508	Samsung Headphones	Audio	Headphones	Samsung	492.88	ST-101	Downtown Tech	Boston	North	C-1370	Patricia Garcia	520.38	1	52.04	36.43	504.77	Apple Pay
T-30371	2025-06-15	SKU-501	Sony XPS	Laptops	XPS	Sony	1711.22	ST-102	Lakeside Electronics	Chicago	Midwest	C-1371	Elizabeth Garcia	1847.47	5	923.74	646.61	8960.22	Apple Pay
T-30372	2025-06-15	SKU-512	Samsung Buds	Audio	Buds	Samsung	521.98	ST-101	Downtown Tech	Boston	North	C-1372	James Miller	567.88	1	56.79	39.75	550.84	Debit Card
T-30373	2025-06-15	SKU-514	HP Headphones	Audio	Headphones	HP	1955.36	ST-102	Lakeside Electronics	Chicago	Midwest	C-1373	Jennifer Smith	2023.45	4	809.38	566.57	7850.99	Credit Card
T-30374	2025-06-15	SKU-505	Dell Galaxy	Mobile	Galaxy	Dell	1142.27	ST-101	Downtown Tech	Boston	North	C-1374	John Davis	1111.64	4	444.66	311.26	4313.16	PayPal
T-30375	2025-06-15	SKU-511	HP Buds	Audio	Buds	HP	1723.22	ST-102	Lakeside Electronics	Chicago	Midwest	C-1375	Linda Williams	1888.4	2	377.68	264.38	3663.5	Debit Card
T-30376	2025-06-15	SKU-512	Samsung Buds	Audio	Buds	Samsung	472.52	ST-101	Downtown Tech	Boston	North	C-1376	Linda Smith	465.1	2	93.02	65.11	902.29	Debit Card
T-30377	2025-06-15	SKU-517	HP Galaxy	Mobile	Galaxy	HP	1731.15	ST-101	Downtown Tech	Boston	North	C-1377	Michael Johnson	1578.82	3	473.65	331.55	4594.36	Credit Card
T-30378	2025-06-15	SKU-508	HP Buds	Audio	Buds	HP	785.83	ST-102	Lakeside Electronics	Chicago	Midwest	C-1378	Jennifer Smith	726.3	5	363.15	254.21	3522.56	PayPal
T-30379	2025-06-15	SKU-516	Dell Galaxy	Mobile	Galaxy	Dell	1026.24	ST-102	Lakeside Electronics	Chicago	Midwest	C-1379	Mary Miller	1018.8	2	203.76	142.63	1976.47	Debit Card
T-30380	2025-06-15	SKU-502	HP Buds	Audio	Buds	HP	250.31	ST-102	Lakeside Electronics	Chicago	Midwest	C-1380	Patricia Garcia	257.97	3	77.39	54.17	750.69	Apple Pay
T-30381	2025-06-15	SKU-518	Dell Galaxy	Mobile	Galaxy	Dell	1089.78	ST-102	Lakeside Electronics	Chicago	Midwest	C-1381	Michael Williams	1166.98	2	233.4	163.38	2263.94	PayPal
T-30382	2025-06-15	SKU-506	Bose iPhone	Mobile	iPhone	Bose	417.13	ST-101	Downtown Tech	Boston	North	C-1382	Mary Johnson	421.17	1	42.12	29.48	408.53	Credit Card
T-30383	2025-06-15	SKU-502	Apple iPhone	Mobile	iPhone	Apple	1344.18	ST-102	Lakeside Electronics	Chicago	Midwest	C-1383	John Brown	1408.05	4	563.22	394.25	5463.23	PayPal
T-30384	2025-06-15	SKU-500	Samsung Headphones	Audio	Headphones	Samsung	166.79	ST-102	Lakeside Electronics	Chicago	Midwest	C-1384	Jennifer Davis	182.63	5	91.31	63.92	885.76	Apple Pay
T-30385	2025-06-15	SKU-518	Samsung Headphones	Audio	Headphones	Samsung	1235.41	ST-102	Lakeside Electronics	Chicago	Midwest	C-1385	David Jones	1230.88	2	246.18	172.32	2387.9	Apple Pay
T-30386	2025-06-15	SKU-508	Dell Galaxy	Mobile	Galaxy	Dell	395.86	ST-101	Downtown Tech	Boston	North	C-1386	James Williams	378.98	5	189.49	132.64	1838.05	Apple Pay
T-30387	2025-06-15	SKU-513	HP iPhone	Mobile	iPhone	HP	1616.13	ST-101	Downtown Tech	Boston	North	C-1387	James Garcia	1587.6	5	793.8	555.66	7699.86	Apple Pay
T-30388	2025-06-15	SKU-520	Samsung XPS	Laptops	XPS	Samsung	840.47	ST-102	Lakeside Electronics	Chicago	Midwest	C-1388	Patricia Jones	827.4	2	165.48	115.84	1605.16	Debit Card
T-30389	2025-06-15	SKU-513	Dell Buds	Audio	Buds	Dell	457.2	ST-101	Downtown Tech	Boston	North	C-1389	Robert Williams	421.57	4	168.63	118.04	1635.69	Apple Pay
T-30390	2025-06-15	SKU-506	Dell Buds	Audio	Buds	Dell	709.22	ST-101	Downtown Tech	Boston	North	C-1390	JAMES	776.22	3	232.87	163.01	2258.8	PayPal
T-30391	2025-06-15	SKU-507	Bose iPhone	Mobile	iPhone	Bose	271.37	ST-101	Downtown Tech	Boston	North	C-1391	Linda Brown	267.04	4	106.82	74.77	1036.11	Apple Pay
T-30392	2025-06-15	SKU-502	Bose Air	Laptops	Air	Bose	1702.74	ST-101	Downtown Tech	Boston	North	C-1392	James Jones	1556.78	4	622.71	435.9	6040.31	PayPal
T-30393	2025-06-15	SKU-503	Dell iPhone	Mobile	iPhone	Dell	1951.74	ST-101	Downtown Tech	Boston	North	C-1393	Michael Davis	2044.49	1	204.45	143.11	1983.15	Apple Pay
T-30394	2025-06-15	SKU-506	Bose XPS	Laptops	XPS	Bose	998.37	ST-102	Lakeside Electronics	Chicago	Midwest	C-1394	Jennifer Williams	1047.24	5	523.62	366.53	5079.11	Credit Card
T-30395	2025-06-15	SKU-506	Dell Galaxy	Mobile	Galaxy	Dell	784.81	ST-101	Downtown Tech	Boston	North	C-1395	Patricia Johnson	805.67	3	241.7	169.19	2344.5	PayPal
T-30396	2025-06-15	SKU-512	Dell Headphones	Audio	Headphones	Dell	1599.37	ST-101	Downtown Tech	Boston	North	C-1396	James Davis	1558.23	1	155.82	109.08	1511.49	PayPal
T-30397	2025-06-15	SKU-519	HP XPS	Laptops	XPS	HP	743.0	ST-101	Downtown Tech	Boston	North	C-1397	James Garcia	772.92	1	77.29	54.1	749.73	Apple Pay
T-30398	2025-06-15	SKU-514	Samsung Galaxy	Mobile	Galaxy	Samsung	1493.06	ST-101	Downtown Tech	Boston	North	C-1398	Michael Garcia	1418.61	1	141.86	99.3	1376.05	Apple Pay
T-30399	2025-06-15	SKU-506	Sony Galaxy	Mobile	Galaxy	Sony	1176.73	ST-102	Lakeside Electronics	Chicago	Midwest	C-1399	Jennifer Davis	1263.26	5	631.63	442.14	6126.81	PayPal
T-30399	2025-13-45	SKU-514	Apple Headphones	Audio	Headphones	Apple	661.78	ST-102	Lakeside Electronics	Chicago	Midwest	C-1400	David Garcia	595.7	0	0.0	0.0	0.0	PayPal
T-30401	2025-06-15	SKU-519	Apple Buds	Audio	Buds	Apple	553.69	ST-101	Downtown Tech	Boston	North	C-1401	David Miller	556.36	4	222.54	155.78	2158.68	PayPal
T-30402	2025-06-15	SKU-513	Sony Galaxy	Mobile	Galaxy	Sony	1317.72	ST-101	Downtown Tech	Boston	North	C-1402	Mary Johnson	1406.06	2	281.21	196.85	2727.76	Credit Card
T-30403	2025-06-15	SKU-506	Samsung Air	Laptops	Air	Samsung	287.63	ST-102	Lakeside Electronics	Chicago	Midwest	C-1403	Linda Jones	279.94	5	139.97	97.98	1357.71	Credit Card
T-30404	2025-06-15	SKU-515	Apple XPS	Laptops	XPS	Apple	1863.97	ST-101	Downtown Tech	Boston	North	C-1404	Linda Smith	1885.6	4	754.24	527.97	7316.13	Credit Card
T-30405	2025-06-15	SKU-502	Sony iPhone	Mobile	iPhone	Sony	1685.47	ST-101	Downtown Tech	Boston	North	C-1405	Patricia Johnson	1761.37	5	880.68	616.48	8542.65	PayPal
T-30406	2025-06-15	SKU-518	Samsung Headphones	Audio	Headphones	Samsung	1288.12	ST-101	Downtown Tech	Boston	North	C-1406	David Miller	1356.72	5	678.36	474.85	6580.09	Apple Pay
T-30407	2025-06-15	SKU-503	Bose Buds	Audio	Buds	Bose	416.94	ST-101	Downtown Tech	Boston	North	C-1407	David Miller	430.08	5	215.04	150.53	2085.89	Apple Pay
T-30408	2025-06-15	SKU-511	Dell Galaxy	Mobile	Galaxy	Dell	883.45	ST-102	Lakeside Electronics	Chicago	Midwest	C-1408	Jennifer Brown	861.37	5	430.69	301.48	4177.64	Debit Card
T-30409	2025-06-15	SKU-512	Dell Galaxy	Mobile	Galaxy	Dell	100.37	ST-101	Downtown Tech	Boston	North	C-1409	John Smith	110.27	3	33.08	23.16	320.89	Debit Card
T-30410	2025-06-15	SKU-500	Samsung Air	Laptops	Air	Samsung	1565.89	ST-102	Lakeside Electronics	Chicago	Midwest	C-1410	David Williams	1421.12	3	426.34	298.44	4135.46	PayPal
T-30411	2025-06-15	SKU-507	Dell iPhone	Mobile	iPhone	Dell	586.86	ST-102	Lakeside Electronics	Chicago	Midwest	C-1411	Mary Miller	614.36	3	184.31	129.02	1787.79	PayPal
T-30412	2025-06-15	SKU-519	HP Headphones	Audio	Headphones	HP	1320.28	ST-101	Downtown Tech	Boston	North	C-1412	Elizabeth Miller	1394.25	3	418.28	292.79	4057.26	Apple Pay
T-30413	2025-06-15	SKU-520	HP Pro	Laptops	Pro	HP	1714.01	ST-101	Downtown Tech	Boston	North	C-1413	Michael Smith	1722.37	3	516.71	361.7	5012.1	PayPal
T-30414	2025-06-15	SKU-504	Dell Headphones	Audio	Headphones	Dell	195.99	ST-102	Lakeside Electronics	Chicago	Midwest	C-1414	Linda Johnson	193.32	4	77.33	54.13	750.08	PayPal
T-30415	2025-06-15	SKU-518	Dell Air	Laptops	Air	Dell	1516.1	ST-102	Lakeside Electronics	Chicago	Midwest	C-1415	John Johnson	1516.65	2	303.33	212.33	2942.3	Apple Pay
T-30416	2025-06-15	SKU-512	Sony Air	Laptops	Air	Sony	1339.27	ST-101	Downtown Tech	Boston	North	C-1416	David Brown	1224.53	4	489.81	342.87	4751.18	Credit Card
T-30417	2025-06-15	SKU-513	Apple Buds	Audio	Buds	Apple	794.01	ST-101	Downtown Tech	Boston	North	C-1417	Jennifer Garcia	836.84	2	167.37	117.16	1623.47	Apple Pay
T-30418	2025-06-15	SKU-501	Sony Air	Laptops	Air	Sony	1856.01	ST-101	Downtown Tech	Boston	North	C-1418	Patricia Garcia	1951.68	1	195.17	136.62	1893.13	Credit Card
T-30419	2025-06-15	SKU-509	Samsung Headphones	Audio	Headphones	Samsung	126.09	ST-101	Downtown Tech	Boston	North	C-1419	John Davis	114.05	2	22.81	15.97	221.26	PayPal
T-30420	2025-06-15	SKU-517	Samsung Buds	Audio	Buds	Samsung	1017.75	ST-101	Downtown Tech	Boston	North	C-1420	James Miller	-99.99	1	-10.0	-7.0	-96.99	PayPal
T-30421	2025-06-15	SKU-501	Bose Buds	Audio	Buds	Bose	983.43	ST-101	Downtown Tech	Boston	North	C-1421	Mary Miller	1015.49	3	304.65	213.25	2955.07	Credit Card
T-30422	2025-06-15	SKU-507	Dell Buds	Audio	Buds	Dell	1961.61	ST-101	Downtown Tech	Boston	North	C-1422	Jennifer Davis	1838.58	5	919.29	643.5	8917.11	Credit Card
T-30423	2025-06-15	SKU-509	Apple XPS	Laptops	XPS	Apple	733.78	ST-102	Lakeside Electronics	Chicago	Midwest	C-1423	Robert Smith	760.83	3	228.25	159.77	2214.01	Debit Card
T-30424	2025-06-15	SKU-501	Samsung Buds	Audio	Buds	Samsung	1289.01	ST-102	Lakeside Electronics	Chicago	Midwest	C-1424	James Jones	1199.22	4	479.69	335.78	4652.97	PayPal
T-30425	2025-06-15	SKU-516	Apple Buds	Audio	Buds	Apple	1925.15	ST-101	Downtown Tech	Boston	North	C-1425	Michael Brown	1896.84	3	569.05	398.34	5519.81	Debit Card
T-30426	2025-06-15	SKU-506	HP Headphones	Audio	Headphones	HP	1339.7	ST-101	Downtown Tech	Boston	North	C-1426	Robert Jones	1320.96	2	264.19	184.93	2562.66	PayPal
T-30427	2025-06-15	SKU-517	Dell XPS	Laptops	XPS	Dell	1902.34	ST-101	Downtown Tech	Boston	North	C-1427	Robert Garcia	1988.74	3	596.62	417.64	5787.24	Apple Pay
T-30428	2025-06-15	SKU-504	Dell Galaxy	Mobile	Galaxy	Dell	1580.3	ST-101	Downtown Tech	Boston	North	C-1428	Robert Williams	1663.25	5	831.62	582.14	8066.77	Debit Card
T-30429	2025-06-15	SKU-519	Sony Headphones	Audio	Headphones	Sony	541.15	ST-101	Downtown Tech	Boston	North	C-1429	Jennifer Johnson	501.55	5	250.78	175.54	2432.51	Debit Card
T-30430	2025-06-15	SKU-515	Samsung Galaxy	Mobile	Galaxy	Samsung	361.27	ST-101	Downtown Tech	Boston	North	C-1430	Patricia Smith	380.38	1	38.04	26.63	368.97	Apple Pay
T-30431	2025-06-15	SKU-506	Samsung Headphones	Audio	Headphones	Samsung	225.66	ST-102	Lakeside Electronics	Chicago	Midwest	C-1431	Elizabeth Davis	242.21	2	48.44	33.91	469.89	Apple Pay
T-30432	2025-06-15	SKU-510	Apple Buds	Audio	Buds	Apple	848.89	ST-101	Downtown Tech	Boston	North	C-1432	David Johnson	841.57	1	84.16	58.91	816.32	Apple Pay
T-30433	2025-06-15	SKU-512	Bose XPS	Laptops	XPS	Bose	1080.64	ST-101	Downtown Tech	Boston	North	C-1433	Patricia Jones	1058.6	3	317.58	222.31	3080.53	Apple Pay
T-30434	2025-06-15	SKU-519	Samsung Galaxy	Mobile	Galaxy	Samsung	1846.16	ST-101	Downtown Tech	Boston	North	C-1434	Linda Davis	1928.37	1	192.84	134.99	1870.52	PayPal
T-30435	2025-06-15	SKU-514	HP Galaxy	Mobile	Galaxy	HP	147.33	ST-102	Lakeside Electronics	Chicago	Midwest	C-1435	Elizabeth Brown	135.25	3	40.58	28.4	393.57	PayPal
T-30436	2025-06-15	SKU-502	Bose Headphones	Audio	Headphones	Bose	316.91	ST-102	Lakeside Electronics	Chicago	Midwest	C-1436	Jennifer Johnson	331.29	5	165.65	115.95	1606.75	PayPal
T-30437	2025-06-15	SKU-501	HP Buds	Audio	Buds	HP	1559.69	ST-102	Lakeside Electronics	Chicago	Midwest	C-1437	Elizabeth Williams	1674.74	2	334.95	234.46	3248.99	Credit Card
T-30438	2025-06-15	SKU-514	HP Galaxy	Mobile	Galaxy	HP	648.68	ST-101	Downtown Tech	Boston	North	C-1438	Mary Williams	584.27	3	175.28	122.7	1700.23	Apple Pay
T-30439	2025-06-15	SKU-519	HP iPhone	Mobile	iPhone	HP	1777.14	ST-101	Downtown Tech	Boston	North	C-1439	Patricia Davis	1745.21	1	174.52	122.16	1692.85	Credit Card
T-30440	2025-06-15	SKU-519	Samsung Buds	Audio	Buds	Samsung	1294.41	ST-101	Downtown Tech	Boston	North	C-1440		1179.22	3	353.77	247.64	3431.53	PayPal
T-30441	2025-06-15	SKU-510	Apple Buds	Audio	Buds	Apple	1848.73	ST-101	Downtown Tech	Boston	North	C-1441	Mary Miller	1723.51	3	517.05	361.94	5015.42	PayPal
T-30442	2025-06-15	SKU-501	HP Buds	Audio	Buds	HP	276.94	ST-102	Lakeside Electronics	Chicago	Midwest	C-1442	Jennifer Garcia	294.68	4	117.87	82.51	1143.36	Credit Card
T-30443	2025-06-15	SKU-503	Dell iPhone	Mobile	iPhone	Dell	1419.78	ST-102	Lakeside Electronics	Chicago	Midwest	C-1443	Jennifer Miller	1475.39	5	737.7	516.39	7155.64	Credit Card
T-30444	2025-06-15	SKU-515	Sony Headphones	Audio	Headphones	Sony	1475.74	ST-102	Lakeside Electronics	Chicago	Midwest	C-1444	Michael Garcia	1483.23	5	741.62	519.13	7193.66	PayPal
T-30445	2025-06-15	SKU-516	Sony Buds	Audio	Buds	Sony	1485.45	ST-102	Lakeside Electronics	Chicago	Midwest	C-1445	Linda Williams	1547.42	2	309.48	216.64	3002.0	Credit Card
T-30446	2025-06-15	SKU-506	Apple iPhone	Mobile	iPhone	Apple	1619.17	ST-102	Lakeside Electronics	Chicago	Midwest	C-1446	Michael Smith	1570.48	2	314.1	219.87	3046.73	PayPal
T-30447	2025-06-15	SKU-502	Bose Galaxy	Mobile	Galaxy	Bose	684.77	ST-102	Lakeside Electronics	Chicago	Midwest	C-1447	James Johnson	663.04	5	331.52	232.06	3215.74	Credit Card
T-30448	2025-06-15	SKU-510	Samsung Air	Laptops	Air	Samsung	1852.33	ST-102	Lakeside Electronics	Chicago	Midwest	C-1448	Linda Smith	1845.47	4	738.19	516.73	7160.42	Debit Card
T-30449	2025-06-15	SKU-516	HP iPhone	Mobile	iPhone	HP	668.75	ST-102	Lakeside Electronics	Chicago	Midwest	C-1449	David Smith	679.1	3	203.73	142.61	1976.18	Credit Card
T-30450	"June 12, 2025"	SKU-510	Samsung iPhone	Mobile	iPhone	Samsung	1968.88	ST-101	Downtown Tech	Boston	North	C-1450	Elizabeth Miller	2006.36	3	601.91	421.34	5838.51	Debit Card
T-30451	2025-06-15	SKU-513	Bose Air	Laptops	Air	Bose	264.92	ST-101	Downtown Tech	Boston	North	C-1451	Jennifer Davis	249.88	3	74.96	52.47	727.15	Credit Card
T-30452	2025-06-15	SKU-502	Dell Pro	Laptops	Pro	Dell	943.17	ST-101	Downtown Tech	Boston	North	C-1452	Linda Williams	913.01	4	365.2	255.64	3542.48	Debit Card
T-30453	2025-06-15	SKU-516	Dell Pro	Laptops	Pro	Dell	1385.76	ST-101	Downtown Tech	Boston	North	C-1453	Patricia Smith	1354.6	5	677.3	474.11	6569.81	Credit Card
T-30454	2025-06-15	SKU-519	Dell XPS	Laptops	XPS	Dell	1756.56	ST-102	Lakeside Electronics	Chicago	Midwest	C-1454	Linda Smith	1763.79	3	529.14	370.4	5132.63	Debit Card
T-30455	2025-06-15	SKU-506	Bose Air	Laptops	Air	Bose	465.84	ST-102	Lakeside Electronics	Chicago	Midwest	C-1455	David Garcia	481.78	3	144.53	101.17	1401.98	PayPal
T-30456	2025-06-15	SKU-519	Dell Pro	Laptops	Pro	Dell	1163.29	ST-101	Downtown Tech	Boston	North	C-1456	Patricia Garcia	1110.02	3	333.01	233.1	3230.15	PayPal
T-30457	2025-06-15	SKU-519	Samsung Air	Laptops	Air	Samsung	1795.26	ST-102	Lakeside Electronics	Chicago	Midwest	C-1457	James Williams	1784.75	1	178.48	124.93	1731.2	Apple Pay
T-30458	2025-06-15	SKU-512	Apple Air	Laptops	Air	Apple	440.07	ST-102	Lakeside Electronics	Chicago	Midwest	C-1458	Elizabeth Garcia	425.31	2	85.06	59.54	825.1	Credit Card
T-30459	2025-06-15	SKU-502	HP Headphones	Audio	Headphones	HP	1644.42	ST-102	Lakeside Electronics	Chicago	Midwest	C-1459	Mary Davis	1705.09	4	682.04	477.43	6615.75	PayPal
T-30460	2025-06-15	SKU-508	Samsung XPS	Laptops	XPS	Samsung	1834.44	ST-102	Lakeside Electronics	Chicago	Midwest	C-1460	Robert Garcia	1817.3	1	181.73	127.21	1762.78	Apple Pay
T-30461	2025-06-15	SKU-514	Apple Galaxy	Mobile	Galaxy	Apple	1706.96	ST-102	Lakeside Electronics	Chicago	Midwest	C-1461	Jennifer Williams	1674.76	1	167.48	117.23	1624.51	Credit Card
T-30462	2025-06-15	SKU-512	Dell Buds	Audio	Buds	Dell	1222.02	ST-101	Downtown Tech	Boston	North	C-1462	Elizabeth Brown	1337.84	4	535.14	374.6	5190.82	Debit Card
T-30463	2025-06-15	SKU-513	Samsung Buds	Audio	Buds	Samsung	1177.7	ST-102	Lakeside Electronics	Chicago	Midwest	C-1463	David Brown	1216.0	1	121.6	85.12	1179.52	Apple Pay
T-30464	2025-06-15	SKU-510	Apple Buds	Audio	Buds	Apple	1154.67	ST-102	Lakeside Electronics	Chicago	Midwest	C-1464	Robert Jones	1055.28	1	105.53	73.87	1023.62	Apple Pay
T-30465	2025-06-15	SKU-502	Dell iPhone	Mobile	iPhone	Dell	513.46	ST-101	Downtown Tech	Boston	North	C-1465	Elizabeth Smith	529.98	4	211.99	148.39	2056.32	Debit Card
T-30466	2025-06-15	SKU-506	HP Buds	Audio	Buds	HP	490.76	ST-102	Lakeside Electronics	Chicago	Midwest	C-1466	John Jones	512.14	3	153.64	107.55	1490.33	Credit Card
T-30467	2025-06-15	SKU-504	Sony Buds	Audio	Buds	Sony	1719.76	ST-101	Downtown Tech	Boston	North	C-1467	Jennifer Smith	1789.7	3	536.91	375.84	5208.03	Debit Card
T-30468	2025-06-15	SKU-518	Apple Air	Laptops	Air	Apple	849.11	ST-102	Lakeside Electronics	Chicago	Midwest	C-1468	Michael Miller	838.1	2	167.62	117.33	1625.91	PayPal
T-30469	2025-06-15	SKU-517	HP Pro	Laptops	Pro	HP	830.73	ST-102	Lakeside Electronics	Chicago	Midwest	C-1469	Michael Williams	913.38	2	182.68	127.87	1771.95	Credit Card
T-30470	2025-06-15	SKU-504	Apple Headphones	Audio	Headphones	Apple	1470.54	ST-102	Lakeside Electronics	Chicago	Midwest	C-1470	Michael Williams	1363.84	4	545.54	381.88	5291.7	Apple Pay
T-30471	2025-06-15	SKU-516	Sony Air	Laptops	Air	Sony	905.84	ST-102	Lakeside Electronics	Chicago	Midwest	C-1471	Michael Garcia	848.92	5	424.46	297.12	4117.26	Apple Pay
T-30472	2025-06-15	SKU-516	Bose XPS	Laptops	XPS	Bose	611.58	ST-102	Lakeside Electronics	Chicago	Midwest	C-1472	James Smith	636.64	1	63.66	44.56	617.54	Apple Pay
T-30473	2025-06-15	SKU-516	Bose Pro	Laptops	Pro	Bose	1968.8	ST-102	Lakeside Electronics	Chicago	Midwest	C-1473	Linda Johnson	1868.48	1	186.85	130.79	1812.42	Debit Card
T-30474	2025-06-15	SKU-517	Sony Air	Laptops	Air	Sony	1579.2	ST-102	Lakeside Electronics	Chicago	Midwest	C-1474	Linda Davis	1554.25	3	466.28	326.39	4522.86	PayPal
T-30475	2025-06-15	SKU-518	Apple Buds	Audio	Buds	Apple	594.84	ST-102	Lakeside Electronics	Chicago	Midwest	C-1475	Elizabeth Williams	613.44	3	184.03	128.82	1785.11	Credit Card
T-30476	2025-06-15	SKU-504	Dell iPhone	Mobile	iPhone	Dell	1060.63	ST-102	Lakeside Electronics	Chicago	Midwest	C-1476	John Williams	1012.95	3	303.89	212.72	2947.68	Credit Card
T-30477	2025-06-15	SKU-504	Sony XPS	Laptops	XPS	Sony	1352.4	ST-102	Lakeside Electronics	Chicago	Midwest	C-1477	Robert Jones	1348.32	5	674.16	471.91	6539.35	Debit Card
T-30478	2025-06-15	SKU-504	Apple XPS	Laptops	XPS	Apple	1691.47	ST-102	Lakeside Electronics	Chicago	Midwest	C-1478	Michael Brown	1767.92	2	353.58	247.51	3429.77	Debit Card
T-30479	2025-06-15	SKU-503	Apple Buds	Audio	Buds	Apple	199.79	ST-102	Lakeside Electronics	Chicago	Midwest	C-1479	Michael Davis	198.84	5	99.42	69.59	964.37	Apple Pay
T-30480	2025-13-45	SKU-515	Bose Buds	Audio	Buds	Bose	598.99	ST-102	Lakeside Electronics	Chicago	Midwest	C-1480	James Jones	584.85	3	175.46	122.82	1701.91	Credit Card
T-30481	2025-06-15	SKU-513	Apple Buds	Audio	Buds	Apple	1259.92	ST-102	Lakeside Electronics	Chicago	Midwest	C-1481	Jennifer Jones	1336.1	3	400.83	280.58	3888.05	Apple Pay
T-30482	2025-06-15	SKU-518	HP Headphones	Audio	Headphones	HP	1563.94	ST-102	Lakeside Electronics	Chicago	Midwest	C-1482	Robert Garcia	1617.99	1	161.8	113.26	1569.45	Apple Pay
T-30483	2025-06-15	SKU-514	Apple Headphones	Audio	Headphones	Apple	767.88	ST-102	Lakeside Electronics	Chicago	Midwest	C-1483	John Brown	694.73	1	69.47	48.63	673.89	PayPal
T-30484	2025-06-15	SKU-503	Sony Headphones	Audio	Headphones	Sony	264.13	ST-101	Downtown Tech	Boston	North	C-1484	Michael Williams	274.47	3	82.34	57.64	798.71	Apple Pay
T-30485	2025-06-15	SKU-514	Bose XPS	Laptops	XPS	Bose	1853.12	ST-102	Lakeside Electronics	Chicago	Midwest	C-1485	Michael Garcia	1727.84	1	172.78	120.95	1676.01	Credit Card
T-30486	2025-06-15	SKU-501	HP Galaxy	Mobile	Galaxy	HP	590.65	ST-102	Lakeside Electronics	Chicago	Midwest	C-1486	Robert Davis	589.67	2	117.93	82.55	1143.96	Apple Pay
T-30487	2025-06-15	SKU-503	Samsung Buds	Audio	Buds	Samsung	373.36	ST-102	Lakeside Electronics	Chicago	Midwest	C-1487	Patricia Johnson	389.44	1	38.94	27.26	377.76	Credit Card
T-30488	2025-06-15	SKU-514	Apple Buds	Audio	Buds	Apple	135.65	ST-102	Lakeside Electronics	Chicago	Midwest	C-1488	Robert Smith	140.12	3	42.04	29.43	407.75	Debit Card
T-30489	2025-06-15	SKU-516	HP Headphones	Audio	Headphones	HP	1444.45	ST-102	Lakeside Electronics	Chicago	Midwest	C-1489	Linda Miller	1543.84	1	154.38	108.07	1497.53	PayPal
T-30490	2025-06-15	SKU-503	Apple Galaxy	Mobile	Galaxy	Apple	1177.76	ST-102	Lakeside Electronics	Chicago	Midwest	C-1490	Jennifer Jones	-99.99	1	-10.0	-7.0	-96.99	Debit Card
T-30491	2025-06-15	SKU-520	Apple Galaxy	Mobile	Galaxy	Apple	485.93	ST-101	Downtown Tech	Boston	North	C-1491	Michael Brown	504.97	1	50.5	35.35	489.82	Debit Card
T-30492	2025-06-15	SKU-514	HP XPS	Laptops	XPS	HP	1497.12	ST-101	Downtown Tech	Boston	North	C-1492	James Brown	1562.92	5	781.46	547.02	7580.16	Apple Pay
T-30493	2025-06-15	SKU-520	HP XPS	Laptops	XPS	HP	684.69	ST-102	Lakeside Electronics	Chicago	Midwest	C-1493	James Smith	623.9	1	62.39	43.67	605.18	Credit Card
T-30494	2025-06-15	SKU-517	Samsung Buds	Audio	Buds	Samsung	383.01	ST-101	Downtown Tech	Boston	North	C-1494	Mary Smith	382.16	1	38.22	26.75	370.69	Credit Card
T-30495	2025-06-15	SKU-500	Samsung Headphones	Audio	Headphones	Samsung	427.27	ST-101	Downtown Tech	Boston	North	C-1495	John Johnson	436.77	5	218.38	152.87	2118.34	Credit Card
T-30496	2025-06-15	SKU-502	Apple iPhone	Mobile	iPhone	Apple	1628.46	ST-102	Lakeside Electronics	Chicago	Midwest	C-1496	Jennifer Miller	1504.96	5	752.48	526.74	7299.06	PayPal
T-30497	2025-06-15	SKU-518	Dell Pro	Laptops	Pro	Dell	429.55	ST-101	Downtown Tech	Boston	North	C-1497	Mary Jones	451.68	2	90.34	63.24	876.26	Debit Card
T-30498	2025-06-15	SKU-507	Sony Air	Laptops	Air	Sony	1858.78	ST-101	Downtown Tech	Boston	North	C-1498	Robert Johnson	1962.0	1	196.2	137.34	1903.14	Credit Card
T-30499	2025-06-15	SKU-502	Apple Pro	Laptops	Pro	Apple	1442.81	ST-102	Lakeside Electronics	Chicago	Midwest	C-1499	Michael Davis	1358.02	3	407.41	285.18	3951.83	Apple Pay
T-30499	2025-06-15	SKU-519	HP Pro	Laptops	Pro	HP	1414.18	ST-101	Downtown Tech	Boston	North	C-1500	Linda Johnson	1371.15	1	137.12	95.98	1330.01	PayPal
T-30501	2025-06-15	SKU-503	Samsung XPS	Laptops	XPS	Samsung	1275.95	ST-101	Downtown Tech	Boston	North	C-1501	Linda Brown	1161.9	1	116.19	81.33	1127.04	Apple Pay
T-30502	2025-06-15	SKU-501	HP Pro	Laptops	Pro	HP	202.65	ST-102	Lakeside Electronics	Chicago	Midwest	C-1502	John Brown	192.57	5	96.28	67.4	933.97	Credit Card
T-30503	2025-06-15	SKU-517	Apple Headphones	Audio	Headphones	Apple	434.19	ST-101	Downtown Tech	Boston	North	C-1503	Linda Johnson	468.5	4	187.4	131.18	1817.78	Debit Card
T-30504	2025-06-15	SKU-510	HP XPS	Laptops	XPS	HP	537.12	ST-101	Downtown Tech	Boston	North	C-1504	Jennifer Brown	508.88	4	203.55	142.49	1974.46	Apple Pay
T-30505	2025-06-15	SKU-518	Samsung Air	Laptops	Air	Samsung	1020.37	ST-102	Lakeside Electronics	Chicago	Midwest	C-1505	Robert Brown	954.67	3	286.4	200.48	2778.09	Apple Pay
T-30506	2025-06-15	SKU-511	Bose XPS	Laptops	XPS	Bose	1953.56	ST-101	Downtown Tech	Boston	North	C-1506	Jennifer Williams	2028.66	1	202.87	142.01	1967.8	PayPal
T-30507	2025-06-15	SKU-513	Apple Galaxy	Mobile	Galaxy	Apple	425.28	ST-102	Lakeside Electronics	Chicago	Midwest	C-1507	Patricia Jones	449.91	5	224.96	157.47	2182.06	PayPal
T-30508	2025-06-15	SKU-506	Apple Galaxy	Mobile	Galaxy	Apple	1224.0	ST-102	Lakeside Electronics	Chicago	Midwest	C-1508	John Smith	1281.82	2	256.36	179.45	2486.73	Debit Card
T-30509	2025-06-15	SKU-518	HP Headphones	Audio	Headphones	HP	1897.88	ST-101	Downtown Tech	Boston	North	C-1509	Michael Smith	2084.36	5	1042.18	729.53	10109.15	Apple Pay
T-30510	2025-06-15	SKU-503	Sony Galaxy	Mobile	Galaxy	Sony	959.64	ST-101	Downtown Tech	Boston	North	C-1510	Mary Smith	1045.99	2	209.2	146.44	2029.22	Debit Card
T-30511	2025-06-15	SKU-500	Samsung Headphones	Audio	Headphones	Samsung	1011.59	ST-102	Lakeside Electronics	Chicago	Midwest	C-1511	Robert Davis	1107.98	4	443.19	310.23	4298.96	Apple Pay
T-30512	2025-06-15	SKU-520	Samsung Galaxy	Mobile	Galaxy	Samsung	102.59	ST-101	Downtown Tech	Boston	North	C-1512	Michael Garcia	98.42	3	29.53	20.67	286.4	PayPal
T-30513	2025-06-15	SKU-510	Bose XPS	Laptops	XPS	Bose	1497.95	ST-101	Downtown Tech	Boston	North	C-1513	David Garcia	1381.4	3	414.42	290.09	4019.87	Credit Card
T-30514	2025-06-15	SKU-520	Dell iPhone	Mobile	iPhone	Dell	1161.7	ST-101	Downtown Tech	Boston	North	C-1514	David Brown	1273.51	2	254.7	178.29	2470.61	Credit Card
T-30515	2025-06-15	SKU-507	Bose iPhone	Mobile	iPhone	Bose	708.88	ST-102	Lakeside Electronics	Chicago	Midwest	C-1515	David Miller	645.71	3	193.71	135.6	1879.02	Apple Pay
T-30516	2025-06-15	SKU-515	HP Headphones	Audio	Headphones	HP	1448.67	ST-102	Lakeside Electronics	Chicago	Midwest	C-1516	Linda Garcia	1358.38	4	543.35	380.35	5270.52	Credit Card
T-30517	2025-06-15	SKU-502	HP Air	Laptops	Air	HP	307.79	ST-102	Lakeside Electronics	Chicago	Midwest	C-1517	Mary Williams	286.28	2	57.26	40.08	555.38	Credit Card
T-30518	2025-06-15	SKU-515	Dell iPhone	Mobile	iPhone	Dell	758.73	ST-102	Lakeside Electronics	Chicago	Midwest	C-1518	James Jones	692.41	2	138.48	96.94	1343.28	Debit Card
T-30519	2025-06-15	SKU-520	HP Buds	Audio	Buds	HP	1327.5	ST-102	Lakeside Electronics	Chicago	Midwest	C-1519	Linda Davis	1275.48	2	255.1	178.57	2474.43	PayPal
T-30520	2025-06-15	SKU-511	Dell Air	Laptops	Air	Dell	1944.38	ST-101	Downtown Tech	Boston	North	C-1520	ROBERT	1927.24	2	385.45	269.81	3738.84	PayPal
T-30521	2025-06-15	SKU-505	Bose Buds	Audio	Buds	Bose	1949.09	ST-101	Downtown Tech	Boston	North	C-1521	Robert Brown	1770.22	3	531.07	371.75	5151.34	PayPal
T-30522	2025-06-15	SKU-505	HP Galaxy	Mobile	Galaxy	HP	489.8	ST-101	Downtown Tech	Boston	North	C-1522	Jennifer Garcia	477.35	5	238.68	167.07	2315.14	Debit Card
T-30523	2025-06-15	SKU-515	Apple Air	Laptops	Air	Apple	1560.18	ST-102	Lakeside Electronics	Chicago	Midwest	C-1523	Jennifer Williams	1706.88	5	853.44	597.41	8278.37	Debit Card
T-30524	2025-06-15	SKU-515	Bose Buds	Audio	Buds	Bose	1802.36	ST-101	Downtown Tech	Boston	North	C-1524	Elizabeth Davis	1870.54	4	748.22	523.75	7257.69	PayPal
T-30525	2025-06-15	SKU-509	Bose Headphones	Audio	Headphones	Bose	147.11	ST-101	Downtown Tech	Boston	North	C-1525	Linda Garcia	142.0	5	71.0	49.7	688.7	PayPal
T-30526	2025-06-15	SKU-508	Sony Headphones	Audio	Headphones	Sony	471.86	ST-101	Downtown Tech	Boston	North	C-1526	David Davis	516.77	4	206.71	144.7	2005.07	Apple Pay
T-30527	2025-06-15	SKU-511	Dell Headphones	Audio	Headphones	Dell	855.36	ST-102	Lakeside Electronics	Chicago	Midwest	C-1527	Jennifer Miller	771.91	3	231.57	162.1	2246.26	Debit Card
T-30528	2025-06-15	SKU-506	HP Headphones	Audio	Headphones	HP	1482.92	ST-102	Lakeside Electronics	Chicago	Midwest	C-1528	Michael Davis	1383.21	4	553.28	387.3	5366.86	Apple Pay
T-30529	2025-06-15	SKU-504	Samsung Headphones	Audio	Headphones	Samsung	494.79	ST-102	Lakeside Electronics	Chicago	Midwest	C-1529	David Garcia	537.65	5	268.82	188.18	2607.61	Credit Card
T-30530	2025-06-15	SKU-513	Apple Galaxy	Mobile	Galaxy	Apple	432.3	ST-102	Lakeside Electronics	Chicago	Midwest	C-1530	Elizabeth Williams	405.15	4	162.06	113.44	1571.98	Apple Pay
T-30531	2025-06-15	SKU-515	Apple Galaxy	Mobile	Galaxy	Apple	1162.63	ST-102	Lakeside Electronics	Chicago	Midwest	C-1531	Patricia Smith	1082.18	3	324.65	227.26	3149.15	Apple Pay
T-30532	2025-06-15	SKU-513	Apple Buds	Audio	Buds	Apple	440.81	ST-101	Downtown Tech	Boston	North	C-1532	James Johnson	440.2	1	44.02	30.81	426.99	Debit Card
T-30533	2025-06-15	SKU-508	Sony Galaxy	Mobile	Galaxy	Sony	1293.19	ST-102	Lakeside Electronics	Chicago	Midwest	C-1533	Mary Garcia	1382.49	2	276.5	193.55	2682.03	Credit Card
T-30534	2025-06-15	SKU-504	Samsung Galaxy	Mobile	Galaxy	Samsung	779.03	ST-101	Downtown Tech	Boston	North	C-1534	John Garcia	800.26	3	240.08	168.05	2328.75	Debit Card
T-30535	2025-06-15	SKU-516	Dell Headphones	Audio	Headphones	Dell	468.25	ST-101	Downtown Tech	Boston	North	C-1535	Mary Williams	503.13	3	150.94	105.66	1464.11	Debit Card
T-30536	2025-06-15	SKU-504	Apple Buds	Audio	Buds	Apple	124.51	ST-102	Lakeside Electronics	Chicago	Midwest	C-1536	Jennifer Davis	120.53	2	24.11	16.87	233.82	PayPal
T-30537	2025-06-15	SKU-506	Samsung Headphones	Audio	Headphones	Samsung	1610.7	ST-101	Downtown Tech	Boston	North	C-1537	Michael Davis	1487.18	2	297.44	208.21	2885.13	Apple Pay
T-30538	2025-06-15	SKU-504	Dell Galaxy	Mobile	Galaxy	Dell	1652.37	ST-102	Lakeside Electronics	Chicago	Midwest	C-1538	Robert Jones	1733.16	1	173.32	121.32	1681.16	PayPal
T-30539	2025-06-15	SKU-507	Bose XPS	Laptops	XPS	Bose	684.11	ST-101	Downtown Tech	Boston	North	C-1539	Robert Johnson	710.22	1	71.02	49.72	688.92	Credit Card
T-30540	2025-06-15	SKU-506	HP iPhone	Mobile	iPhone	HP	304.85	ST-101	Downtown Tech	Boston	North	C-1540	Linda Johnson	277.0	3	83.1	58.17	806.07	Credit Card
T-30541	2025-06-15	SKU-506	Apple XPS	Laptops	XPS	Apple	1216.45	ST-101	Downtown Tech	Boston	North	C-1541	Robert Garcia	1116.89	3	335.07	234.55	3250.15	Debit Card
T-30542	2025-06-15	SKU-519	Dell XPS	Laptops	XPS	Dell	559.46	ST-101	Downtown Tech	Boston	North	C-1542	Mary Smith	583.61	3	175.08	122.56	1698.31	Credit Card
T-30543	2025-06-15	SKU-516	Bose Pro	Laptops	Pro	Bose	1717.46	ST-102	Lakeside Electronics	Chicago	Midwest	C-1543	Jennifer Williams	1777.06	1	177.71	124.39	1723.74	Debit Card
T-30544	2025-06-15	SKU-516	HP iPhone	Mobile	iPhone	HP	532.35	ST-101	Downtown Tech	Boston	North	C-1544	Jennifer Johnson	490.86	2	98.17	68.72	952.27	Debit Card
T-30545	2025-06-15	SKU-502	Bose iPhone	Mobile	iPhone	Bose	723.42	ST-101	Downtown Tech	Boston	North	C-1545	Michael Jones	737.94	3	221.38	154.97	2147.41	Apple Pay
T-30546	2025-06-15	SKU-509	Samsung Buds	Audio	Buds	Samsung	1971.43	ST-102	Lakeside Electronics	Chicago	Midwest	C-1546	Patricia Johnson	2144.55	3	643.37	450.36	6240.64	Credit Card
T-30547	2025-06-15	SKU-512	Bose iPhone	Mobile	iPhone	Bose	932.31	ST-101	Downtown Tech	Boston	North	C-1547	Mary Williams	913.78	5	456.89	319.82	4431.83	PayPal
T-30548	2025-06-15	SKU-510	Apple iPhone	Mobile	iPhone	Apple	480.5	ST-102	Lakeside Electronics	Chicago	Midwest	C-1548	Mary Brown	502.14	3	150.64	105.45	1461.23	Debit Card
T-30549	2025-06-15	SKU-515	Bose Galaxy	Mobile	Galaxy	Bose	1366.69	ST-102	Lakeside Electronics	Chicago	Midwest	C-1549	Linda Jones	1439.94	1	143.99	100.8	1396.75	Debit Card
T-30550	2025-06-15	SKU-520	HP iPhone	Mobile	iPhone	HP	1890.57	ST-101	Downtown Tech	Boston	North	C-1550		1889.86	1	188.99	132.29	1833.16	Apple Pay
T-30551	2025-06-15	SKU-504	Sony Buds	Audio	Buds	Sony	675.23	ST-101	Downtown Tech	Boston	North	C-1551	Mary Davis	634.98	4	253.99	177.79	2463.72	Debit Card
T-30552	2025-06-15	SKU-501	Sony iPhone	Mobile	iPhone	Sony	1982.35	ST-101	Downtown Tech	Boston	North	C-1552	Michael Davis	2122.25	4	848.9	594.23	8234.33	Credit Card
T-30553	2025-06-15	SKU-509	Apple XPS	Laptops	XPS	Apple	1780.93	ST-101	Downtown Tech	Boston	North	C-1553	Linda Miller	1714.13	4	685.65	479.96	6650.83	Credit Card
T-30554	2025-06-15	SKU-517	Sony Buds	Audio	Buds	Sony	1402.21	ST-102	Lakeside Electronics	Chicago	Midwest	C-1554	Linda Williams	1371.75	4	548.7	384.09	5322.39	Apple Pay
T-30555	2025-06-15	SKU-509	Sony Buds	Audio	Buds	Sony	708.92	ST-101	Downtown Tech	Boston	North	C-1555	Elizabeth Smith	756.69	3	227.01	158.9	2201.96	Credit Card
T-30556	2025-06-15	SKU-503	Bose Galaxy	Mobile	Galaxy	Bose	913.48	ST-102	Lakeside Electronics	Chicago	Midwest	C-1556	Michael Garcia	942.94	2	188.59	132.01	1829.3	Debit Card
T-30557	2025-06-15	SKU-502	Sony XPS	Laptops	XPS	Sony	1750.99	ST-101	Downtown Tech	Boston	North	C-1557	Jennifer Williams	1764.44	1	176.44	123.51	1711.51	Apple Pay
T-30558	2025-06-15	SKU-508	Sony Buds	Audio	Buds	Sony	138.76	ST-102	Lakeside Electronics	Chicago	Midwest	C-1558	Elizabeth Smith	135.37	4	54.15	37.9	525.23	Credit Card
T-30559	2025-06-15	SKU-506	HP XPS	Laptops	XPS	HP	738.34	ST-102	Lakeside Electronics	Chicago	Midwest	C-1559	Robert Jones	807.66	2	161.53	113.07	1566.86	Credit Card
T-30560	2025-13-45	SKU-508	Sony Air	Laptops	Air	Sony	190.31	ST-102	Lakeside Electronics	Chicago	Midwest	C-1560	Patricia Johnson	-99.99	3	-30.0	-21.0	-290.97	Apple Pay
T-30561	2025-06-15	SKU-502	HP Air	Laptops	Air	HP	1337.92	ST-102	Lakeside Electronics	Chicago	Midwest	C-1561	David Jones	1381.66	3	414.5	290.15	4020.63	Apple Pay
T-30562	2025-06-15	SKU-517	HP Galaxy	Mobile	Galaxy	HP	443.14	ST-101	Downtown Tech	Boston	North	C-1562	David Williams	417.7	4	167.08	116.96	1620.68	Apple Pay
T-30563	2025-06-15	SKU-516	Sony Headphones	Audio	Headphones	Sony	481.23	ST-102	Lakeside Electronics	Chicago	Midwest	C-1563	Robert Brown	504.95	3	151.48	106.04	1469.41	Apple Pay
T-30564	2025-06-15	SKU-506	Dell XPS	Laptops	XPS	Dell	1707.34	ST-102	Lakeside Electronics	Chicago	Midwest	C-1564	John Williams	1771.14	2	354.23	247.96	3436.01	PayPal
T-30565	2025-06-15	SKU-500	Apple Pro	Laptops	Pro	Apple	566.61	ST-102	Lakeside Electronics	Chicago	Midwest	C-1565	Linda Davis	557.77	1	55.78	39.04	541.03	PayPal
T-30566	2025-06-15	SKU-508	Dell Pro	Laptops	Pro	Dell	1600.37	ST-102	Lakeside Electronics	Chicago	Midwest	C-1566	David Williams	1748.82	4	699.53	489.67	6785.42	Credit Card
T-30567	2025-06-15	SKU-502	Apple Galaxy	Mobile	Galaxy	Apple	1811.09	ST-102	Lakeside Electronics	Chicago	Midwest	C-1567	Jennifer Johnson	1971.61	2	394.32	276.03	3824.93	Credit Card
T-30568	2025-06-15	SKU-516	Sony Headphones	Audio	Headphones	Sony	1362.01	ST-102	Lakeside Electronics	Chicago	Midwest	C-1568	Linda Johnson	1389.2	3	416.76	291.73	4042.57	Apple Pay
T-30569	2025-06-15	SKU-513	Bose Headphones	Audio	Headphones	Bose	514.22	ST-101	Downtown Tech	Boston	North	C-1569	Robert Brown	508.0	3	152.4	106.68	1478.28	Credit Card
T-30570	2025-06-15	SKU-503	HP Buds	Audio	Buds	HP	701.33	ST-102	Lakeside Electronics	Chicago	Midwest	C-1570	Linda Brown	754.55	2	150.91	105.64	1463.83	Apple Pay
T-30571	2025-06-15	SKU-500	Bose Galaxy	Mobile	Galaxy	Bose	1326.26	ST-101	Downtown Tech	Boston	North	C-1571	James Brown	1340.25	3	402.08	281.45	3900.12	Debit Card
T-30572	2025-06-15	SKU-507	Bose XPS	Laptops	XPS	Bose	1729.53	ST-102	Lakeside Electronics	Chicago	Midwest	C-1572	James Miller	1660.66	2	332.13	232.49	3221.68	PayPal
T-30573	2025-06-15	SKU-520	Samsung Galaxy	Mobile	Galaxy	Samsung	871.95	ST-101	Downtown Tech	Boston	North	C-1573	John Johnson	866.91	4	346.76	242.73	3363.61	Apple Pay
T-30574	2025-06-15	SKU-508	Apple XPS	Laptops	XPS	Apple	1062.04	ST-102	Lakeside Electronics	Chicago	Midwest	C-1574	Michael Garcia	1103.5	1	110.35	77.25	1070.4	PayPal
T-30575	2025-06-15	SKU-500	Bose iPhone	Mobile	iPhone	Bose	861.26	ST-102	Lakeside Electronics	Chicago	Midwest	C-1575	Jennifer Johnson	802.32	5	401.16	280.81	3891.25	PayPal
T-30576	2025-06-15	SKU-510	Sony Buds	Audio	Buds	Sony	957.83	ST-101	Downtown Tech	Boston	North	C-1576	John Williams	1015.21	2	203.04	142.13	1969.51	Apple Pay
T-30577	2025-06-15	SKU-512	Dell Air	Laptops	Air	Dell	1895.04	ST-101	Downtown Tech	Boston	North	C-1577	James Smith	2049.24	4	819.7	573.79	7951.05	Debit Card
T-30578	2025-06-15	SKU-512	Bose Pro	Laptops	Pro	Bose	1274.21	ST-102	Lakeside Electronics	Chicago	Midwest	C-1578	Robert Johnson	1190.14	5	595.07	416.55	5772.18	Credit Card
T-30579	2025-06-15	SKU-514	Bose Buds	Audio	Buds	Bose	1671.79	ST-102	Lakeside Electronics	Chicago	Midwest	C-1579	Mary Brown	1568.32	3	470.5	329.35	4563.81	Apple Pay
T-30580	2025-06-15	SKU-506	HP Air	Laptops	Air	HP	1240.16	ST-102	Lakeside Electronics	Chicago	Midwest	C-1580	Patricia Miller	1217.47	2	243.49	170.45	2361.9	Debit Card
T-30581	2025-06-15	SKU-514	Dell XPS	Laptops	XPS	Dell	1823.92	ST-102	Lakeside Electronics	Chicago	Midwest	C-1581	Elizabeth Davis	1645.29	2	329.06	230.34	3191.86	Apple Pay
T-30582	2025-06-15	SKU-512	Bose XPS	Laptops	XPS	Bose	1446.06	ST-102	Lakeside Electronics	Chicago	Midwest	C-1582	Mary Johnson	1316.53	2	263.31	184.31	2554.06	Debit Card
T-30583	2025-06-15	SKU-500	Sony Headphones	Audio	Headphones	Sony	581.95	ST-102	Lakeside Electronics	Chicago	Midwest	C-1583	John Miller	539.15	5	269.57	188.7	2614.88	PayPal
T-30584	2025-06-15	SKU-515	Dell XPS	Laptops	XPS	Dell	1867.62	ST-102	Lakeside Electronics	Chicago	Midwest	C-1584	Robert Johnson	1946.16	4	778.46	544.92	7551.1	Debit Card
T-30585	2025-06-15	SKU-504	Apple iPhone	Mobile	iPhone	Apple	1048.5	ST-102	Lakeside Electronics	Chicago	Midwest	C-1585	Jennifer Miller	1132.97	3	339.89	237.92	3296.94	Debit Card
T-30586	2025-06-15	SKU-505	Sony Galaxy	Mobile	Galaxy	Sony	699.53	ST-102	Lakeside Electronics	Chicago	Midwest	C-1586	Robert Davis	656.01	1	65.6	45.92	636.33	PayPal
T-30587	2025-06-15	SKU-505	Apple Galaxy	Mobile	Galaxy	Apple	1441.33	ST-102	Lakeside Electronics	Chicago	Midwest	C-1587	Mary Davis	1424.47	5	712.24	498.56	6908.67	Apple Pay
T-30588	2025-06-15	SKU-504	HP XPS	Laptops	XPS	HP	334.94	ST-101	Downtown Tech	Boston	North	C-1588	Patricia Jones	357.38	5	178.69	125.08	1733.29	PayPal
T-30589	2025-06-15	SKU-518	Sony XPS	Laptops	XPS	Sony	443.08	ST-101	Downtown Tech	Boston	North	C-1589	Patricia Davis	477.41	1	47.74	33.42	463.09	Credit Card
T-30590	2025-06-15	SKU-510	HP iPhone	Mobile	iPhone	HP	392.17	ST-101	Downtown Tech	Boston	North	C-1590	Linda Davis	402.24	3	120.67	84.47	1170.52	Credit Card
T-30591	2025-06-15	SKU-519	Dell XPS	Laptops	XPS	Dell	1906.7	ST-102	Lakeside Electronics	Chicago	Midwest	C-1591	Elizabeth Williams	2045.23	3	613.57	429.5	5951.62	Credit Card
T-30592	2025-06-15	SKU-519	Bose XPS	Laptops	XPS	Bose	824.64	ST-102	Lakeside Electronics	Chicago	Midwest	C-1592	John Williams	901.34	4	360.54	252.38	3497.2	Credit Card
T-30593	2025-06-15	SKU-512	Samsung Air	Laptops	Air	Samsung	641.38	ST-101	Downtown Tech	Boston	North	C-1593	Mary Jones	680.0	3	204.0	142.8	1978.8	PayPal
T-30594	2025-06-15	SKU-511	Dell Headphones	Audio	Headphones	Dell	1074.04	ST-102	Lakeside Electronics	Chicago	Midwest	C-1594	Linda Miller	1024.31	5	512.15	358.51	4967.91	Credit Card
T-30595	2025-06-15	SKU-513	HP iPhone	Mobile	iPhone	HP	1298.3	ST-101	Downtown Tech	Boston	North	C-1595	James Garcia	1344.11	2	268.82	188.18	2607.58	Credit Card
T-30596	2025-06-15	SKU-502	Dell Galaxy	Mobile	Galaxy	Dell	1823.69	ST-102	Lakeside Electronics	Chicago	Midwest	C-1596	John Williams	1890.92	3	567.28	397.09	5502.57	Apple Pay
T-30597	2025-06-15	SKU-517	Dell Headphones	Audio	Headphones	Dell	245.41	ST-101	Downtown Tech	Boston	North	C-1597	David Johnson	241.14	4	96.46	67.52	935.62	Debit Card
T-30598	2025-06-15	SKU-516	Dell iPhone	Mobile	iPhone	Dell	130.91	ST-102	Lakeside Electronics	Chicago	Midwest	C-1598	Robert Williams	119.0	4	47.6	33.32	461.72	Debit Card
T-30599	2025-06-15	SKU-514	Dell Buds	Audio	Buds	Dell	1285.24	ST-102	Lakeside Electronics	Chicago	Midwest	C-1599	Jennifer Williams	1204.29	5	602.14	421.5	5840.81	Credit Card
T-30599	"June 12, 2025"	SKU-500	HP Headphones	Audio	Headphones	HP	850.37	ST-101	Downtown Tech	Boston	North	C-1600	Robert Davis	882.99	0	0.0	0.0	0.0	Apple Pay
T-30601	2025-06-15	SKU-512	Dell Buds	Audio	Buds	Dell	1628.82	ST-101	Downtown Tech	Boston	North	C-1601	Robert Williams	1528.09	1	152.81	106.97	1482.25	PayPal
T-30602	2025-06-15	SKU-520	Apple Air	Laptops	Air	Apple	375.79	ST-101	Downtown Tech	Boston	North	C-1602	Michael Brown	360.83	4	144.33	101.03	1400.02	Apple Pay
T-30603	2025-06-15	SKU-505	HP Pro	Laptops	Pro	HP	1814.59	ST-102	Lakeside Electronics	Chicago	Midwest	C-1603	Linda Davis	1945.17	5	972.59	680.81	9434.07	PayPal
T-30604	2025-06-15	SKU-501	Dell Buds	Audio	Buds	Dell	734.32	ST-101	Downtown Tech	Boston	North	C-1604	Michael Miller	769.14	5	384.57	269.2	3730.33	Debit Card
T-30605	2025-06-15	SKU-515	Apple Galaxy	Mobile	Galaxy	Apple	1075.38	ST-102	Lakeside Electronics	Chicago	Midwest	C-1605	Patricia Smith	1058.61	3	317.58	222.31	3080.56	Credit Card
T-30606	2025-06-15	SKU-515	Dell Buds	Audio	Buds	Dell	322.19	ST-102	Lakeside Electronics	Chicago	Midwest	C-1606	Linda Miller	300.37	2	60.07	42.05	582.72	Debit Card
T-30607	2025-06-15	SKU-507	HP XPS	Laptops	XPS	HP	1216.55	ST-102	Lakeside Electronics	Chicago	Midwest	C-1607	Elizabeth Davis	1309.78	4	523.91	366.74	5081.95	Debit Card
T-30608	2025-06-15	SKU-506	HP XPS	Laptops	XPS	HP	636.67	ST-101	Downtown Tech	Boston	North	C-1608	Linda Williams	598.4	5	299.2	209.44	2902.24	Credit Card
T-30609	2025-06-15	SKU-507	HP Galaxy	Mobile	Galaxy	HP	497.92	ST-101	Downtown Tech	Boston	North	C-1609	James Garcia	483.68	2	96.74	67.72	938.34	Credit Card
T-30610	2025-06-15	SKU-503	Apple Galaxy	Mobile	Galaxy	Apple	1273.37	ST-101	Downtown Tech	Boston	North	C-1610	David Brown	1211.69	3	363.51	254.45	3526.01	Credit Card
T-30611	2025-06-15	SKU-516	Sony iPhone	Mobile	iPhone	Sony	1248.15	ST-101	Downtown Tech	Boston	North	C-1611	James Davis	1363.64	1	136.36	95.45	1322.73	Credit Card
T-30612	2025-06-15	SKU-503	Sony XPS	Laptops	XPS	Sony	417.39	ST-101	Downtown Tech	Boston	North	C-1612	Patricia Garcia	436.45	4	174.58	122.21	1693.43	Apple Pay
T-30613	2025-06-15	SKU-520	Bose Pro	Laptops	Pro	Bose	791.1	ST-101	Downtown Tech	Boston	North	C-1613	Mary Brown	865.41	1	86.54	60.58	839.45	Apple Pay
T-30614	2025-06-15	SKU-502	Dell iPhone	Mobile	iPhone	Dell	605.43	ST-102	Lakeside Electronics	Chicago	Midwest	C-1614	Jennifer Brown	636.09	5	318.05	222.63	3085.03	PayPal
T-30615	2025-06-15	SKU-513	Samsung Galaxy	Mobile	Galaxy	Samsung	1806.32	ST-102	Lakeside Electronics	Chicago	Midwest	C-1615	James Davis	1903.92	5	951.96	666.37	9234.01	Credit Card
T-30616	2025-06-15	SKU-505	Dell Galaxy	Mobile	Galaxy	Dell	924.74	ST-102	Lakeside Electronics	Chicago	Midwest	C-1616	James Williams	1013.1	5	506.55	354.59	4913.54	Apple Pay
T-30617	2025-06-15	SKU-510	HP Buds	Audio	Buds	HP	1827.54	ST-101	Downtown Tech	Boston	North	C-1617	John Williams	1807.87	2	361.57	253.1	3507.27	Apple Pay
T-30618	2025-06-15	SKU-506	Bose Galaxy	Mobile	Galaxy	Bose	1773.85	ST-101	Downtown Tech	Boston	North	C-1618	James Garcia	1853.71	2	370.74	259.52	3596.2	Debit Card
T-30619	2025-06-15	SKU-517	Samsung XPS	Laptops	XPS	Samsung	693.28	ST-102	Lakeside Electronics	Chicago	Midwest	C-1619	Robert Smith	747.4	5	373.7	261.59	3624.89	Debit Card
T-30620	2025-06-15	SKU-516	Samsung Galaxy	Mobile	Galaxy	Samsung	309.84	ST-101	Downtown Tech	Boston	North	C-1620	Jennifer Jones	286.53	1	28.65	20.06	277.94	Debit Card
T-30621	2025-06-15	SKU-514	Sony Headphones	Audio	Headphones	Sony	744.06	ST-101	Downtown Tech	Boston	North	C-1621	Elizabeth Brown	714.18	5	357.09	249.96	3463.77	PayPal
T-30622	2025-06-15	SKU-503	Bose iPhone	Mobile	iPhone	Bose	722.91	ST-101	Downtown Tech	Boston	North	C-1622	Jennifer Davis	671.81	4	268.72	188.11	2606.63	Credit Card
T-30623	2025-06-15	SKU-504	Apple Air	Laptops	Air	Apple	1004.88	ST-102	Lakeside Electronics	Chicago	Midwest	C-1623	Mary Garcia	1022.61	5	511.31	357.91	4959.65	Debit Card
T-30624	2025-06-15	SKU-514	Sony Galaxy	Mobile	Galaxy	Sony	1409.13	ST-102	Lakeside Electronics	Chicago	Midwest	C-1624	Michael Williams	1410.76	4	564.3	395.01	5473.75	Apple Pay
T-30625	2025-06-15	SKU-506	Samsung Headphones	Audio	Headphones	Samsung	965.32	ST-101	Downtown Tech	Boston	North	C-1625	Robert Garcia	984.94	4	393.98	275.78	3821.56	Credit Card
T-30626	2025-06-15	SKU-501	Dell Buds	Audio	Buds	Dell	1093.28	ST-101	Downtown Tech	Boston	North	C-1626	Jennifer Jones	1050.26	4	420.1	294.07	4075.01	PayPal
T-30627	2025-06-15	SKU-501	Samsung Buds	Audio	Buds	Samsung	1879.96	ST-102	Lakeside Electronics	Chicago	Midwest	C-1627	John Brown	1999.95	4	799.98	559.99	7759.81	Credit Card
T-30628	2025-06-15	SKU-501	Sony iPhone	Mobile	iPhone	Sony	893.39	ST-102	Lakeside Electronics	Chicago	Midwest	C-1628	Elizabeth Davis	943.66	4	377.46	264.22	3661.4	PayPal
T-30629	2025-06-15	SKU-514	Samsung Buds	Audio	Buds	Samsung	1367.72	ST-101	Downtown Tech	Boston	North	C-1629	Jennifer Johnson	1336.87	4	534.75	374.32	5187.05	Credit Card
T-30630	2025-06-15	SKU-520	Bose Galaxy	Mobile	Galaxy	Bose	268.21	ST-101	Downtown Tech	Boston	North	C-1630	James Jones	-99.99	1	-10.0	-7.0	-96.99	Credit Card
T-30631	2025-06-15	SKU-515	Sony Headphones	Audio	Headphones	Sony	1055.01	ST-101	Downtown Tech	Boston	North	C-1631	Mary Williams	1007.53	2	201.51	141.05	1954.6	Apple Pay
T-30632	2025-06-15	SKU-512	Apple Buds	Audio	Buds	Apple	1218.9	ST-102	Lakeside Electronics	Chicago	Midwest	C-1632	James Garcia	1141.01	1	114.1	79.87	1106.78	Debit Card
T-30633	2025-06-15	SKU-503	HP iPhone	Mobile	iPhone	HP	1961.59	ST-101	Downtown Tech	Boston	North	C-1633	John Williams	1865.69	1	186.57	130.6	1809.72	Debit Card
T-30634	2025-06-15	SKU-501	HP Headphones	Audio	Headphones	HP	1267.5	ST-102	Lakeside Electronics	Chicago	Midwest	C-1634	Robert Smith	1216.3	1	121.63	85.14	1179.81	PayPal
T-30635	2025-06-15	SKU-512	HP Galaxy	Mobile	Galaxy	HP	1889.0	ST-101	Downtown Tech	Boston	North	C-1635	James Brown	1984.26	5	992.13	694.49	9623.66	Apple Pay
T-30636	2025-06-15	SKU-503	Sony Buds	Audio	Buds	Sony	611.65	ST-102	Lakeside Electronics	Chicago	Midwest	C-1636	Linda Miller	609.71	4	243.88	170.72	2365.68	PayPal
T-30637	2025-06-15	SKU-507	Apple iPhone	Mobile	iPhone	Apple	1549.66	ST-101	Downtown Tech	Boston	North	C-1637	John Miller	1420.7	5	710.35	497.25	6890.4	PayPal
T-30638	2025-06-15	SKU-507	Dell Headphones	Audio	Headphones	Dell	1121.32	ST-102	Lakeside Electronics	Chicago	Midwest	C-1638	David Davis	1009.41	4	403.76	282.63	3916.51	Debit Card
T-30639	2025-06-15	SKU-501	Bose Pro	Laptops	Pro	Bose	1873.66	ST-102	Lakeside Electronics	Chicago	Midwest	C-1639	John Jones	2060.74	2	412.15	288.5	3997.83	Debit Card
T-30640	2025-13-45	SKU-517	Apple XPS	Laptops	XPS	Apple	1169.85	ST-102	Lakeside Electronics	Chicago	Midwest	C-1640	Mary Miller	1247.18	5	623.59	436.51	6048.82	Apple Pay
T-30641	2025-06-15	SKU-510	Samsung Buds	Audio	Buds	Samsung	1306.82	ST-102	Lakeside Electronics	Chicago	Midwest	C-1641	John Brown	1265.43	4	506.17	354.32	4909.87	Debit Card
T-30642	2025-06-15	SKU-520	Apple Headphones	Audio	Headphones	Apple	1852.29	ST-102	Lakeside Electronics	Chicago	Midwest	C-1642	James Smith	1820.12	4	728.05	509.63	7062.06	Credit Card
T-30643	2025-06-15	SKU-517	Bose Headphones	Audio	Headphones	Bose	158.8	ST-102	Lakeside Electronics	Chicago	Midwest	C-1643	Mary Garcia	169.2	3	50.76	35.53	492.37	PayPal
T-30644	2025-06-15	SKU-514	Bose Pro	Laptops	Pro	Bose	803.91	ST-101	Downtown Tech	Boston	North	C-1644	Linda Smith	843.0	3	252.9	177.03	2453.13	Debit Card
T-30645	2025-06-15	SKU-520	Samsung XPS	Laptops	XPS	Samsung	676.04	ST-101	Downtown Tech	Boston	North	C-1645	Patricia Davis	613.41	4	245.36	171.75	2380.03	PayPal
T-30646	2025-06-15	SKU-512	Apple XPS	Laptops	XPS	Apple	310.8	ST-102	Lakeside Electronics	Chicago	Midwest	C-1646	Elizabeth Davis	314.02	5	157.01	109.91	1523.0	PayPal
T-30647	2025-06-15	SKU-502	Apple Headphones	Audio	Headphones	Apple	342.12	ST-101	Downtown Tech	Boston	North	C-1647	David Jones	365.91	1	36.59	25.61	354.93	Debit Card
T-30648	2025-06-15	SKU-500	Bose Buds	Audio	Buds	Bose	1881.99	ST-101	Downtown Tech	Boston	North	C-1648	Jennifer Miller	1796.94	5	898.47	628.93	8715.16	Apple Pay
T-30649	2025-06-15	SKU-507	Dell Headphones	Audio	Headphones	Dell	189.23	ST-102	Lakeside Electronics	Chicago	Midwest	C-1649	David Davis	170.5	2	34.1	23.87	330.77	Credit Card
T-30650	2025-06-15	SKU-507	Sony XPS	Laptops	XPS	Sony	1958.38	ST-102	Lakeside Electronics	Chicago	Midwest	C-1650	MARY	1826.97	3	548.09	383.66	5316.48	Credit Card
T-30651	2025-06-15	SKU-500	Apple Galaxy	Mobile	Galaxy	Apple	1225.81	ST-102	Lakeside Electronics	Chicago	Midwest	C-1651	John Brown	1219.33	3	365.8	256.06	3548.25	Debit Card
T-30652	2025-06-15	SKU-519	Sony Pro	Laptops	Pro	Sony	1277.18	ST-101	Downtown Tech	Boston	North	C-1652	Linda Johnson	1398.39	1	139.84	97.89	1356.44	Debit Card
T-30653	2025-06-15	SKU-501	Bose Pro	Laptops	Pro	Bose	1846.32	ST-102	Lakeside Electronics	Chicago	Midwest	C-1653	James Jones	1685.98	1	168.6	118.02	1635.4	Credit Card
T-30654	2025-06-15	SKU-503	Dell Galaxy	Mobile	Galaxy	Dell	1272.87	ST-102	Lakeside Electronics	Chicago	Midwest	C-1654	Patricia Smith	1243.32	4	497.33	348.13	4824.08	Credit Card
T-30655	2025-06-15	SKU-514	Dell Headphones	Audio	Headphones	Dell	1082.7	ST-101	Downtown Tech	Boston	North	C-1655	Mary Johnson	1103.31	1	110.33	77.23	1070.21	PayPal
T-30656	2025-06-15	SKU-516	Sony XPS	Laptops	XPS	Sony	586.94	ST-102	Lakeside Electronics	Chicago	Midwest	C-1656	Linda Davis	556.79	1	55.68	38.98	540.09	PayPal
T-30657	2025-06-15	SKU-516	Dell Buds	Audio	Buds	Dell	1923.51	ST-102	Lakeside Electronics	Chicago	Midwest	C-1657	John Williams	1911.79	5	955.9	669.13	9272.18	Debit Card
T-30658	2025-06-15	SKU-518	Dell XPS	Laptops	XPS	Dell	1349.59	ST-101	Downtown Tech	Boston	North	C-1658	James Brown	1328.55	2	265.71	186.0	2577.39	PayPal
T-30659	2025-06-15	SKU-515	Apple iPhone	Mobile	iPhone	Apple	1420.08	ST-102	Lakeside Electronics	Chicago	Midwest	C-1659	Elizabeth Garcia	1453.06	4	581.22	406.86	5637.88	PayPal
T-30660	2025-06-15	SKU-515	Apple iPhone	Mobile	iPhone	Apple	516.87	ST-101	Downtown Tech	Boston	North	C-1660		529.68	2	105.94	74.16	1027.58	Debit Card
T-30661	2025-06-15	SKU-512	Bose iPhone	Mobile	iPhone	Bose	450.06	ST-101	Downtown Tech	Boston	North	C-1661	Jennifer Smith	437.27	5	218.63	153.04	2120.76	PayPal
T-30662	2025-06-15	SKU-520	Dell iPhone	Mobile	iPhone	Dell	1212.8	ST-102	Lakeside Electronics	Chicago	Midwest	C-1662	James Smith	1139.5	2	227.9	159.53	2210.63	Debit Card
T-30663	2025-06-15	SKU-517	Bose Air	Laptops	Air	Bose	567.33	ST-101	Downtown Tech	Boston	North	C-1663	James Williams	613.92	1	61.39	42.97	595.5	PayPal
T-30664	2025-06-15	SKU-510	HP Headphones	Audio	Headphones	HP	1878.62	ST-102	Lakeside Electronics	Chicago	Midwest	C-1664	Linda Brown	1994.9	2	398.98	279.29	3870.11	Apple Pay
T-30665	2025-06-15	SKU-504	Bose Pro	Laptops	Pro	Bose	1777.17	ST-101	Downtown Tech	Boston	North	C-1665	Patricia Brown	1846.25	3	553.88	387.71	5372.58	Apple Pay
T-30666	2025-06-15	SKU-519	Bose Pro	Laptops	Pro	Bose	1215.92	ST-102	Lakeside Electronics	Chicago	Midwest	C-1666	Robert Garcia	1107.28	3	332.18	232.53	3222.19	Apple Pay
T-30667	2025-06-15	SKU-515	Samsung Headphones	Audio	Headphones	Samsung	1602.89	ST-101	Downtown Tech	Boston	North	C-1667	Robert Miller	1602.44	4	640.98	448.68	6217.46	Debit Card
T-30668	2025-06-15	SKU-515	Bose Galaxy	Mobile	Galaxy	Bose	1000.14	ST-102	Lakeside Electronics	Chicago	Midwest	C-1668	Elizabeth Smith	944.04	2	188.81	132.17	1831.44	PayPal
T-30669	2025-06-15	SKU-513	HP Air	Laptops	Air	HP	1788.55	ST-101	Downtown Tech	Boston	North	C-1669	Jennifer Jones	1657.75	1	165.78	116.04	1608.01	Apple Pay
T-30670	2025-06-15	SKU-518	Sony iPhone	Mobile	iPhone	Sony	178.17	ST-102	Lakeside Electronics	Chicago	Midwest	C-1670	Michael Davis	175.76	3	52.73	36.91	511.46	Debit Card
T-30671	2025-06-15	SKU-505	Dell iPhone	Mobile	iPhone	Dell	939.21	ST-102	Lakeside Electronics	Chicago	Midwest	C-1671	Mary Garcia	900.61	5	450.31	315.21	4367.95	Credit Card
T-30672	2025-06-15	SKU-503	Dell Pro	Laptops	Pro	Dell	235.56	ST-101	Downtown Tech	Boston	North	C-1672	David Brown	221.27	3	66.38	46.47	643.9	Debit Card
T-30673	2025-06-15	SKU-506	Bose Buds	Audio	Buds	Bose	1440.72	ST-101	Downtown Tech	Boston	North	C-1673	David Jones	1518.54	3	455.56	318.89	4418.95	Apple Pay
T-30674	2025-06-15	SKU-515	HP Headphones	Audio	Headphones	HP	1342.77	ST-101	Downtown Tech	Boston	North	C-1674	Michael Brown	1402.75	2	280.55	196.39	2721.34	PayPal
T-30675	2025-06-15	SKU-514	Sony Buds	Audio	Buds	Sony	747.25	ST-101	Downtown Tech	Boston	North	C-1675	Jennifer Brown	787.62	4	315.05	220.53	3055.96	Apple Pay
T-30676	2025-06-15	SKU-511	HP Headphones	Audio	Headphones	HP	364.01	ST-101	Downtown Tech	Boston	North	C-1676	John Smith	386.61	3	115.98	81.19	1125.04	PayPal
T-30677	2025-06-15	SKU-517	HP Galaxy	Mobile	Galaxy	HP	669.31	ST-101	Downtown Tech	Boston	North	C-1677	Elizabeth Smith	622.95	3	186.89	130.82	1812.78	Apple Pay
T-30678	2025-06-15	SKU-502	HP Air	Laptops	Air	HP	1115.53	ST-101	Downtown Tech	Boston	North	C-1678	Linda Johnson	1131.04	4	452.42	316.69	4388.43	Debit Card
T-30679	2025-06-15	SKU-517	Apple Pro	Laptops	Pro	Apple	437.51	ST-102	Lakeside Electronics	Chicago	Midwest	C-1679	James Williams	399.84	4	159.94	111.96	1551.38	PayPal
T-30680	2025-06-15	SKU-514	Samsung iPhone	Mobile	iPhone	Samsung	209.16	ST-101	Downtown Tech	Boston	North	C-1680	Robert Garcia	204.6	1	20.46	14.32	198.46	Apple Pay
T-30681	2025-06-15	SKU-512	HP Headphones	Audio	Headphones	HP	1914.68	ST-101	Downtown Tech	Boston	North	C-1681	Robert Brown	1888.72	4	755.49	528.84	7328.23	Debit Card
T-30682	2025-06-15	SKU-514	Sony XPS	Laptops	XPS	Sony	623.34	ST-101	Downtown Tech	Boston	North	C-1682	Robert Davis	663.81	5	331.9	232.33	3219.48	Debit Card
T-30683	2025-06-15	SKU-514	Sony Galaxy	Mobile	Galaxy	Sony	1194.65	ST-101	Downtown Tech	Boston	North	C-1683	John Davis	1242.51	3	372.75	260.93	3615.71	PayPal
T-30684	2025-06-15	SKU-519	HP Pro	Laptops	Pro	HP	1493.16	ST-102	Lakeside Electronics	Chicago	Midwest	C-1684	Michael Williams	1461.37	1	146.14	102.3	1417.53	PayPal
T-30685	2025-06-15	SKU-502	Dell Buds	Audio	Buds	Dell	1426.28	ST-101	Downtown Tech	Boston	North	C-1685	Linda Miller	1567.57	1	156.76	109.73	1520.54	Debit Card
T-30686	2025-06-15	SKU-508	HP iPhone	Mobile	iPhone	HP	494.01	ST-101	Downtown Tech	Boston	North	C-1686	Linda Smith	507.73	4	203.09	142.16	1969.99	Debit Card
T-30687	2025-06-15	SKU-512	Bose iPhone	Mobile	iPhone	Bose	171.77	ST-102	Lakeside Electronics	Chicago	Midwest	C-1687	Mary Williams	177.62	4	71.05	49.73	689.16	Apple Pay
T-30688	2025-06-15	SKU-507	Apple XPS	Laptops	XPS	Apple	1455.8	ST-102	Lakeside Electronics	Chicago	Midwest	C-1688	Robert Davis	1555.25	2	311.05	217.74	3017.19	Credit Card
T-30689	2025-06-15	SKU-517	Samsung iPhone	Mobile	iPhone	Samsung	1508.75	ST-101	Downtown Tech	Boston	North	C-1689	Mary Smith	1404.19	3	421.26	294.88	4086.19	PayPal
T-30690	2025-06-15	SKU-517	Bose XPS	Laptops	XPS	Bose	510.72	ST-101	Downtown Tech	Boston	North	C-1690	David Johnson	530.16	4	212.06	148.44	2057.02	Credit Card
T-30691	2025-06-15	SKU-507	Apple iPhone	Mobile	iPhone	Apple	811.82	ST-101	Downtown Tech	Boston	North	C-1691	Patricia Johnson	799.1	1	79.91	55.94	775.13	PayPal
T-30692	2025-06-15	SKU-507	Bose Headphones	Audio	Headphones	Bose	1921.62	ST-101	Downtown Tech	Boston	North	C-1692	Robert Williams	1889.21	1	188.92	132.24	1832.53	Debit Card
T-30693	2025-06-15	SKU-519	Sony Headphones	Audio	Headphones	Sony	493.53	ST-102	Lakeside Electronics	Chicago	Midwest	C-1693	Michael Johnson	465.28	3	139.58	97.71	1353.97	PayPal
T-30694	2025-06-15	SKU-500	Apple Galaxy	Mobile	Galaxy	Apple	839.45	ST-102	Lakeside Electronics	Chicago	Midwest	C-1694	Patricia Johnson	864.62	3	259.39	181.57	2516.04	Credit Card
T-30695	2025-06-15	SKU-519	Samsung Galaxy	Mobile	Galaxy	Samsung	1049.19	ST-101	Downtown Tech	Boston	North	C-1695	David Williams	1145.51	5	572.75	400.93	5555.73	Apple Pay
T-30696	2025-06-15	SKU-510	Bose Headphones	Audio	Headphones	Bose	433.13	ST-102	Lakeside Electronics	Chicago	Midwest	C-1696	Linda Johnson	391.35	5	195.68	136.97	1898.04	Apple Pay
T-30697	2025-06-15	SKU-516	Sony Headphones	Audio	Headphones	Sony	1216.19	ST-101	Downtown Tech	Boston	North	C-1697	Patricia Smith	1169.69	4	467.88	327.51	4538.39	Credit Card
T-30698	2025-06-15	SKU-515	Apple Air	Laptops	Air	Apple	663.57	ST-101	Downtown Tech	Boston	North	C-1698	Michael Brown	628.81	5	314.4	220.08	3049.73	Debit Card
T-30699	2025-06-15	SKU-520	Samsung Galaxy	Mobile	Galaxy	Samsung	1595.24	ST-101	Downtown Tech	Boston	North	C-1699	David Miller	1675.18	2	335.04	234.53	3249.85	Debit Card
T-30699	2025-06-15	SKU-517	Dell Pro	Laptops	Pro	Dell	202.74	ST-101	Downtown Tech	Boston	North	C-1700	Patricia Miller	-99.99	1	-10.0	-7.0	-96.99	Apple Pay
T-30701	2025-06-15	SKU-520	Apple Pro	Laptops	Pro	Apple	1984.82	ST-101	Downtown Tech	Boston	North	C-1701	Robert Johnson	2021.59	2	404.32	283.02	3921.88	Credit Card
T-30702	2025-06-15	SKU-509	HP Buds	Audio	Buds	HP	411.9	ST-101	Downtown Tech	Boston	North	C-1702	Patricia Miller	420.62	3	126.19	88.33	1224.0	Apple Pay
T-30703	2025-06-15	SKU-515	Bose Air	Laptops	Air	Bose	252.03	ST-102	Lakeside Electronics	Chicago	Midwest	C-1703	Michael Miller	250.55	4	100.22	70.15	972.13	Apple Pay
T-30704	2025-06-15	SKU-512	Samsung iPhone	Mobile	iPhone	Samsung	912.05	ST-101	Downtown Tech	Boston	North	C-1704	John Williams	867.78	4	347.11	242.98	3366.99	Apple Pay
T-30705	2025-06-15	SKU-502	Dell Galaxy	Mobile	Galaxy	Dell	733.14	ST-102	Lakeside Electronics	Chicago	Midwest	C-1705	Patricia Williams	660.44	5	330.22	231.15	3203.13	Debit Card
T-30706	2025-06-15	SKU-512	HP Galaxy	Mobile	Galaxy	HP	1943.94	ST-102	Lakeside Electronics	Chicago	Midwest	C-1706	Michael Davis	1998.78	5	999.39	699.57	9694.08	Apple Pay
T-30707	2025-06-15	SKU-518	Apple Air	Laptops	Air	Apple	408.49	ST-102	Lakeside Electronics	Chicago	Midwest	C-1707	John Garcia	419.52	3	125.86	88.1	1220.8	Credit Card
T-30708	2025-06-15	SKU-507	Bose Galaxy	Mobile	Galaxy	Bose	560.47	ST-101	Downtown Tech	Boston	North	C-1708	Jennifer Smith	533.72	4	213.49	149.44	2070.83	PayPal
T-30709	2025-06-15	SKU-518	Dell XPS	Laptops	XPS	Dell	1908.38	ST-101	Downtown Tech	Boston	North	C-1709	James Johnson	1963.49	4	785.4	549.78	7618.34	Credit Card
T-30710	2025-06-15	SKU-505	Sony Air	Laptops	Air	Sony	1676.52	ST-102	Lakeside Electronics	Chicago	Midwest	C-1710	John Miller	1754.96	1	175.5	122.85	1702.31	Debit Card
T-30711	2025-06-15	SKU-512	Samsung iPhone	Mobile	iPhone	Samsung	1428.12	ST-101	Downtown Tech	Boston	North	C-1711	Robert Davis	1312.98	4	525.19	367.63	5094.36	Apple Pay
T-30712	2025-06-15	SKU-505	Bose Galaxy	Mobile	Galaxy	Bose	435.16	ST-101	Downtown Tech	Boston	North	C-1712	Robert Brown	407.48	1	40.75	28.52	395.25	PayPal
T-30713	2025-06-15	SKU-505	Samsung Pro	Laptops	Pro	Samsung	1637.44	ST-101	Downtown Tech	Boston	North	C-1713	John Miller	1678.98	5	839.49	587.64	8143.05	PayPal
T-30714	2025-06-15	SKU-512	Apple iPhone	Mobile	iPhone	Apple	336.9	ST-101	Downtown Tech	Boston	North	C-1714	Jennifer Smith	335.41	1	33.54	23.48	325.35	Credit Card
T-30715	2025-06-15	SKU-518	Dell XPS	Laptops	XPS	Dell	1599.49	ST-101	Downtown Tech	Boston	North	C-1715	Mary Brown	1559.72	5	779.86	545.9	7564.64	Apple Pay
T-30716	2025-06-15	SKU-510	HP Galaxy	Mobile	Galaxy	HP	804.49	ST-102	Lakeside Electronics	Chicago	Midwest	C-1716	Jennifer Brown	831.05	4	332.42	232.69	3224.47	Credit Card
T-30717	2025-06-15	SKU-500	Dell iPhone	Mobile	iPhone	Dell	968.15	ST-102	Lakeside Electronics	Chicago	Midwest	C-1717	Robert Smith	1039.6	3	311.88	218.32	3025.24	PayPal
T-30718	2025-06-15	SKU-516	Dell Galaxy	Mobile	Galaxy	Dell	884.94	ST-101	Downtown Tech	Boston	North	C-1718	James Garcia	908.62	1	90.86	63.6	881.36	Debit Card
T-30719	2025-06-15	SKU-519	Bose iPhone	Mobile	iPhone	Bose	1020.62	ST-101	Downtown Tech	Boston	North	C-1719	Jennifer Miller	1120.0	1	112.0	78.4	1086.4	Apple Pay
T-30720	2025-13-45	SKU-504	Dell Headphones	Audio	Headphones	Dell	1752.73	ST-101	Downtown Tech	Boston	North	C-1720	Robert Davis	1683.09	5	841.54	589.08	8162.99	PayPal
T-30721	2025-06-15	SKU-517	HP Air	Laptops	Air	HP	557.71	ST-101	Downtown Tech	Boston	North	C-1721	Robert Johnson	550.45	1	55.05	38.53	533.93	Debit Card
T-30722	2025-06-15	SKU-508	HP iPhone	Mobile	iPhone	HP	1365.27	ST-101	Downtown Tech	Boston	North	C-1722	Robert Davis	1445.97	3	433.79	303.65	4207.77	Credit Card
T-30723	2025-06-15	SKU-512	Bose Galaxy	Mobile	Galaxy	Bose	1342.45	ST-102	Lakeside Electronics	Chicago	Midwest	C-1723	Patricia Brown	1239.27	1	123.93	86.75	1202.09	Credit Card
T-30724	2025-06-15	SKU-503	Dell Headphones	Audio	Headphones	Dell	1188.39	ST-101	Downtown Tech	Boston	North	C-1724	Jennifer Miller	1143.42	5	571.71	400.2	5545.59	PayPal
T-30725	2025-06-15	SKU-511	HP Galaxy	Mobile	Galaxy	HP	1615.28	ST-101	Downtown Tech	Boston	North	C-1725	David Brown	1581.46	5	790.73	553.51	7670.08	Debit Card
T-30726	2025-06-15	SKU-515	Samsung iPhone	Mobile	iPhone	Samsung	1391.96	ST-101	Downtown Tech	Boston	North	C-1726	Elizabeth Jones	1460.74	1	146.07	102.25	1416.92	Debit Card
T-30727	2025-06-15	SKU-508	Dell Headphones	Audio	Headphones	Dell	1994.01	ST-102	Lakeside Electronics	Chicago	Midwest	C-1727	Patricia Davis	2075.42	4	830.17	581.12	8052.63	Debit Card
T-30728	2025-06-15	SKU-507	Samsung Headphones	Audio	Headphones	Samsung	1430.77	ST-101	Downtown Tech	Boston	North	C-1728	Robert Davis	1373.28	2	274.66	192.26	2664.16	Apple Pay
T-30729	2025-06-15	SKU-511	Dell Galaxy	Mobile	Galaxy	Dell	1539.66	ST-102	Lakeside Electronics	Chicago	Midwest	C-1729	Mary Jones	1600.13	2	320.03	224.02	3104.25	Apple Pay
T-30730	2025-06-15	SKU-518	Apple Air	Laptops	Air	Apple	1745.13	ST-101	Downtown Tech	Boston	North	C-1730	John Davis	1772.06	4	708.82	496.18	6875.6	Apple Pay
T-30731	2025-06-15	SKU-506	Dell Pro	Laptops	Pro	Dell	1628.28	ST-101	Downtown Tech	Boston	North	C-1731	James Garcia	1686.35	2	337.27	236.09	3271.52	Apple Pay
T-30732	2025-06-15	SKU-503	Bose Pro	Laptops	Pro	Bose	775.61	ST-102	Lakeside Electronics	Chicago	Midwest	C-1732	Robert Smith	850.11	3	255.03	178.52	2473.82	Apple Pay
T-30733	2025-06-15	SKU-507	Samsung Buds	Audio	Buds	Samsung	164.59	ST-101	Downtown Tech	Boston	North	C-1733	Michael Davis	170.78	2	34.16	23.91	331.31	Apple Pay
T-30734	2025-06-15	SKU-514	Bose Headphones	Audio	Headphones	Bose	1743.3	ST-102	Lakeside Electronics	Chicago	Midwest	C-1734	John Davis	1573.02	1	157.3	110.11	1525.83	Credit Card
T-30735	2025-06-15	SKU-500	HP Headphones	Audio	Headphones	HP	1215.02	ST-102	Lakeside Electronics	Chicago	Midwest	C-1735	John Johnson	1186.82	4	474.73	332.31	4604.86	PayPal
T-30736	2025-06-15	SKU-517	Apple iPhone	Mobile	iPhone	Apple	451.29	ST-101	Downtown Tech	Boston	North	C-1736	Michael Davis	453.0	5	226.5	158.55	2197.05	Credit Card
T-30737	2025-06-15	SKU-505	Samsung Headphones	Audio	Headphones	Samsung	1737.81	ST-101	Downtown Tech	Boston	North	C-1737	James Davis	1606.79	2	321.36	224.95	3117.17	PayPal
T-30738	2025-06-15	SKU-517	Bose Pro	Laptops	Pro	Bose	587.84	ST-101	Downtown Tech	Boston	North	C-1738	Mary Johnson	571.8	5	285.9	200.13	2773.23	Apple Pay
T-30739	2025-06-15	SKU-509	Bose Pro	Laptops	Pro	Bose	187.72	ST-102	Lakeside Electronics	Chicago	Midwest	C-1739	David Davis	190.61	3	57.18	40.03	554.68	Debit Card
T-30740	2025-06-15	SKU-503	Sony Headphones	Audio	Headphones	Sony	1358.97	ST-101	Downtown Tech	Boston	North	C-1740	Patricia Smith	1261.58	2	252.32	176.62	2447.46	PayPal
T-30741	2025-06-15	SKU-504	Sony Galaxy	Mobile	Galaxy	Sony	1485.3	ST-102	Lakeside Electronics	Chicago	Midwest	C-1741	Mary Jones	1450.18	2	290.04	203.03	2813.35	Apple Pay
T-30742	2025-06-15	SKU-504	Apple Galaxy	Mobile	Galaxy	Apple	1118.22	ST-101	Downtown Tech	Boston	North	C-1742	John Brown	1132.45	5	566.23	396.36	5492.38	PayPal
T-30743	2025-06-15	SKU-513	HP Air	Laptops	Air	HP	819.99	ST-101	Downtown Tech	Boston	North	C-1743	Mary Jones	825.15	5	412.58	288.8	4001.97	Credit Card
T-30744	2025-06-15	SKU-511	Dell Headphones	Audio	Headphones	Dell	1827.57	ST-102	Lakeside Electronics	Chicago	Midwest	C-1744	Robert Brown	1648.42	4	659.37	461.56	6395.87	Apple Pay
T-30745	2025-06-15	SKU-516	Apple Pro	Laptops	Pro	Apple	1483.82	ST-102	Lakeside Electronics	Chicago	Midwest	C-1745	Elizabeth Davis	1492.41	5	746.21	522.34	7238.18	Debit Card
T-30746	2025-06-15	SKU-505	Sony Pro	Laptops	Pro	Sony	704.19	ST-102	Lakeside Electronics	Chicago	Midwest	C-1746	Robert Garcia	700.93	2	140.19	98.13	1359.8	Credit Card
T-30747	2025-06-15	SKU-504	Bose Headphones	Audio	Headphones	Bose	371.07	ST-102	Lakeside Electronics	Chicago	Midwest	C-1747	James Garcia	384.3	4	153.72	107.6	1491.08	Apple Pay
T-30748	2025-06-15	SKU-514	Samsung Galaxy	Mobile	Galaxy	Samsung	1054.24	ST-102	Lakeside Electronics	Chicago	Midwest	C-1748	Michael Brown	1082.84	1	108.28	75.8	1050.36	Apple Pay
T-30749	2025-06-15	SKU-502	Dell XPS	Laptops	XPS	Dell	245.72	ST-101	Downtown Tech	Boston	North	C-1749	Mary Williams	225.3	3	67.59	47.31	655.62	Apple Pay
	"June 12, 2025"	SKU-515	Apple iPhone	Mobile	iPhone	Apple	1045.83	ST-101	Downtown Tech	Boston	North	C-1750	Michael Smith	1131.77	1	113.18	79.22	1097.81	Apple Pay
T-30751	2025-06-15	SKU-507	Bose Buds	Audio	Buds	Bose	1989.02	ST-101	Downtown Tech	Boston	North	C-1751	Elizabeth Davis	2058.45	5	1029.23	720.46	9983.48	PayPal
T-30752	2025-06-15	SKU-516	Apple iPhone	Mobile	iPhone	Apple	771.25	ST-101	Downtown Tech	Boston	North	C-1752	Michael Davis	720.42	1	72.04	50.43	698.81	PayPal
T-30753	2025-06-15	SKU-509	Sony Air	Laptops	Air	Sony	1017.94	ST-102	Lakeside Electronics	Chicago	Midwest	C-1753	Patricia Smith	960.42	3	288.13	201.69	2794.82	Credit Card
T-30754	2025-06-15	SKU-501	HP Buds	Audio	Buds	HP	775.91	ST-102	Lakeside Electronics	Chicago	Midwest	C-1754	Jennifer Jones	714.95	3	214.49	150.14	2080.5	PayPal
T-30755	2025-06-15	SKU-503	HP iPhone	Mobile	iPhone	HP	918.53	ST-101	Downtown Tech	Boston	North	C-1755	Mary Williams	849.43	4	339.77	237.84	3295.79	PayPal
T-30756	2025-06-15	SKU-515	Bose iPhone	Mobile	iPhone	Bose	851.18	ST-102	Lakeside Electronics	Chicago	Midwest	C-1756	Jennifer Miller	857.38	3	257.21	180.05	2494.98	Apple Pay
T-30757	2025-06-15	SKU-504	Bose iPhone	Mobile	iPhone	Bose	772.1	ST-102	Lakeside Electronics	Chicago	Midwest	C-1757	James Garcia	711.98	3	213.59	149.52	2071.87	PayPal
T-30758	2025-06-15	SKU-501	HP Galaxy	Mobile	Galaxy	HP	404.59	ST-101	Downtown Tech	Boston	North	C-1758	Linda Jones	398.21	5	199.11	139.37	1931.31	PayPal
T-30759	2025-06-15	SKU-504	Dell Galaxy	Mobile	Galaxy	Dell	308.49	ST-101	Downtown Tech	Boston	North	C-1759	James Williams	298.87	1	29.89	20.92	289.9	PayPal
T-30760	2025-06-15	SKU-513	Apple Buds	Audio	Buds	Apple	1955.23	ST-101	Downtown Tech	Boston	North	C-1760	Michael Davis	1870.07	1	187.01	130.9	1813.96	PayPal
T-30761	2025-06-15	SKU-516	Sony XPS	Laptops	XPS	Sony	455.03	ST-102	Lakeside Electronics	Chicago	Midwest	C-1761	Mary Jones	470.17	4	188.07	131.65	1824.26	Apple Pay
T-30762	2025-06-15	SKU-516	Bose XPS	Laptops	XPS	Bose	1261.09	ST-101	Downtown Tech	Boston	North	C-1762	Elizabeth Williams	1165.36	4	466.14	326.3	4521.6	Debit Card
T-30763	2025-06-15	SKU-500	Samsung Air	Laptops	Air	Samsung	1271.29	ST-101	Downtown Tech	Boston	North	C-1763	James Miller	1277.64	2	255.53	178.87	2478.62	Debit Card
T-30764	2025-06-15	SKU-516	HP iPhone	Mobile	iPhone	HP	911.44	ST-101	Downtown Tech	Boston	North	C-1764	John Johnson	886.57	3	265.97	186.18	2579.92	Apple Pay
T-30765	2025-06-15	SKU-505	Samsung iPhone	Mobile	iPhone	Samsung	177.69	ST-101	Downtown Tech	Boston	North	C-1765	Jennifer Brown	176.7	5	88.35	61.85	857.0	Apple Pay
T-30766	2025-06-15	SKU-511	Samsung Galaxy	Mobile	Galaxy	Samsung	735.14	ST-101	Downtown Tech	Boston	North	C-1766	Mary Smith	710.32	3	213.1	149.17	2067.03	Debit Card
T-30767	2025-06-15	SKU-506	Samsung Buds	Audio	Buds	Samsung	1210.22	ST-101	Downtown Tech	Boston	North	C-1767	Mary Williams	1099.13	2	219.83	153.88	2132.31	Apple Pay
T-30768	2025-06-15	SKU-519	Apple XPS	Laptops	XPS	Apple	751.51	ST-102	Lakeside Electronics	Chicago	Midwest	C-1768	Patricia Williams	695.57	4	278.23	194.76	2698.81	Debit Card
T-30769	2025-06-15	SKU-514	Sony Galaxy	Mobile	Galaxy	Sony	1296.74	ST-101	Downtown Tech	Boston	North	C-1769	Michael Johnson	1275.73	5	637.87	446.51	6187.29	PayPal
T-30770	2025-06-15	SKU-509	Sony iPhone	Mobile	iPhone	Sony	186.35	ST-101	Downtown Tech	Boston	North	C-1770		-99.99	5	-50.0	-35.0	-484.95	PayPal
T-30771	2025-06-15	SKU-517	HP Buds	Audio	Buds	HP	1580.81	ST-102	Lakeside Electronics	Chicago	Midwest	C-1771	Elizabeth Jones	1480.92	2	296.18	207.33	2872.99	PayPal
T-30772	2025-06-15	SKU-516	Sony Headphones	Audio	Headphones	Sony	965.34	ST-102	Lakeside Electronics	Chicago	Midwest	C-1772	John Brown	1005.55	5	502.78	351.94	4876.91	PayPal
T-30773	2025-06-15	SKU-507	Samsung XPS	Laptops	XPS	Samsung	654.5	ST-101	Downtown Tech	Boston	North	C-1773	John Williams	703.38	1	70.34	49.24	682.28	PayPal
T-30774	2025-06-15	SKU-500	Samsung Headphones	Audio	Headphones	Samsung	1332.43	ST-102	Lakeside Electronics	Chicago	Midwest	C-1774	Jennifer Johnson	1391.61	4	556.64	389.65	5399.45	Debit Card
T-30775	2025-06-15	SKU-500	Dell XPS	Laptops	XPS	Dell	1665.47	ST-101	Downtown Tech	Boston	North	C-1775	John Williams	1822.56	5	911.28	637.9	8839.42	Credit Card
T-30776	2025-06-15	SKU-520	Bose Buds	Audio	Buds	Bose	588.96	ST-101	Downtown Tech	Boston	North	C-1776	Linda Brown	561.73	5	280.87	196.61	2724.39	Apple Pay
T-30777	2025-06-15	SKU-513	Samsung iPhone	Mobile	iPhone	Samsung	800.42	ST-102	Lakeside Electronics	Chicago	Midwest	C-1777	Mary Davis	793.92	2	158.78	111.15	1540.21	Apple Pay
T-30778	2025-06-15	SKU-509	Bose XPS	Laptops	XPS	Bose	139.99	ST-101	Downtown Tech	Boston	North	C-1778	Robert Miller	127.94	1	12.79	8.96	124.11	PayPal
T-30779	2025-06-15	SKU-503	HP Buds	Audio	Buds	HP	1476.18	ST-101	Downtown Tech	Boston	North	C-1779	James Johnson	1441.93	1	144.19	100.94	1398.68	Credit Card
T-30780	2025-06-15	SKU-508	Samsung Pro	Laptops	Pro	Samsung	371.01	ST-101	Downtown Tech	Boston	North	C-1780	JAMES	397.18	1	39.72	27.8	385.26	PayPal
T-30781	2025-06-15	SKU-505	HP Buds	Audio	Buds	HP	684.03	ST-102	Lakeside Electronics	Chicago	Midwest	C-1781	Robert Brown	689.98	3	206.99	144.9	2007.85	Credit Card
T-30782	2025-06-15	SKU-517	Apple Pro	Laptops	Pro	Apple	663.8	ST-102	Lakeside Electronics	Chicago	Midwest	C-1782	Robert Smith	600.61	4	240.24	168.17	2330.37	PayPal
T-30783	2025-06-15	SKU-507	Dell Buds	Audio	Buds	Dell	1851.21	ST-102	Lakeside Electronics	Chicago	Midwest	C-1783	Mary Davis	2032.91	2	406.58	284.61	3943.85	Debit Card
T-30784	2025-06-15	SKU-510	Dell XPS	Laptops	XPS	Dell	324.87	ST-101	Downtown Tech	Boston	North	C-1784	James Williams	320.23	3	96.07	67.25	931.87	PayPal
T-30785	2025-06-15	SKU-509	Bose iPhone	Mobile	iPhone	Bose	1287.04	ST-102	Lakeside Electronics	Chicago	Midwest	C-1785	Jennifer Johnson	1394.18	3	418.25	292.78	4057.07	Credit Card
T-30786	2025-06-15	SKU-504	Apple XPS	Laptops	XPS	Apple	708.49	ST-102	Lakeside Electronics	Chicago	Midwest	C-1786	Linda Davis	653.68	4	261.47	183.03	2536.28	Debit Card
T-30787	2025-06-15	SKU-504	Samsung Air	Laptops	Air	Samsung	445.56	ST-102	Lakeside Electronics	Chicago	Midwest	C-1787	Jennifer Garcia	438.77	4	175.51	122.86	1702.43	Debit Card
T-30788	2025-06-15	SKU-512	Samsung Headphones	Audio	Headphones	Samsung	895.45	ST-102	Lakeside Electronics	Chicago	Midwest	C-1788	David Davis	874.79	5	437.39	306.18	4242.74	Apple Pay
T-30789	2025-06-15	SKU-502	Sony Headphones	Audio	Headphones	Sony	546.87	ST-101	Downtown Tech	Boston	North	C-1789	Patricia Smith	553.25	2	110.65	77.46	1073.31	Credit Card
T-30790	2025-06-15	SKU-509	Dell iPhone	Mobile	iPhone	Dell	974.74	ST-102	Lakeside Electronics	Chicago	Midwest	C-1790	Patricia Brown	888.16	2	177.63	124.34	1723.03	PayPal
T-30791	2025-06-15	SKU-513	HP Headphones	Audio	Headphones	HP	806.2	ST-101	Downtown Tech	Boston	North	C-1791	Elizabeth Johnson	860.61	2	172.12	120.49	1669.59	PayPal
T-30792	2025-06-15	SKU-507	Dell Pro	Laptops	Pro	Dell	246.42	ST-102	Lakeside Electronics	Chicago	Midwest	C-1792	Robert Williams	258.42	5	129.21	90.45	1253.34	Debit Card
T-30793	2025-06-15	SKU-514	HP Galaxy	Mobile	Galaxy	HP	1584.65	ST-101	Downtown Tech	Boston	North	C-1793	John Johnson	1445.2	1	144.52	101.16	1401.84	PayPal
T-30794	2025-06-15	SKU-512	Sony Pro	Laptops	Pro	Sony	1682.09	ST-102	Lakeside Electronics	Chicago	Midwest	C-1794	David Jones	1752.52	4	701.01	490.71	6799.78	Debit Card
T-30795	2025-06-15	SKU-504	Apple Buds	Audio	Buds	Apple	1511.96	ST-102	Lakeside Electronics	Chicago	Midwest	C-1795	Elizabeth Smith	1479.39	5	739.7	517.79	7175.04	Credit Card
T-30796	2025-06-15	SKU-510	Bose Galaxy	Mobile	Galaxy	Bose	1340.13	ST-102	Lakeside Electronics	Chicago	Midwest	C-1796	Michael Williams	1421.43	4	568.57	398.0	5515.15	Debit Card
T-30797	2025-06-15	SKU-511	Apple Pro	Laptops	Pro	Apple	1246.06	ST-102	Lakeside Electronics	Chicago	Midwest	C-1797	James Brown	1162.02	1	116.2	81.34	1127.16	PayPal
T-30798	2025-06-15	SKU-506	Sony Air	Laptops	Air	Sony	1148.21	ST-101	Downtown Tech	Boston	North	C-1798	Patricia Jones	1257.67	5	628.84	440.18	6099.69	Apple Pay
T-30799	2025-06-15	SKU-502	Apple Air	Laptops	Air	Apple	1892.67	ST-101	Downtown Tech	Boston	North	C-1799	Jennifer Jones	1892.75	3	567.83	397.48	5507.9	Debit Card
T-30799	2025-13-45	SKU-510	Samsung Headphones	Audio	Headphones	Samsung	873.84	ST-101	Downtown Tech	Boston	North	C-1800	David Williams	889.08	0	0.0	0.0	0.0	Credit Card
T-30801	2025-06-15	SKU-514	Dell Pro	Laptops	Pro	Dell	249.63	ST-101	Downtown Tech	Boston	North	C-1801	Patricia Brown	263.05	2	52.61	36.83	510.32	Debit Card
T-30802	2025-06-15	SKU-509	HP Air	Laptops	Air	HP	784.6	ST-102	Lakeside Electronics	Chicago	Midwest	C-1802	James Miller	738.91	5	369.45	258.62	3583.72	Credit Card
T-30803	2025-06-15	SKU-503	Samsung Buds	Audio	Buds	Samsung	1628.98	ST-101	Downtown Tech	Boston	North	C-1803	John Johnson	1496.74	3	449.02	314.32	4355.52	Debit Card
T-30804	2025-06-15	SKU-518	Samsung Air	Laptops	Air	Samsung	790.32	ST-101	Downtown Tech	Boston	North	C-1804	Mary Williams	752.06	4	300.82	210.58	2918.0	Apple Pay
T-30805	2025-06-15	SKU-518	Bose Pro	Laptops	Pro	Bose	1027.69	ST-102	Lakeside Electronics	Chicago	Midwest	C-1805	John Miller	1101.07	2	220.21	154.15	2136.08	Debit Card
T-30806	2025-06-15	SKU-511	Sony Buds	Audio	Buds	Sony	258.63	ST-102	Lakeside Electronics	Chicago	Midwest	C-1806	David Davis	278.15	1	27.81	19.47	269.81	Credit Card
T-30807	2025-06-15	SKU-517	Bose XPS	Laptops	XPS	Bose	115.09	ST-101	Downtown Tech	Boston	North	C-1807	John Miller	116.7	1	11.67	8.17	113.2	Apple Pay
T-30808	2025-06-15	SKU-511	HP Headphones	Audio	Headphones	HP	985.17	ST-102	Lakeside Electronics	Chicago	Midwest	C-1808	Mary Johnson	1030.84	4	412.34	288.64	3999.66	PayPal
T-30809	2025-06-15	SKU-510	HP iPhone	Mobile	iPhone	HP	750.6	ST-102	Lakeside Electronics	Chicago	Midwest	C-1809	Patricia Davis	717.33	1	71.73	50.21	695.81	PayPal
T-30810	2025-06-15	SKU-506	HP XPS	Laptops	XPS	HP	708.35	ST-101	Downtown Tech	Boston	North	C-1810	Elizabeth Miller	770.18	3	231.05	161.74	2241.23	Apple Pay
T-30811	2025-06-15	SKU-500	Samsung Pro	Laptops	Pro	Samsung	1910.03	ST-102	Lakeside Electronics	Chicago	Midwest	C-1811	John Jones	1750.96	1	175.1	122.57	1698.43	Apple Pay
T-30812	2025-06-15	SKU-513	Apple Galaxy	Mobile	Galaxy	Apple	1097.08	ST-102	Lakeside Electronics	Chicago	Midwest	C-1812	Robert Smith	1183.74	4	473.5	331.45	4592.91	Debit Card
T-30813	2025-06-15	SKU-513	Samsung Air	Laptops	Air	Samsung	1015.09	ST-101	Downtown Tech	Boston	North	C-1813	Michael Garcia	1080.67	5	540.34	378.23	5241.24	PayPal
T-30814	2025-06-15	SKU-510	Apple Headphones	Audio	Headphones	Apple	1361.72	ST-102	Lakeside Electronics	Chicago	Midwest	C-1814	James Williams	1479.87	4	591.95	414.36	5741.89	Credit Card
T-30815	2025-06-15	SKU-516	Bose Galaxy	Mobile	Galaxy	Bose	1472.34	ST-102	Lakeside Electronics	Chicago	Midwest	C-1815	Robert Davis	1335.85	2	267.17	187.02	2591.55	PayPal
T-30816	2025-06-15	SKU-511	Sony iPhone	Mobile	iPhone	Sony	498.55	ST-101	Downtown Tech	Boston	North	C-1816	Elizabeth Smith	529.84	1	52.98	37.09	513.95	Debit Card
T-30817	2025-06-15	SKU-515	Sony XPS	Laptops	XPS	Sony	1332.93	ST-102	Lakeside Electronics	Chicago	Midwest	C-1817	Michael Miller	1293.53	5	646.76	452.74	6273.63	Debit Card
T-30818	2025-06-15	SKU-513	Apple Air	Laptops	Air	Apple	808.93	ST-101	Downtown Tech	Boston	North	C-1818	David Miller	774.15	4	309.66	216.76	3003.7	Debit Card
T-30819	2025-06-15	SKU-502	Bose Headphones	Audio	Headphones	Bose	1631.29	ST-101	Downtown Tech	Boston	North	C-1819	Mary Smith	1501.99	5	751.0	525.7	7284.65	Credit Card
T-30820	2025-06-15	SKU-509	Bose iPhone	Mobile	iPhone	Bose	1718.24	ST-101	Downtown Tech	Boston	North	C-1820	Patricia Davis	1585.76	4	634.3	444.01	6152.75	Debit Card
T-30821	2025-06-15	SKU-500	HP Galaxy	Mobile	Galaxy	HP	1885.27	ST-101	Downtown Tech	Boston	North	C-1821	David Jones	2028.4	3	608.52	425.96	5902.64	Apple Pay
T-30822	2025-06-15	SKU-513	Bose Pro	Laptops	Pro	Bose	162.08	ST-101	Downtown Tech	Boston	North	C-1822	Robert Garcia	156.73	5	78.37	54.86	760.14	PayPal
T-30823	2025-06-15	SKU-519	Sony iPhone	Mobile	iPhone	Sony	1324.43	ST-101	Downtown Tech	Boston	North	C-1823	Elizabeth Miller	1440.82	4	576.33	403.43	5590.38	PayPal
T-30824	2025-06-15	SKU-513	HP iPhone	Mobile	iPhone	HP	538.84	ST-101	Downtown Tech	Boston	North	C-1824	David Johnson	575.81	3	172.74	120.92	1675.61	PayPal
T-30825	2025-06-15	SKU-502	Dell Pro	Laptops	Pro	Dell	148.72	ST-101	Downtown Tech	Boston	North	C-1825	Elizabeth Williams	152.23	5	76.11	53.28	738.32	Apple Pay
T-30826	2025-06-15	SKU-514	Apple Headphones	Audio	Headphones	Apple	1305.48	ST-102	Lakeside Electronics	Chicago	Midwest	C-1826	Robert Brown	1252.46	5	626.23	438.36	6074.43	Apple Pay
T-30827	2025-06-15	SKU-508	Dell Headphones	Audio	Headphones	Dell	257.63	ST-101	Downtown Tech	Boston	North	C-1827	James Johnson	255.52	5	127.76	89.43	1239.27	Credit Card
T-30828	2025-06-15	SKU-505	Samsung Galaxy	Mobile	Galaxy	Samsung	276.28	ST-102	Lakeside Electronics	Chicago	Midwest	C-1828	Jennifer Brown	254.21	1	25.42	17.79	246.58	Credit Card
T-30829	2025-06-15	SKU-506	HP Headphones	Audio	Headphones	HP	1405.94	ST-102	Lakeside Electronics	Chicago	Midwest	C-1829	Jennifer Davis	1315.91	1	131.59	92.11	1276.43	Credit Card
T-30830	2025-06-15	SKU-515	Apple Galaxy	Mobile	Galaxy	Apple	1990.34	ST-101	Downtown Tech	Boston	North	C-1830	Robert Jones	1868.07	1	186.81	130.76	1812.02	Credit Card
T-30831	2025-06-15	SKU-506	Sony Headphones	Audio	Headphones	Sony	1747.06	ST-101	Downtown Tech	Boston	North	C-1831	Patricia Smith	1620.77	1	162.08	113.45	1572.14	PayPal
T-30832	2025-06-15	SKU-506	Dell Galaxy	Mobile	Galaxy	Dell	1911.14	ST-102	Lakeside Electronics	Chicago	Midwest	C-1832	David Jones	2004.86	4	801.94	561.36	7778.86	Apple Pay
T-30833	2025-06-15	SKU-506	Samsung iPhone	Mobile	iPhone	Samsung	1405.41	ST-102	Lakeside Electronics	Chicago	Midwest	C-1833	Michael Johnson	1311.43	2	262.29	183.6	2544.17	Apple Pay
T-30834	2025-06-15	SKU-519	HP Galaxy	Mobile	Galaxy	HP	1519.45	ST-102	Lakeside Electronics	Chicago	Midwest	C-1834	Elizabeth Johnson	1497.97	5	748.99	524.29	7265.15	Debit Card
T-30835	2025-06-15	SKU-505	Bose Air	Laptops	Air	Bose	1789.95	ST-102	Lakeside Electronics	Chicago	Midwest	C-1835	Elizabeth Miller	1827.14	5	913.57	639.5	8861.63	Apple Pay
T-30836	2025-06-15	SKU-510	Apple Pro	Laptops	Pro	Apple	915.83	ST-101	Downtown Tech	Boston	North	C-1836	Jennifer Brown	863.66	3	259.1	181.37	2513.25	PayPal
T-30837	2025-06-15	SKU-510	Dell Pro	Laptops	Pro	Dell	1407.76	ST-102	Lakeside Electronics	Chicago	Midwest	C-1837	Patricia Davis	1520.03	5	760.01	532.01	7372.15	Apple Pay
T-30838	2025-06-15	SKU-516	Dell Headphones	Audio	Headphones	Dell	513.18	ST-102	Lakeside Electronics	Chicago	Midwest	C-1838	Elizabeth Johnson	531.87	4	212.75	148.92	2063.65	Debit Card
T-30839	2025-06-15	SKU-515	Samsung Pro	Laptops	Pro	Samsung	1047.44	ST-102	Lakeside Electronics	Chicago	Midwest	C-1839	Michael Johnson	1037.55	5	518.77	363.14	5032.12	Apple Pay
T-30840	2025-06-15	SKU-509	Samsung Headphones	Audio	Headphones	Samsung	133.89	ST-101	Downtown Tech	Boston	North	C-1840	Linda Jones	-99.99	4	-40.0	-28.0	-387.96	Credit Card
T-30841	2025-06-15	SKU-502	Dell Headphones	Audio	Headphones	Dell	992.8	ST-102	Lakeside Electronics	Chicago	Midwest	C-1841	John Jones	1043.17	4	417.27	292.09	4047.5	Debit Card
T-30842	2025-06-15	SKU-512	HP Headphones	Audio	Headphones	HP	667.04	ST-102	Lakeside Electronics	Chicago	Midwest	C-1842	Linda Johnson	725.43	1	72.54	50.78	703.67	PayPal
T-30843	2025-06-15	SKU-503	Apple Pro	Laptops	Pro	Apple	1987.73	ST-102	Lakeside Electronics	Chicago	Midwest	C-1843	Patricia Williams	1864.95	3	559.49	391.64	5427.0	Credit Card
T-30844	2025-06-15	SKU-501	Bose Air	Laptops	Air	Bose	310.53	ST-102	Lakeside Electronics	Chicago	Midwest	C-1844	Mary Jones	322.2	4	128.88	90.22	1250.14	PayPal
T-30845	2025-06-15	SKU-503	Samsung Buds	Audio	Buds	Samsung	339.95	ST-101	Downtown Tech	Boston	North	C-1845	Elizabeth Miller	351.39	5	175.69	122.99	1704.25	PayPal
T-30846	2025-06-15	SKU-508	Sony Galaxy	Mobile	Galaxy	Sony	711.63	ST-102	Lakeside Electronics	Chicago	Midwest	C-1846	Patricia Johnson	749.52	1	74.95	52.47	727.04	PayPal
T-30847	2025-06-15	SKU-502	Bose Headphones	Audio	Headphones	Bose	242.77	ST-102	Lakeside Electronics	Chicago	Midwest	C-1847	James Brown	251.05	4	100.42	70.29	974.07	PayPal
T-30848	2025-06-15	SKU-506	HP Air	Laptops	Air	HP	1646.59	ST-102	Lakeside Electronics	Chicago	Midwest	C-1848	John Davis	1761.13	1	176.11	123.28	1708.3	PayPal
T-30849	2025-06-15	SKU-519	Dell Galaxy	Mobile	Galaxy	Dell	1075.58	ST-102	Lakeside Electronics	Chicago	Midwest	C-1849	Patricia Johnson	1059.04	3	317.71	222.4	3081.81	Credit Card
T-30850	2025-06-15	SKU-503	Samsung iPhone	Mobile	iPhone	Samsung	557.07	ST-102	Lakeside Electronics	Chicago	Midwest	C-1850	Robert Jones	554.42	5	277.21	194.05	2688.94	Debit Card
T-30851	2025-06-15	SKU-502	Dell XPS	Laptops	XPS	Dell	773.41	ST-101	Downtown Tech	Boston	North	C-1851	Robert Miller	774.64	1	77.46	54.22	751.4	Debit Card
T-30852	2025-06-15	SKU-520	Dell Pro	Laptops	Pro	Dell	826.79	ST-102	Lakeside Electronics	Chicago	Midwest	C-1852	Patricia Jones	810.7	5	405.35	283.75	3931.9	Apple Pay
T-30853	2025-06-15	SKU-501	Sony iPhone	Mobile	iPhone	Sony	1328.06	ST-101	Downtown Tech	Boston	North	C-1853	Patricia Johnson	1432.99	5	716.5	501.55	6950.0	PayPal
T-30854	2025-06-15	SKU-508	Apple Headphones	Audio	Headphones	Apple	530.28	ST-102	Lakeside Electronics	Chicago	Midwest	C-1854	Michael Miller	500.57	3	150.17	105.12	1456.66	PayPal
T-30855	2025-06-15	SKU-520	Samsung Air	Laptops	Air	Samsung	647.19	ST-102	Lakeside Electronics	Chicago	Midwest	C-1855	James Johnson	647.61	5	323.81	226.66	3140.9	Debit Card
T-30856	2025-06-15	SKU-510	Bose Pro	Laptops	Pro	Bose	1394.74	ST-101	Downtown Tech	Boston	North	C-1856	Robert Garcia	1294.83	1	129.48	90.64	1255.99	Apple Pay
T-30857	2025-06-15	SKU-505	HP iPhone	Mobile	iPhone	HP	1951.3	ST-101	Downtown Tech	Boston	North	C-1857	Robert Smith	2134.54	5	1067.27	747.09	10352.52	Apple Pay
T-30858	2025-06-15	SKU-501	Samsung iPhone	Mobile	iPhone	Samsung	1655.96	ST-102	Lakeside Electronics	Chicago	Midwest	C-1858	Patricia Williams	1747.12	1	174.71	122.3	1694.71	Debit Card
T-30859	2025-06-15	SKU-517	HP Galaxy	Mobile	Galaxy	HP	588.95	ST-102	Lakeside Electronics	Chicago	Midwest	C-1859	John Garcia	531.65	3	159.5	111.65	1547.1	Debit Card
T-30860	2025-06-15	SKU-503	Sony Buds	Audio	Buds	Sony	612.88	ST-101	Downtown Tech	Boston	North	C-1860	Robert Miller	632.41	2	126.48	88.54	1226.88	Apple Pay
T-30861	2025-06-15	SKU-513	Apple XPS	Laptops	XPS	Apple	782.9	ST-101	Downtown Tech	Boston	North	C-1861	Patricia Miller	855.78	5	427.89	299.52	4150.53	PayPal
T-30862	2025-06-15	SKU-510	Dell Buds	Audio	Buds	Dell	842.95	ST-102	Lakeside Electronics	Chicago	Midwest	C-1862	John Jones	765.58	5	382.79	267.95	3713.06	Debit Card
T-30863	2025-06-15	SKU-514	Sony Air	Laptops	Air	Sony	1176.66	ST-102	Lakeside Electronics	Chicago	Midwest	C-1863	John Johnson	1176.41	2	235.28	164.7	2282.24	PayPal
T-30864	2025-06-15	SKU-509	Sony iPhone	Mobile	iPhone	Sony	1024.97	ST-101	Downtown Tech	Boston	North	C-1864	John Smith	930.87	3	279.26	195.48	2708.83	Credit Card
T-30865	2025-06-15	SKU-500	Apple Galaxy	Mobile	Galaxy	Apple	917.61	ST-101	Downtown Tech	Boston	North	C-1865	James Jones	890.12	3	267.04	186.93	2590.25	PayPal
T-30866	2025-06-15	SKU-504	Apple Buds	Audio	Buds	Apple	1992.24	ST-101	Downtown Tech	Boston	North	C-1866	Michael Johnson	1880.22	4	752.09	526.46	7295.25	PayPal
T-30867	2025-06-15	SKU-513	Bose Buds	Audio	Buds	Bose	858.32	ST-101	Downtown Tech	Boston	North	C-1867	John Jones	802.24	4	320.9	224.63	3112.69	Debit Card
T-30868	2025-06-15	SKU-506	Sony XPS	Laptops	XPS	Sony	575.04	ST-102	Lakeside Electronics	Chicago	Midwest	C-1868	David Brown	552.61	3	165.78	116.05	1608.1	Apple Pay
T-30869	2025-06-15	SKU-513	Sony Air	Laptops	Air	Sony	282.48	ST-102	Lakeside Electronics	Chicago	Midwest	C-1869	Jennifer Garcia	274.24	4	109.7	76.79	1064.05	Apple Pay
T-30870	2025-06-15	SKU-500	HP XPS	Laptops	XPS	HP	1919.23	ST-102	Lakeside Electronics	Chicago	Midwest	C-1870	Mary Williams	2029.25	5	1014.62	710.24	9841.87	Debit Card
T-30871	2025-06-15	SKU-501	Samsung Buds	Audio	Buds	Samsung	1535.14	ST-102	Lakeside Electronics	Chicago	Midwest	C-1871	Robert Miller	1523.72	5	761.86	533.3	7390.04	Credit Card
T-30872	2025-06-15	SKU-520	Apple Air	Laptops	Air	Apple	303.39	ST-101	Downtown Tech	Boston	North	C-1872	John Davis	325.5	1	32.55	22.79	315.74	Credit Card
T-30873	2025-06-15	SKU-504	Bose XPS	Laptops	XPS	Bose	1167.89	ST-102	Lakeside Electronics	Chicago	Midwest	C-1873	Robert Brown	1121.38	3	336.41	235.49	3263.22	Credit Card
T-30874	2025-06-15	SKU-503	HP Headphones	Audio	Headphones	HP	227.57	ST-101	Downtown Tech	Boston	North	C-1874	Elizabeth Johnson	216.06	1	21.61	15.12	209.57	Credit Card
T-30875	2025-06-15	SKU-501	Sony Galaxy	Mobile	Galaxy	Sony	1859.48	ST-102	Lakeside Electronics	Chicago	Midwest	C-1875	Michael Davis	1978.59	5	989.29	692.51	9596.17	Apple Pay
T-30876	2025-06-15	SKU-513	Bose Headphones	Audio	Headphones	Bose	377.87	ST-101	Downtown Tech	Boston	North	C-1876	Robert Williams	352.99	5	176.5	123.55	1712.0	Apple Pay
T-30877	2025-06-15	SKU-503	HP Galaxy	Mobile	Galaxy	HP	1922.27	ST-102	Lakeside Electronics	Chicago	Midwest	C-1877	Jennifer Jones	1878.37	1	187.84	131.49	1822.02	Apple Pay
T-30878	2025-06-15	SKU-509	HP Pro	Laptops	Pro	HP	968.46	ST-102	Lakeside Electronics	Chicago	Midwest	C-1878	James Jones	996.57	5	498.29	348.8	4833.36	Credit Card
T-30879	2025-06-15	SKU-514	Dell Air	Laptops	Air	Dell	626.12	ST-101	Downtown Tech	Boston	North	C-1879	Jennifer Brown	676.53	5	338.26	236.79	3281.18	Credit Card
T-30880	2025-13-45	SKU-511	Samsung Headphones	Audio	Headphones	Samsung	1346.27	ST-102	Lakeside Electronics	Chicago	Midwest	C-1880		1423.0	3	426.9	298.83	4140.93	Credit Card
T-30881	2025-06-15	SKU-515	Bose Galaxy	Mobile	Galaxy	Bose	1251.1	ST-101	Downtown Tech	Boston	North	C-1881	Elizabeth Jones	1300.59	5	650.3	455.21	6307.86	Debit Card
T-30882	2025-06-15	SKU-502	Sony Buds	Audio	Buds	Sony	185.37	ST-101	Downtown Tech	Boston	North	C-1882	Patricia Johnson	185.35	4	74.14	51.9	719.16	PayPal
T-30883	2025-06-15	SKU-505	Bose Pro	Laptops	Pro	Bose	1483.51	ST-102	Lakeside Electronics	Chicago	Midwest	C-1883	Michael Johnson	1516.71	1	151.67	106.17	1471.21	Credit Card
T-30884	2025-06-15	SKU-505	HP iPhone	Mobile	iPhone	HP	710.2	ST-102	Lakeside Electronics	Chicago	Midwest	C-1884	Michael Williams	666.98	4	266.79	186.75	2587.88	Debit Card
T-30885	2025-06-15	SKU-505	Samsung XPS	Laptops	XPS	Samsung	924.72	ST-101	Downtown Tech	Boston	North	C-1885	Mary Smith	869.89	2	173.98	121.78	1687.58	Debit Card
T-30886	2025-06-15	SKU-510	HP Headphones	Audio	Headphones	HP	452.08	ST-102	Lakeside Electronics	Chicago	Midwest	C-1886	Patricia Brown	452.16	3	135.65	94.95	1315.78	PayPal
T-30887	2025-06-15	SKU-520	Apple Galaxy	Mobile	Galaxy	Apple	814.62	ST-101	Downtown Tech	Boston	North	C-1887	Elizabeth Johnson	860.63	3	258.19	180.73	2504.43	Credit Card
T-30888	2025-06-15	SKU-519	HP Pro	Laptops	Pro	HP	1127.02	ST-101	Downtown Tech	Boston	North	C-1888	Patricia Jones	1102.32	3	330.7	231.49	3207.75	PayPal
T-30889	2025-06-15	SKU-518	Dell XPS	Laptops	XPS	Dell	558.66	ST-102	Lakeside Electronics	Chicago	Midwest	C-1889	Michael Smith	567.91	3	170.37	119.26	1652.62	Credit Card
T-30890	2025-06-15	SKU-508	Apple Galaxy	Mobile	Galaxy	Apple	480.97	ST-101	Downtown Tech	Boston	North	C-1890	Robert Brown	521.77	1	52.18	36.52	506.11	Apple Pay
T-30891	2025-06-15	SKU-511	Apple Headphones	Audio	Headphones	Apple	1964.01	ST-102	Lakeside Electronics	Chicago	Midwest	C-1891	Elizabeth Johnson	2139.44	3	641.83	449.28	6225.77	Credit Card
T-30892	2025-06-15	SKU-516	Apple Air	Laptops	Air	Apple	527.97	ST-102	Lakeside Electronics	Chicago	Midwest	C-1892	Michael Davis	557.7	2	111.54	78.08	1081.94	Credit Card
T-30893	2025-06-15	SKU-519	Apple XPS	Laptops	XPS	Apple	1734.56	ST-101	Downtown Tech	Boston	North	C-1893	David Davis	1695.4	4	678.16	474.71	6578.15	PayPal
T-30894	2025-06-15	SKU-517	HP Buds	Audio	Buds	HP	361.76	ST-102	Lakeside Electronics	Chicago	Midwest	C-1894	Mary Garcia	339.59	4	135.84	95.09	1317.61	PayPal
T-30895	2025-06-15	SKU-500	Samsung XPS	Laptops	XPS	Samsung	531.54	ST-101	Downtown Tech	Boston	North	C-1895	James Brown	486.53	2	97.31	68.11	943.86	PayPal
T-30896	2025-06-15	SKU-511	Dell Air	Laptops	Air	Dell	1244.59	ST-101	Downtown Tech	Boston	North	C-1896	John Williams	1239.29	1	123.93	86.75	1202.11	Credit Card
T-30897	2025-06-15	SKU-515	Apple iPhone	Mobile	iPhone	Apple	1439.98	ST-102	Lakeside Electronics	Chicago	Midwest	C-1897	Patricia Davis	1567.11	5	783.55	548.49	7600.49	PayPal
T-30898	2025-06-15	SKU-517	Sony Galaxy	Mobile	Galaxy	Sony	1056.55	ST-101	Downtown Tech	Boston	North	C-1898	Jennifer Miller	1010.02	2	202.0	141.4	1959.44	PayPal
T-30899	2025-06-15	SKU-503	Dell Headphones	Audio	Headphones	Dell	807.54	ST-101	Downtown Tech	Boston	North	C-1899	James Brown	831.75	4	332.7	232.89	3227.19	Credit Card
T-30899	"June 12, 2025"	SKU-508	HP Air	Laptops	Air	HP	1217.66	ST-102	Lakeside Electronics	Chicago	Midwest	C-1900	Mary Smith	1304.01	4	521.6	365.12	5059.56	Credit Card
T-30901	2025-06-15	SKU-501	HP Galaxy	Mobile	Galaxy	HP	526.45	ST-102	Lakeside Electronics	Chicago	Midwest	C-1901	Robert Miller	543.34	1	54.33	38.03	527.04	Debit Card
T-30902	2025-06-15	SKU-508	Apple Buds	Audio	Buds	Apple	1639.46	ST-101	Downtown Tech	Boston	North	C-1902	James Garcia	1759.38	1	175.94	123.16	1706.6	Apple Pay
T-30903	2025-06-15	SKU-517	Bose Buds	Audio	Buds	Bose	980.65	ST-102	Lakeside Electronics	Chicago	Midwest	C-1903	Robert Miller	1028.83	2	205.77	144.04	1995.93	Credit Card
T-30904	2025-06-15	SKU-502	Dell Buds	Audio	Buds	Dell	1997.73	ST-102	Lakeside Electronics	Chicago	Midwest	C-1904	Jennifer Miller	2043.9	3	613.17	429.22	5947.75	Debit Card
T-30905	2025-06-15	SKU-503	Bose Headphones	Audio	Headphones	Bose	683.1	ST-102	Lakeside Electronics	Chicago	Midwest	C-1905	John Williams	678.01	4	271.2	189.84	2630.68	Apple Pay
T-30906	2025-06-15	SKU-520	Apple Galaxy	Mobile	Galaxy	Apple	1704.22	ST-101	Downtown Tech	Boston	North	C-1906	Michael Smith	1628.02	5	814.01	569.81	7895.9	Debit Card
T-30907	2025-06-15	SKU-508	Apple iPhone	Mobile	iPhone	Apple	1555.36	ST-102	Lakeside Electronics	Chicago	Midwest	C-1907	John Davis	1470.57	2	294.11	205.88	2852.91	Credit Card
T-30908	2025-06-15	SKU-501	Samsung XPS	Laptops	XPS	Samsung	450.09	ST-102	Lakeside Electronics	Chicago	Midwest	C-1908	Elizabeth Garcia	454.9	2	90.98	63.69	882.51	Debit Card
T-30909	2025-06-15	SKU-511	Dell XPS	Laptops	XPS	Dell	1126.84	ST-101	Downtown Tech	Boston	North	C-1909	Elizabeth Brown	1038.76	5	519.38	363.57	5037.99	Credit Card
T-30910	2025-06-15	SKU-506	Sony Pro	Laptops	Pro	Sony	719.0	ST-102	Lakeside Electronics	Chicago	Midwest	C-1910	MICHAEL	-99.99	2	-20.0	-14.0	-193.98	Debit Card
T-30911	2025-06-15	SKU-513	Sony Galaxy	Mobile	Galaxy	Sony	1805.05	ST-102	Lakeside Electronics	Chicago	Midwest	C-1911	Linda Jones	1682.42	1	168.24	117.77	1631.95	PayPal
T-30912	2025-06-15	SKU-519	Sony Pro	Laptops	Pro	Sony	501.81	ST-102	Lakeside Electronics	Chicago	Midwest	C-1912	David Garcia	489.65	5	244.83	171.38	2374.8	PayPal
T-30913	2025-06-15	SKU-502	HP Headphones	Audio	Headphones	HP	1921.39	ST-101	Downtown Tech	Boston	North	C-1913	Elizabeth Miller	2054.96	5	1027.48	719.24	9966.56	Apple Pay
T-30914	2025-06-15	SKU-510	Bose Buds	Audio	Buds	Bose	611.45	ST-102	Lakeside Electronics	Chicago	Midwest	C-1914	Patricia Garcia	648.02	3	194.41	136.08	1885.73	Apple Pay
T-30915	2025-06-15	SKU-507	Dell Headphones	Audio	Headphones	Dell	945.51	ST-102	Lakeside Electronics	Chicago	Midwest	C-1915	Jennifer Johnson	956.94	1	95.69	66.99	928.24	Apple Pay
T-30916	2025-06-15	SKU-513	Sony Air	Laptops	Air	Sony	536.55	ST-101	Downtown Tech	Boston	North	C-1916	David Brown	555.23	2	111.05	77.73	1077.14	Debit Card
T-30917	2025-06-15	SKU-503	Dell Galaxy	Mobile	Galaxy	Dell	254.86	ST-102	Lakeside Electronics	Chicago	Midwest	C-1917	David Williams	261.62	2	52.32	36.63	507.55	Apple Pay
T-30918	2025-06-15	SKU-513	Apple Pro	Laptops	Pro	Apple	600.41	ST-102	Lakeside Electronics	Chicago	Midwest	C-1918	Mary Williams	640.5	1	64.05	44.84	621.29	PayPal
T-30919	2025-06-15	SKU-516	Apple XPS	Laptops	XPS	Apple	1845.38	ST-102	Lakeside Electronics	Chicago	Midwest	C-1919	Jennifer Williams	1918.06	2	383.61	268.53	3721.04	Debit Card
T-30920	2025-06-15	SKU-518	Apple Galaxy	Mobile	Galaxy	Apple	1256.64	ST-101	Downtown Tech	Boston	North	C-1920	James Johnson	1369.72	4	547.89	383.52	5314.51	Apple Pay
T-30921	2025-06-15	SKU-515	Bose Galaxy	Mobile	Galaxy	Bose	1430.22	ST-101	Downtown Tech	Boston	North	C-1921	Elizabeth Johnson	1543.38	5	771.69	540.18	7485.39	Debit Card
T-30922	2025-06-15	SKU-512	Bose Buds	Audio	Buds	Bose	708.83	ST-101	Downtown Tech	Boston	North	C-1922	David Jones	670.87	4	268.35	187.84	2602.97	Credit Card
T-30923	2025-06-15	SKU-509	Sony Buds	Audio	Buds	Sony	713.32	ST-102	Lakeside Electronics	Chicago	Midwest	C-1923	Robert Williams	758.11	2	151.62	106.14	1470.74	Debit Card
T-30924	2025-06-15	SKU-503	Sony Buds	Audio	Buds	Sony	759.96	ST-101	Downtown Tech	Boston	North	C-1924	Mary Jones	757.93	2	151.59	106.11	1470.38	Debit Card
T-30925	2025-06-15	SKU-507	Dell Headphones	Audio	Headphones	Dell	1366.22	ST-101	Downtown Tech	Boston	North	C-1925	Mary Brown	1237.07	1	123.71	86.59	1199.95	PayPal
T-30926	2025-06-15	SKU-511	Apple iPhone	Mobile	iPhone	Apple	485.97	ST-102	Lakeside Electronics	Chicago	Midwest	C-1926	Linda Williams	466.04	1	46.6	32.62	452.06	Credit Card
T-30927	2025-06-15	SKU-508	HP Galaxy	Mobile	Galaxy	HP	265.04	ST-101	Downtown Tech	Boston	North	C-1927	John Johnson	281.14	2	56.23	39.36	545.41	Credit Card
T-30928	2025-06-15	SKU-510	Dell XPS	Laptops	XPS	Dell	624.61	ST-101	Downtown Tech	Boston	North	C-1928	Jennifer Smith	574.7	5	287.35	201.15	2787.3	PayPal
T-30929	2025-06-15	SKU-520	Sony Headphones	Audio	Headphones	Sony	1291.84	ST-101	Downtown Tech	Boston	North	C-1929	Robert Miller	1336.63	3	400.99	280.69	3889.59	PayPal
T-30930	2025-06-15	SKU-515	HP XPS	Laptops	XPS	HP	636.94	ST-101	Downtown Tech	Boston	North	C-1930	Mary Brown	628.57	4	251.43	176.0	2438.85	PayPal
T-30931	2025-06-15	SKU-513	Bose Pro	Laptops	Pro	Bose	1407.17	ST-102	Lakeside Electronics	Chicago	Midwest	C-1931	Elizabeth Brown	1402.73	2	280.55	196.38	2721.29	PayPal
T-30932	2025-06-15	SKU-515	Dell Buds	Audio	Buds	Dell	1613.82	ST-102	Lakeside Electronics	Chicago	Midwest	C-1932	Elizabeth Garcia	1547.79	2	309.56	216.69	3002.71	Debit Card
T-30933	2025-06-15	SKU-507	HP Galaxy	Mobile	Galaxy	HP	1358.59	ST-101	Downtown Tech	Boston	North	C-1933	Robert Davis	1402.23	3	420.67	294.47	4080.49	Apple Pay
T-30934	2025-06-15	SKU-515	Bose Air	Laptops	Air	Bose	1242.01	ST-101	Downtown Tech	Boston	North	C-1934	James Jones	1243.87	4	497.55	348.28	4826.21	Debit Card
T-30935	2025-06-15	SKU-513	Dell Buds	Audio	Buds	Dell	843.62	ST-102	Lakeside Electronics	Chicago	Midwest	C-1935	Michael Miller	913.2	3	273.96	191.77	2657.41	PayPal
T-30936	2025-06-15	SKU-509	Dell Headphones	Audio	Headphones	Dell	950.51	ST-101	Downtown Tech	Boston	North	C-1936	Elizabeth Williams	1003.65	1	100.37	70.26	973.54	Debit Card
T-30937	2025-06-15	SKU-500	Samsung Headphones	Audio	Headphones	Samsung	1624.58	ST-101	Downtown Tech	Boston	North	C-1937	Jennifer Garcia	1674.92	5	837.46	586.22	8123.36	Debit Card
T-30938	2025-06-15	SKU-517	Sony Pro	Laptops	Pro	Sony	851.5	ST-101	Downtown Tech	Boston	North	C-1938	John Williams	822.8	2	164.56	115.19	1596.23	PayPal
T-30939	2025-06-15	SKU-516	Apple Pro	Laptops	Pro	Apple	294.79	ST-102	Lakeside Electronics	Chicago	Midwest	C-1939	Linda Smith	282.0	1	28.2	19.74	273.54	PayPal
T-30940	2025-06-15	SKU-512	Apple iPhone	Mobile	iPhone	Apple	1345.02	ST-101	Downtown Tech	Boston	North	C-1940	John Johnson	1230.39	4	492.16	344.51	4773.91	Credit Card
T-30941	2025-06-15	SKU-503	Bose Headphones	Audio	Headphones	Bose	1498.16	ST-102	Lakeside Electronics	Chicago	Midwest	C-1941	Patricia Jones	1475.73	1	147.57	103.3	1431.46	Debit Card
T-30942	2025-06-15	SKU-508	HP Pro	Laptops	Pro	HP	1941.6	ST-102	Lakeside Electronics	Chicago	Midwest	C-1942	Michael Jones	1783.58	4	713.43	499.4	6920.29	Debit Card
T-30943	2025-06-15	SKU-512	HP iPhone	Mobile	iPhone	HP	132.7	ST-102	Lakeside Electronics	Chicago	Midwest	C-1943	Michael Garcia	131.43	5	65.72	46.0	637.43	Apple Pay
T-30944	2025-06-15	SKU-515	Samsung Galaxy	Mobile	Galaxy	Samsung	1169.99	ST-102	Lakeside Electronics	Chicago	Midwest	C-1944	Jennifer Williams	1075.31	2	215.06	150.54	2086.1	Apple Pay
T-30945	2025-06-15	SKU-504	Sony Pro	Laptops	Pro	Sony	866.07	ST-102	Lakeside Electronics	Chicago	Midwest	C-1945	David Brown	912.39	3	273.72	191.6	2655.05	Debit Card
T-30946	2025-06-15	SKU-501	Bose iPhone	Mobile	iPhone	Bose	710.74	ST-102	Lakeside Electronics	Chicago	Midwest	C-1946	James Jones	746.99	4	298.8	209.16	2898.32	Apple Pay
T-30947	2025-06-15	SKU-510	Dell Headphones	Audio	Headphones	Dell	976.61	ST-102	Lakeside Electronics	Chicago	Midwest	C-1947	David Johnson	962.1	1	96.21	67.35	933.24	PayPal
T-30948	2025-06-15	SKU-503	Apple XPS	Laptops	XPS	Apple	415.77	ST-102	Lakeside Electronics	Chicago	Midwest	C-1948	Mary Smith	415.37	5	207.69	145.38	2014.54	PayPal
T-30949	2025-06-15	SKU-512	Bose Buds	Audio	Buds	Bose	117.59	ST-101	Downtown Tech	Boston	North	C-1949	Michael Jones	118.12	5	59.06	41.34	572.88	PayPal
T-30950	2025-06-15	SKU-519	Samsung iPhone	Mobile	iPhone	Samsung	1908.79	ST-102	Lakeside Electronics	Chicago	Midwest	C-1950	David Jones	1894.62	3	568.39	397.87	5513.34	PayPal
T-30951	2025-06-15	SKU-500	Samsung Buds	Audio	Buds	Samsung	703.61	ST-101	Downtown Tech	Boston	North	C-1951	Robert Davis	773.03	1	77.3	54.11	749.84	PayPal
T-30952	2025-06-15	SKU-517	Samsung Headphones	Audio	Headphones	Samsung	971.33	ST-101	Downtown Tech	Boston	North	C-1952	James Davis	887.17	5	443.58	310.51	4302.78	Debit Card
T-30953	2025-06-15	SKU-508	Bose Pro	Laptops	Pro	Bose	639.96	ST-102	Lakeside Electronics	Chicago	Midwest	C-1953	Elizabeth Jones	655.9	4	262.36	183.65	2544.89	PayPal
T-30954	2025-06-15	SKU-503	Apple Headphones	Audio	Headphones	Apple	1488.25	ST-102	Lakeside Electronics	Chicago	Midwest	C-1954	Robert Jones	1377.14	5	688.57	482.0	6679.13	Apple Pay
T-30955	2025-06-15	SKU-519	Dell Buds	Audio	Buds	Dell	1370.14	ST-102	Lakeside Electronics	Chicago	Midwest	C-1955	Patricia Williams	1447.79	2	289.56	202.69	2808.71	PayPal
T-30956	2025-06-15	SKU-500	Samsung Air	Laptops	Air	Samsung	714.34	ST-101	Downtown Tech	Boston	North	C-1956	Robert Davis	737.89	3	221.37	154.96	2147.26	Credit Card
T-30957	2025-06-15	SKU-512	Samsung Buds	Audio	Buds	Samsung	1570.45	ST-102	Lakeside Electronics	Chicago	Midwest	C-1957	Jennifer Jones	1580.09	5	790.05	553.03	7663.43	PayPal
T-30958	2025-06-15	SKU-513	Bose iPhone	Mobile	iPhone	Bose	1164.92	ST-102	Lakeside Electronics	Chicago	Midwest	C-1958	John Johnson	1200.36	2	240.07	168.05	2328.7	Debit Card
T-30959	2025-06-15	SKU-513	HP Buds	Audio	Buds	HP	506.18	ST-101	Downtown Tech	Boston	North	C-1959	Michael Garcia	550.03	1	55.0	38.5	533.53	Apple Pay
T-30960	2025-13-45	SKU-500	Dell Headphones	Audio	Headphones	Dell	1213.76	ST-102	Lakeside Electronics	Chicago	Midwest	C-1960	Mary Garcia	1214.44	1	121.44	85.01	1178.01	Debit Card
T-30961	2025-06-15	SKU-520	Apple Buds	Audio	Buds	Apple	1009.6	ST-101	Downtown Tech	Boston	North	C-1961	John Jones	1104.73	1	110.47	77.33	1071.59	Apple Pay
T-30962	2025-06-15	SKU-515	Sony Buds	Audio	Buds	Sony	430.16	ST-101	Downtown Tech	Boston	North	C-1962	James Garcia	439.87	2	87.97	61.58	853.35	PayPal
T-30963	2025-06-15	SKU-503	Samsung Air	Laptops	Air	Samsung	206.49	ST-101	Downtown Tech	Boston	North	C-1963	Jennifer Johnson	226.45	2	45.29	31.7	439.31	Credit Card
T-30964	2025-06-15	SKU-505	Dell Buds	Audio	Buds	Dell	1820.88	ST-102	Lakeside Electronics	Chicago	Midwest	C-1964	David Smith	1790.43	1	179.04	125.33	1736.72	PayPal
T-30965	2025-06-15	SKU-508	Sony XPS	Laptops	XPS	Sony	259.54	ST-102	Lakeside Electronics	Chicago	Midwest	C-1965	James Jones	269.34	4	107.74	75.42	1045.04	Credit Card
T-30966	2025-06-15	SKU-503	Dell Galaxy	Mobile	Galaxy	Dell	748.76	ST-101	Downtown Tech	Boston	North	C-1966	Elizabeth Davis	691.29	1	69.13	48.39	670.55	Credit Card
T-30967	2025-06-15	SKU-505	Samsung iPhone	Mobile	iPhone	Samsung	1598.6	ST-101	Downtown Tech	Boston	North	C-1967	Jennifer Davis	1719.2	2	343.84	240.69	3335.25	PayPal
T-30968	2025-06-15	SKU-509	Bose Headphones	Audio	Headphones	Bose	201.34	ST-102	Lakeside Electronics	Chicago	Midwest	C-1968	Robert Jones	203.96	4	81.58	57.11	791.37	PayPal
T-30969	2025-06-15	SKU-509	Dell Pro	Laptops	Pro	Dell	592.77	ST-102	Lakeside Electronics	Chicago	Midwest	C-1969	John Johnson	575.6	3	172.68	120.88	1675.0	Apple Pay
T-30970	2025-06-15	SKU-501	Bose Headphones	Audio	Headphones	Bose	1904.36	ST-102	Lakeside Electronics	Chicago	Midwest	C-1970	Robert Brown	1846.06	3	553.82	387.67	5372.03	Debit Card
T-30971	2025-06-15	SKU-502	Bose Buds	Audio	Buds	Bose	1075.22	ST-101	Downtown Tech	Boston	North	C-1971	John Brown	1023.79	1	102.38	71.67	993.08	PayPal
T-30972	2025-06-15	SKU-518	HP Air	Laptops	Air	HP	713.68	ST-102	Lakeside Electronics	Chicago	Midwest	C-1972	Elizabeth Smith	742.41	3	222.72	155.91	2160.42	PayPal
T-30973	2025-06-15	SKU-510	HP Galaxy	Mobile	Galaxy	HP	1330.97	ST-101	Downtown Tech	Boston	North	C-1973	Robert Garcia	1241.19	5	620.6	434.42	6019.77	Credit Card
T-30974	2025-06-15	SKU-518	HP Buds	Audio	Buds	HP	1194.33	ST-102	Lakeside Electronics	Chicago	Midwest	C-1974	Michael Davis	1135.23	3	340.57	238.4	3303.52	Debit Card
T-30975	2025-06-15	SKU-509	HP Buds	Audio	Buds	HP	176.25	ST-101	Downtown Tech	Boston	North	C-1975	David Johnson	173.64	3	52.09	36.46	505.29	Apple Pay
T-30976	2025-06-15	SKU-516	Sony Pro	Laptops	Pro	Sony	416.13	ST-102	Lakeside Electronics	Chicago	Midwest	C-1976	Elizabeth Brown	385.33	3	115.6	80.92	1121.31	Credit Card
T-30977	2025-06-15	SKU-514	Dell Air	Laptops	Air	Dell	852.39	ST-102	Lakeside Electronics	Chicago	Midwest	C-1977	James Williams	917.68	3	275.3	192.71	2670.45	Credit Card
T-30978	2025-06-15	SKU-513	Samsung Pro	Laptops	Pro	Samsung	271.32	ST-101	Downtown Tech	Boston	North	C-1978	Robert Garcia	270.09	3	81.03	56.72	785.96	Apple Pay
T-30979	2025-06-15	SKU-506	Sony Buds	Audio	Buds	Sony	1834.38	ST-102	Lakeside Electronics	Chicago	Midwest	C-1979	Linda Brown	1793.13	3	537.94	376.56	5218.01	Apple Pay
T-30980	2025-06-15	SKU-519	Dell Galaxy	Mobile	Galaxy	Dell	848.32	ST-101	Downtown Tech	Boston	North	C-1980	Jennifer Davis	-99.99	5	-50.0	-35.0	-484.95	PayPal
T-30981	2025-06-15	SKU-516	Dell Galaxy	Mobile	Galaxy	Dell	1664.15	ST-102	Lakeside Electronics	Chicago	Midwest	C-1981	Mary Brown	1664.13	1	166.41	116.49	1614.21	Debit Card
T-30982	2025-06-15	SKU-512	HP Air	Laptops	Air	HP	1342.69	ST-102	Lakeside Electronics	Chicago	Midwest	C-1982	Robert Jones	1312.3	4	524.92	367.44	5091.72	Debit Card
T-30983	2025-06-15	SKU-512	HP Pro	Laptops	Pro	HP	1396.45	ST-101	Downtown Tech	Boston	North	C-1983	Linda Johnson	1448.42	1	144.84	101.39	1404.97	Apple Pay
T-30984	2025-06-15	SKU-504	Apple Air	Laptops	Air	Apple	1191.9	ST-102	Lakeside Electronics	Chicago	Midwest	C-1984	Linda Smith	1228.57	4	491.43	344.0	4766.85	Credit Card
T-30985	2025-06-15	SKU-520	Dell Galaxy	Mobile	Galaxy	Dell	320.32	ST-102	Lakeside Electronics	Chicago	Midwest	C-1985	David Garcia	333.9	5	166.95	116.87	1619.42	Credit Card
T-30986	2025-06-15	SKU-502	Samsung Galaxy	Mobile	Galaxy	Samsung	385.74	ST-102	Lakeside Electronics	Chicago	Midwest	C-1986	Elizabeth Jones	386.89	5	193.44	135.41	1876.42	Apple Pay
T-30987	2025-06-15	SKU-509	HP Air	Laptops	Air	HP	175.7	ST-102	Lakeside Electronics	Chicago	Midwest	C-1987	Linda Garcia	189.38	3	56.81	39.77	551.1	Apple Pay
T-30988	2025-06-15	SKU-500	Dell Buds	Audio	Buds	Dell	1131.22	ST-101	Downtown Tech	Boston	North	C-1988	John Garcia	1022.06	3	306.62	214.63	2974.19	Credit Card
T-30989	2025-06-15	SKU-501	Sony Air	Laptops	Air	Sony	1109.41	ST-102	Lakeside Electronics	Chicago	Midwest	C-1989	Patricia Williams	1117.17	2	223.43	156.4	2167.31	PayPal
T-30990	2025-06-15	SKU-508	Bose Galaxy	Mobile	Galaxy	Bose	756.23	ST-102	Lakeside Electronics	Chicago	Midwest	C-1990		686.75	3	206.03	144.22	1998.44	Credit Card
T-30991	2025-06-15	SKU-512	Samsung Headphones	Audio	Headphones	Samsung	1074.0	ST-101	Downtown Tech	Boston	North	C-1991	Jennifer Jones	1052.68	2	210.54	147.38	2042.2	Debit Card
T-30992	2025-06-15	SKU-513	Bose Headphones	Audio	Headphones	Bose	1933.8	ST-101	Downtown Tech	Boston	North	C-1992	Elizabeth Jones	1978.5	5	989.25	692.48	9595.73	Credit Card
T-30993	2025-06-15	SKU-506	Dell Buds	Audio	Buds	Dell	1545.37	ST-102	Lakeside Electronics	Chicago	Midwest	C-1993	John Williams	1545.85	1	154.59	108.21	1499.47	Apple Pay
T-30994	2025-06-15	SKU-508	Samsung Buds	Audio	Buds	Samsung	109.6	ST-101	Downtown Tech	Boston	North	C-1994	James Miller	104.66	4	41.86	29.3	406.08	Debit Card
T-30995	2025-06-15	SKU-500	Apple Pro	Laptops	Pro	Apple	1447.12	ST-101	Downtown Tech	Boston	North	C-1995	Mary Jones	1472.56	5	736.28	515.4	7141.92	Apple Pay
T-30996	2025-06-15	SKU-510	HP Headphones	Audio	Headphones	HP	747.13	ST-102	Lakeside Electronics	Chicago	Midwest	C-1996	Linda Williams	800.08	4	320.03	224.02	3104.31	PayPal
T-30997	2025-06-15	SKU-512	Bose Galaxy	Mobile	Galaxy	Bose	161.31	ST-101	Downtown Tech	Boston	North	C-1997	Linda Garcia	151.88	5	75.94	53.16	736.62	Debit Card
T-30998	2025-06-15	SKU-514	Dell Galaxy	Mobile	Galaxy	Dell	156.17	ST-101	Downtown Tech	Boston	North	C-1998	Elizabeth Garcia	153.53	1	15.35	10.75	148.93	Apple Pay
T-30999	2025-06-15	SKU-512	Samsung iPhone	Mobile	iPhone	Samsung	1253.53	ST-101	Downtown Tech	Boston	North	C-1999	Mary Miller	1181.15	1	118.12	82.68	1145.71	Debit Card
T-30999	2025-06-15	SKU-512	Samsung XPS	Laptops	XPS	Samsung	1145.13	ST-102	Lakeside Electronics	Chicago	Midwest	C-2000	Patricia Miller	1103.77	0	0.0	0.0	0.0	Credit Card
T-50001	2025-11-09	PROD-5028	Microsoft Keyboard Pro	Accessories	Keyboards	Microsoft	1729.38	ST-02	Digital Depot	Austin	South	CUST-2092	Robert Brown	1759.25	5	0.0	615.74	9411.99	Debit Card
T-50002	2025-04-23	PROD-5029	Apple Smartwatche Pro	Mobile	Smartwatches	Apple	2481.03	ST-08	Gateway Gear	St. Louis	Midwest	CUST-2063	Robert Williams	2549.76	3	1147.39	390.11	6892.0	PayPal
T-50003	2025-10-12	PROD-5018	Bose Laptop Pro	Computing	Laptops	Bose	839.46	ST-07	Peach State Gadgets	Atlanta	South	CUST-2068	James Miller	819.04	5	204.76	272.33	4162.77	Google Pay
T-50004	2025-01-08	PROD-5026	Apple Smartphone Pro	Mobile	Smartphones	Apple	538.85	ST-02	Digital Depot	Austin	South	CUST-2082	Mary Jones	523.66	1	52.37	32.99	504.28	Apple Pay
T-50005	2025-10-28	PROD-5035	Dell Laptop Pro	Computing	Laptops	Dell	2449.03	ST-06	Evergreen Tech	Seattle	West	CUST-2092	Robert Brown	2520.83	5	1260.41	907.5	12251.24	Apple Pay
T-50006	2025-07-28	PROD-5021	HP Headphone Pro	Audio	Headphones	HP	1118.89	ST-08	Gateway Gear	St. Louis	Midwest	CUST-2071	Linda Smith	1173.58	5	293.39	334.47	5908.98	Credit Card
T-50007	2025-10-12	PROD-5027	Microsoft Speaker Pro	Audio	Speakers	Microsoft	1346.24	ST-10	Sunshine Systems	Miami	South	CUST-2091	David Johnson	1281.26	4	512.5	322.88	4935.42	Apple Pay
T-50008	2025-11-30	PROD-5028	Microsoft Keyboard Pro	Accessories	Keyboards	Microsoft	1729.38	ST-02	Digital Depot	Austin	South	CUST-2097	John Williams	1787.24	4	1072.34	425.36	6501.98	Credit Card
T-50009	2025-03-19	PROD-5048	Microsoft Smartphone Pro	Mobile	Smartphones	Microsoft	2457.95	ST-06	Evergreen Tech	Seattle	West	CUST-2082	Mary Jones	2555.03	3	0.0	613.21	8278.3	Google Pay
T-50010	2025-09-25	PROD-5014	Logitech Smartwatche Pro	Mobile	Smartwatches	Logitech	1528.26	ST-06	Evergreen Tech	Seattle	West	CUST-2006	Patricia Miller	1593.69	2	159.37	242.24	3270.25	Google Pay
T-50011	2025-04-24	PROD-5000	Microsoft Speaker Pro	Audio	Speakers	Microsoft	2260.98	ST-03	Silicon Square	San Jose	West	CUST-2065	David Martinez	2261.37	5	565.34	859.32	11600.83	Debit Card
T-50012	2025-01-06	PROD-5016	Microsoft Smartwatche Pro	Mobile	Smartwatches	Microsoft	1215.4	ST-09	Mile High Mobile	Denver	West	CUST-2042	Linda Davis	1171.54	2	0.0	187.45	2530.53	PayPal
T-50013	2025-11-12	PROD-5046	Bose Mice Pro	Accessories	Mice	Bose	1877.63	ST-01	Tech Haven	Boston	North	CUST-2067	James Miller	1813.58	1	90.68	107.68	1830.58	Google Pay
T-50014	2025-05-18	PROD-5022	Logitech Speaker Pro	Audio	Speakers	Logitech	162.22	ST-10	Sunshine Systems	Miami	South	CUST-2083	Michael Johnson	164.97	3	24.75	32.91	503.07	PayPal
T-50015	2025-12-28	PROD-5017	Sony Keyboard Pro	Accessories	Keyboards	Sony	2320.52	ST-07	Peach State Gadgets	Atlanta	South	CUST-2004	David Martinez	2296.85	4	0.0	643.12	9830.52	Credit Card
T-50016	2025-12-22	PROD-5018	Bose Laptop Pro	Computing	Laptops	Bose	839.46	ST-09	Mile High Mobile	Denver	West	CUST-2084	Linda Garcia	801.77	5	0.0	320.71	4329.56	Credit Card
T-50017	2025-11-05	PROD-5045	Dell Smartphone Pro	Mobile	Smartphones	Dell	555.4	ST-04	Windy City Gear	Chicago	Midwest	CUST-2085	James Rodriguez	550.81	3	247.86	84.27	1488.84	PayPal
T-50018	2025-10-07	PROD-5018	Bose Laptop Pro	Computing	Laptops	Bose	839.46	ST-06	Evergreen Tech	Seattle	West	CUST-2022	Linda Brown	838.28	2	167.66	120.71	1629.61	Google Pay
T-50019	2025-07-16	PROD-5030	Microsoft Smartwatche Pro	Mobile	Smartwatches	Microsoft	1134.83	ST-09	Mile High Mobile	Denver	West	CUST-2051	Elizabeth Williams	1158.44	4	231.69	352.17	4754.24	Debit Card
T-50020	2025-01-05	PROD-5003	Dell Mice Pro	Accessories	Mice	Dell	843.02	ST-04	Windy City Gear	Chicago	Midwest	CUST-2078	Jennifer Davis	874.81	5	0.0	262.44	4636.49	Google Pay
T-50021	2025-01-31	PROD-5047	Logitech Keyboard Pro	Accessories	Keyboards	Logitech	595.48	ST-10	Sunshine Systems	Miami	South	CUST-2014	John Smith	570.52	2	114.1	71.89	1098.83	Debit Card
T-50022	2025-09-17	PROD-5024	Sony Monitor Pro	Computing	Monitors	Sony	739.23	ST-06	Evergreen Tech	Seattle	West	CUST-2066	Jennifer Williams	739.73	4	0.0	236.71	3195.63	Apple Pay
T-50023	2025-05-08	PROD-5035	Dell Laptop Pro	Computing	Laptops	Dell	2449.03	ST-06	Evergreen Tech	Seattle	West	CUST-2033	Elizabeth Davis	2553.34	1	255.33	183.84	2481.85	Google Pay
T-50024	2025-05-10	PROD-5023	Dell Mice Pro	Accessories	Mice	Dell	1712.19	ST-03	Silicon Square	San Jose	West	CUST-2008	Elizabeth Jones	1756.62	3	526.99	379.43	5122.3	Apple Pay
T-50025	2025-05-01	PROD-5046	Bose Mice Pro	Accessories	Mice	Bose	1877.63	ST-10	Sunshine Systems	Miami	South	CUST-2018	Mary Jones	1922.99	1	0.0	134.61	2057.6	Debit Card
T-50026	2025-09-13	PROD-5037	Bose Keyboard Pro	Accessories	Keyboards	Bose	1221.63	ST-04	Windy City Gear	Chicago	Midwest	CUST-2016	Elizabeth Rodriguez	1213.39	3	0.0	218.41	3858.58	Debit Card
T-50027	2025-09-02	PROD-5036	Logitech Mice Pro	Accessories	Mice	Logitech	554.85	ST-10	Sunshine Systems	Miami	South	CUST-2016	Elizabeth Rodriguez	535.26	4	0.0	149.87	2290.91	Apple Pay
T-50028	2025-01-21	PROD-5007	Apple Speaker Pro	Audio	Speakers	Apple	1970.43	ST-02	Digital Depot	Austin	South	CUST-2019	James Miller	2018.8	5	504.7	671.25	10260.55	Credit Card
T-50029	2025-06-25	PROD-5013	HP Mice Pro	Accessories	Mice	HP	1304.61	ST-09	Mile High Mobile	Denver	West	CUST-2096	Michael Davis	1326.05	4	795.63	360.69	4869.26	Apple Pay
T-50030	2025-07-29	PROD-5001	Apple Tablet Pro	Computing	Tablets	Apple	1730.77	ST-07	Peach State Gadgets	Atlanta	South	CUST-2096	Michael Davis	1725.75	5	0.0	604.01	9232.76	Credit Card
T-50031	2025-04-21	PROD-5041	Microsoft Smartwatche Pro	Mobile	Smartwatches	Microsoft	2371.04	ST-05	Empire Electronics	New York	North	CUST-2046	Robert Jones	2416.59	4	0.0	604.15	10270.51	Google Pay
T-50032	2025-02-11	PROD-5042	HP Mice Pro	Accessories	Mice	HP	1992.52	ST-05	Empire Electronics	New York	North	CUST-2011	Jennifer Smith	2022.57	4	404.51	480.36	8166.13	Credit Card
T-50033	2025-07-15	PROD-5022	Logitech Speaker Pro	Audio	Speakers	Logitech	162.22	ST-06	Evergreen Tech	Seattle	West	CUST-2020	Robert Johnson	164.57	4	65.83	47.4	639.85	Debit Card
T-50034	2025-08-30	PROD-5035	Dell Laptop Pro	Computing	Laptops	Dell	2449.03	ST-04	Windy City Gear	Chicago	Midwest	CUST-2020	Robert Johnson	2540.07	3	762.02	411.49	7269.68	Google Pay
T-50035	2025-07-05	PROD-5021	HP Headphone Pro	Audio	Headphones	HP	1118.89	ST-03	Silicon Square	San Jose	West	CUST-2042	Linda Davis	1127.42	1	112.74	81.17	1095.85	Apple Pay
T-50036	2025-02-23	PROD-5029	Apple Smartwatche Pro	Mobile	Smartwatches	Apple	2481.03	ST-05	Empire Electronics	New York	North	CUST-2053	Michael Jones	2430.72	1	0.0	151.92	2582.64	Credit Card
T-50037	2025-05-29	PROD-5019	HP Mice Pro	Accessories	Mice	HP	248.24	ST-05	Empire Electronics	New York	North	CUST-2012	Jennifer Jones	237.5	1	35.62	12.62	214.5	Credit Card
T-50038	2025-04-26	PROD-5011	Sony Laptop Pro	Computing	Laptops	Sony	304.69	ST-08	Gateway Gear	St. Louis	Midwest	CUST-2014	John Smith	299.17	5	224.38	76.29	1347.76	PayPal
T-50039	2025-01-18	PROD-5022	Logitech Speaker Pro	Audio	Speakers	Logitech	162.22	ST-08	Gateway Gear	St. Louis	Midwest	CUST-2050	John Smith	154.58	4	0.0	37.1	655.42	Google Pay
T-50040	2025-03-26	PROD-5006	HP Keyboard Pro	Accessories	Keyboards	HP	587.45	ST-10	Sunshine Systems	Miami	South	CUST-2098	Elizabeth Johnson	572.37	2	0.0	80.13	1224.87	Debit Card
T-50041	2025-10-17	PROD-5025	Logitech Speaker Pro	Audio	Speakers	Logitech	1871.67	ST-08	Gateway Gear	St. Louis	Midwest	CUST-2090	Mary Smith	1893.86	1	0.0	113.63	2007.49	Credit Card
T-50042	2025-08-09	PROD-5035	Dell Laptop Pro	Computing	Laptops	Dell	2449.03	ST-02	Digital Depot	Austin	South	CUST-2036	Robert Miller	2401.06	3	720.32	453.8	6936.66	Debit Card
T-50043	2025-03-18	PROD-5010	Apple Headphone Pro	Audio	Headphones	Apple	1099.67	ST-03	Silicon Square	San Jose	West	CUST-2022	Linda Brown	1089.87	2	108.99	165.66	2236.41	Google Pay
T-50044	2025-09-21	PROD-5042	HP Mice Pro	Accessories	Mice	HP	1992.52	ST-01	Tech Haven	Boston	North	CUST-2015	Jennifer Davis	2082.5	5	0.0	650.78	11063.28	Google Pay
T-50045	2025-10-02	PROD-5036	Logitech Mice Pro	Accessories	Mice	Logitech	554.85	ST-02	Digital Depot	Austin	South	CUST-2080	Michael Johnson	563.31	2	0.0	78.86	1205.48	Apple Pay
T-50046	2025-11-03	PROD-5044	Samsung Keyboard Pro	Accessories	Keyboards	Samsung	1673.85	ST-10	Sunshine Systems	Miami	South	CUST-2088	Elizabeth Garcia	1704.6	4	1022.76	405.69	6201.33	Credit Card
T-50047	2025-05-04	PROD-5026	Apple Smartphone Pro	Mobile	Smartphones	Apple	538.85	ST-01	Tech Haven	Boston	North	CUST-2038	Patricia Rodriguez	561.12	4	0.0	140.28	2384.76	Google Pay
T-50048	2025-11-03	PROD-5018	Bose Laptop Pro	Computing	Laptops	Bose	839.46	ST-09	Mile High Mobile	Denver	West	CUST-2012	Jennifer Jones	881.11	5	0.0	352.44	4757.99	Debit Card
T-50049	2025-04-13	PROD-5036	Logitech Mice Pro	Accessories	Mice	Logitech	554.85	ST-04	Windy City Gear	Chicago	Midwest	CUST-2057	James Jones	542.41	2	0.0	65.09	1149.91	Credit Card
T-50050	2025-08-06	PROD-5027	Microsoft Speaker Pro	Audio	Speakers	Microsoft	1346.24	ST-09	Mile High Mobile	Denver	West	CUST-2017	Patricia Jones	1368.5	1	205.28	93.06	1256.28	PayPal
T-50051	2025-09-02	PROD-5025	Logitech Speaker Pro	Audio	Speakers	Logitech	1871.67	ST-07	Peach State Gadgets	Atlanta	South	CUST-2087	David Johnson	1922.7	5	961.35	605.65	9257.8	Debit Card
T-50052	2025-10-28	PROD-5043	Apple Smartphone Pro	Mobile	Smartphones	Apple	1945.15	ST-09	Mile High Mobile	Denver	West	CUST-2040	Linda Martinez	1977.63	5	0.0	791.05	10679.2	Debit Card
T-50053	2025-02-03	PROD-5011	Sony Laptop Pro	Computing	Laptops	Sony	304.69	ST-07	Peach State Gadgets	Atlanta	South	CUST-2000	Mary Williams	299.23	2	29.92	39.8	608.34	Credit Card
T-50054	2025-08-31	PROD-5020	Apple Smartphone Pro	Mobile	Smartphones	Apple	127.57	ST-03	Silicon Square	San Jose	West	CUST-2026	John Johnson	133.87	5	100.4	45.52	614.47	Credit Card
T-50055	2025-03-23	PROD-5031	Microsoft Smartwatche Pro	Mobile	Smartwatches	Microsoft	439.91	ST-03	Silicon Square	San Jose	West	CUST-2049	David Jones	419.13	4	0.0	134.12	1810.64	Apple Pay
T-50056	2025-06-13	PROD-5047	Logitech Keyboard Pro	Accessories	Keyboards	Logitech	595.48	ST-03	Silicon Square	San Jose	West	CUST-2025	John Jones	569.68	5	284.84	205.08	2768.64	Credit Card
T-50057	2025-12-16	PROD-5008	Apple Mice Pro	Accessories	Mice	Apple	1303.88	ST-08	Gateway Gear	St. Louis	Midwest	CUST-2081	Michael Miller	1297.99	4	259.6	295.94	5228.3	Credit Card
T-50058	2025-09-19	PROD-5021	HP Headphone Pro	Audio	Headphones	HP	1118.89	ST-03	Silicon Square	San Jose	West	CUST-2097	John Williams	1098.9	2	0.0	175.82	2373.62	Credit Card
T-50059	2025-04-28	PROD-5037	Bose Keyboard Pro	Accessories	Keyboards	Bose	1221.63	ST-01	Tech Haven	Boston	North	CUST-2023	Jennifer Brown	1238.55	4	247.71	294.16	5000.65	PayPal
T-50060	2025-07-06	PROD-5040	Dell Laptop Pro	Computing	Laptops	Dell	876.34	ST-01	Tech Haven	Boston	North	CUST-2090	Mary Smith	869.34	5	434.67	244.5	4156.53	Apple Pay
T-50061	2025-12-18	PROD-5008	Apple Mice Pro	Accessories	Mice	Apple	1303.88	ST-07	Peach State Gadgets	Atlanta	South	CUST-2021	Michael Garcia	1328.72	4	531.49	334.84	5118.23	Debit Card
T-50062	2025-09-01	PROD-5029	Apple Smartwatche Pro	Mobile	Smartwatches	Apple	2481.03	ST-06	Evergreen Tech	Seattle	West	CUST-2008	Elizabeth Jones	2390.72	4	1434.43	650.28	8778.73	Credit Card
T-50063	2025-08-09	PROD-5021	HP Headphone Pro	Audio	Headphones	HP	1118.89	ST-04	Windy City Gear	Chicago	Midwest	CUST-2025	John Jones	1160.2	4	0.0	278.45	4919.25	Apple Pay
T-50064	2025-04-28	PROD-5028	Microsoft Keyboard Pro	Accessories	Keyboards	Microsoft	1729.38	ST-06	Evergreen Tech	Seattle	West	CUST-2080	Michael Johnson	1806.27	3	812.82	368.48	4974.47	Google Pay
T-50065	2025-05-26	PROD-5006	HP Keyboard Pro	Accessories	Keyboards	HP	587.45	ST-01	Tech Haven	Boston	North	CUST-2075	Linda Davis	568.54	4	227.42	127.92	2174.66	PayPal
T-50066	2025-07-21	PROD-5034	Microsoft Headphone Pro	Audio	Headphones	Microsoft	2075.67	ST-05	Empire Electronics	New York	North	CUST-2036	Robert Miller	2140.8	3	0.0	401.4	6823.8	Google Pay
T-50067	2025-06-17	PROD-5019	HP Mice Pro	Accessories	Mice	HP	248.24	ST-10	Sunshine Systems	Miami	South	CUST-2017	Patricia Jones	245.98	4	0.0	68.87	1052.79	Credit Card
T-50068	2025-02-11	PROD-5007	Apple Speaker Pro	Audio	Speakers	Apple	1970.43	ST-05	Empire Electronics	New York	North	CUST-2076	Patricia Rodriguez	1932.94	4	0.0	483.24	8215.0	Debit Card
T-50069	2025-02-23	PROD-5044	Samsung Keyboard Pro	Accessories	Keyboards	Samsung	1673.85	ST-07	Peach State Gadgets	Atlanta	South	CUST-2090	Mary Smith	1621.04	2	0.0	226.95	3469.03	Credit Card
T-50070	2025-03-28	PROD-5038	HP Headphone Pro	Audio	Headphones	HP	1705.55	ST-04	Windy City Gear	Chicago	Midwest	CUST-2038	Patricia Rodriguez	1774.83	2	532.45	181.03	3198.24	Credit Card
T-50071	2025-01-05	PROD-5031	Microsoft Smartwatche Pro	Mobile	Smartwatches	Microsoft	439.91	ST-01	Tech Haven	Boston	North	CUST-2053	Michael Jones	434.59	3	0.0	81.49	1385.26	Apple Pay
T-50072	2025-07-14	PROD-5014	Logitech Smartwatche Pro	Mobile	Smartwatches	Logitech	1528.26	ST-07	Peach State Gadgets	Atlanta	South	CUST-2021	Michael Garcia	1465.61	5	732.8	461.67	7056.92	Credit Card
T-50073	2025-12-31	PROD-5004	Microsoft Speaker Pro	Audio	Speakers	Microsoft	451.4	ST-08	Gateway Gear	St. Louis	Midwest	CUST-2063	Robert Williams	457.92	3	68.69	78.3	1383.37	Apple Pay
T-50074	2025-12-31	PROD-5030	Microsoft Smartwatche Pro	Mobile	Smartwatches	Microsoft	1134.83	ST-06	Evergreen Tech	Seattle	West	CUST-2026	John Johnson	1106.62	4	0.0	354.12	4780.6	Debit Card
T-50075	2025-03-29	PROD-5011	Sony Laptop Pro	Computing	Laptops	Sony	304.69	ST-10	Sunshine Systems	Miami	South	CUST-2042	Linda Davis	317.54	2	63.51	40.01	611.58	Credit Card
T-50076	2025-12-24	PROD-5019	HP Mice Pro	Accessories	Mice	HP	248.24	ST-10	Sunshine Systems	Miami	South	CUST-2094	Linda Davis	260.39	3	78.12	49.21	752.26	Google Pay
T-50077	2025-02-09	PROD-5023	Dell Mice Pro	Accessories	Mice	Dell	1712.19	ST-08	Gateway Gear	St. Louis	Midwest	CUST-2029	Linda Garcia	1635.55	5	408.89	466.13	8234.99	Google Pay
T-50078	2025-05-24	PROD-5030	Microsoft Smartwatche Pro	Mobile	Smartwatches	Microsoft	1134.83	ST-05	Empire Electronics	New York	North	CUST-2041	James Brown	1167.84	2	233.57	131.38	2233.49	Google Pay
T-50079	2025-03-07	PROD-5025	Logitech Speaker Pro	Audio	Speakers	Logitech	1871.67	ST-08	Gateway Gear	St. Louis	Midwest	CUST-2077	Mary Jones	1952.99	3	292.95	333.96	5899.98	Debit Card
T-50080	2025-11-29	PROD-5027	Microsoft Speaker Pro	Audio	Speakers	Microsoft	1346.24	ST-02	Digital Depot	Austin	South	CUST-2053	Michael Jones	1412.6	2	0.0	197.76	3022.96	Debit Card
T-50081	2025-07-22	PROD-5015	Microsoft Speaker Pro	Audio	Speakers	Microsoft	813.77	ST-08	Gateway Gear	St. Louis	Midwest	CUST-2076	Patricia Rodriguez	833.57	1	0.0	50.01	883.58	Credit Card
T-50082	2025-03-27	PROD-5007	Apple Speaker Pro	Audio	Speakers	Apple	1970.43	ST-08	Gateway Gear	St. Louis	Midwest	CUST-2046	Robert Jones	1874.59	1	187.46	101.23	1788.36	Debit Card
T-50083	2025-11-25	PROD-5014	Logitech Smartwatche Pro	Mobile	Smartwatches	Logitech	1528.26	ST-04	Windy City Gear	Chicago	Midwest	CUST-2023	Jennifer Brown	1496.1	2	0.0	179.53	3171.73	Apple Pay
T-50084	2025-08-24	PROD-5018	Bose Laptop Pro	Computing	Laptops	Bose	839.46	ST-08	Gateway Gear	St. Louis	Midwest	CUST-2054	Elizabeth Martinez	872.81	2	0.0	104.74	1850.36	Apple Pay
T-50085	2025-06-19	PROD-5010	Apple Headphone Pro	Audio	Headphones	Apple	1099.67	ST-06	Evergreen Tech	Seattle	West	CUST-2091	David Johnson	1056.32	3	475.34	215.49	2909.11	Debit Card
T-50086	2025-12-02	PROD-5001	Apple Tablet Pro	Computing	Tablets	Apple	1730.77	ST-05	Empire Electronics	New York	North	CUST-2031	Elizabeth Brown	1778.84	1	88.94	105.62	1795.52	Credit Card
T-50087	2025-10-18	PROD-5049	Microsoft Smartwatche Pro	Mobile	Smartwatches	Microsoft	2182.95	ST-08	Gateway Gear	St. Louis	Midwest	CUST-2057	James Jones	2131.09	4	0.0	511.46	9035.82	Apple Pay
T-50088	2025-11-23	PROD-5032	HP Smartphone Pro	Mobile	Smartphones	HP	1749.41	ST-09	Mile High Mobile	Denver	West	CUST-2082	Mary Jones	1750.84	5	875.42	630.3	8509.08	PayPal
T-50089	2025-12-17	PROD-5043	Apple Smartphone Pro	Mobile	Smartphones	Apple	1945.15	ST-02	Digital Depot	Austin	South	CUST-2083	Michael Johnson	1877.0	3	281.55	374.46	5723.91	Apple Pay
T-50090	2025-06-02	PROD-5042	HP Mice Pro	Accessories	Mice	HP	1992.52	ST-06	Evergreen Tech	Seattle	West	CUST-2076	Patricia Rodriguez	2041.78	1	306.27	138.84	1874.35	Google Pay
T-50091	2025-04-07	PROD-5017	Sony Keyboard Pro	Accessories	Keyboards	Sony	2320.52	ST-01	Tech Haven	Boston	North	CUST-2088	Elizabeth Garcia	2422.95	4	484.59	575.45	9782.66	Debit Card
T-50092	2025-10-05	PROD-5010	Apple Headphone Pro	Audio	Headphones	Apple	1099.67	ST-06	Evergreen Tech	Seattle	West	CUST-2001	David Davis	1098.09	3	329.43	237.19	3202.03	PayPal
T-50093	2025-08-04	PROD-5013	HP Mice Pro	Accessories	Mice	HP	1304.61	ST-02	Digital Depot	Austin	South	CUST-2086	David Johnson	1319.22	2	263.84	166.22	2540.82	Debit Card
T-50094	2025-11-26	PROD-5025	Logitech Speaker Pro	Audio	Speakers	Logitech	1871.67	ST-02	Digital Depot	Austin	South	CUST-2007	John Smith	1836.91	5	459.23	610.77	9336.09	Apple Pay
T-50095	2025-06-23	PROD-5007	Apple Speaker Pro	Audio	Speakers	Apple	1970.43	ST-02	Digital Depot	Austin	South	CUST-2092	Robert Brown	1929.56	2	0.0	270.14	4129.26	Apple Pay
T-50096	2025-12-01	PROD-5028	Microsoft Keyboard Pro	Accessories	Keyboards	Microsoft	1729.38	ST-01	Tech Haven	Boston	North	CUST-2035	James Davis	1732.91	5	1299.68	460.3	7825.17	Credit Card
T-50097	2025-12-06	PROD-5024	Sony Monitor Pro	Computing	Monitors	Sony	739.23	ST-08	Gateway Gear	St. Louis	Midwest	CUST-2074	Linda Smith	773.07	1	115.96	39.43	696.54	Debit Card
T-50098	2025-07-02	PROD-5009	Logitech Tablet Pro	Computing	Tablets	Logitech	409.92	ST-02	Digital Depot	Austin	South	CUST-2068	James Miller	405.23	4	0.0	113.46	1734.38	Debit Card
T-50099	2025-06-19	PROD-5032	HP Smartphone Pro	Mobile	Smartphones	HP	1749.41	ST-07	Peach State Gadgets	Atlanta	South	CUST-2043	Elizabeth Martinez	1774.41	4	709.76	447.15	6835.03	Credit Card
T-50100	2025-05-24	PROD-5046	Bose Mice Pro	Accessories	Mice	Bose	1877.63	ST-07	Peach State Gadgets	Atlanta	South	CUST-2069	Mary Miller	1959.21	3	881.64	349.72	5345.71	PayPal
T-50101	2025-09-22	PROD-5015	Microsoft Speaker Pro	Audio	Speakers	Microsoft	813.77	ST-09	Mile High Mobile	Denver	West	CUST-2029	Linda Garcia	801.81	4	481.09	218.09	2944.24	Debit Card
T-50102	2025-02-07	PROD-5018	Bose Laptop Pro	Computing	Laptops	Bose	839.46	ST-06	Evergreen Tech	Seattle	West	CUST-2090	Mary Smith	813.64	5	0.0	325.46	4393.66	PayPal
T-50103	2025-06-15	PROD-5031	Microsoft Smartwatche Pro	Mobile	Smartwatches	Microsoft	439.91	ST-05	Empire Electronics	New York	North	CUST-2043	Elizabeth Martinez	458.41	2	0.0	57.3	974.12	Credit Card
T-50104	2025-04-03	PROD-5023	Dell Mice Pro	Accessories	Mice	Dell	1712.19	ST-07	Peach State Gadgets	Atlanta	South	CUST-2017	Patricia Jones	1736.52	5	1302.39	516.61	7896.82	Credit Card
T-50105	2025-05-06	PROD-5043	Apple Smartphone Pro	Mobile	Smartphones	Apple	1945.15	ST-01	Tech Haven	Boston	North	CUST-2048	Patricia Jones	2007.72	2	0.0	250.97	4266.41	Apple Pay
T-50106	2025-08-27	PROD-5037	Bose Keyboard Pro	Accessories	Keyboards	Bose	1221.63	ST-01	Tech Haven	Boston	North	CUST-2084	Linda Garcia	1173.49	3	528.07	187.03	3179.43	Credit Card
T-50107	2025-10-12	PROD-5035	Dell Laptop Pro	Computing	Laptops	Dell	2449.03	ST-08	Gateway Gear	St. Louis	Midwest	CUST-2025	John Jones	2384.35	3	715.3	386.26	6824.01	Google Pay
T-50108	2025-03-16	PROD-5037	Bose Keyboard Pro	Accessories	Keyboards	Bose	1221.63	ST-08	Gateway Gear	St. Louis	Midwest	CUST-2084	Linda Garcia	1282.3	4	769.38	261.59	4621.41	Credit Card
T-50109	2025-09-15	PROD-5011	Sony Laptop Pro	Computing	Laptops	Sony	304.69	ST-06	Evergreen Tech	Seattle	West	CUST-2013	David Rodriguez	311.91	5	233.93	106.05	1431.67	Apple Pay
T-50110	2025-01-07	PROD-5033	Logitech Smartwatche Pro	Mobile	Smartwatches	Logitech	2430.56	ST-09	Mile High Mobile	Denver	West	CUST-2098	Elizabeth Johnson	2465.36	5	1232.68	887.53	11981.65	Debit Card
T-50111	2025-01-04	PROD-5023	Dell Mice Pro	Accessories	Mice	Dell	1712.19	ST-06	Evergreen Tech	Seattle	West	CUST-2034	Linda Smith	1710.89	1	171.09	123.18	1662.98	Google Pay
T-50112	2025-08-13	PROD-5019	HP Mice Pro	Accessories	Mice	HP	248.24	ST-03	Silicon Square	San Jose	West	CUST-2029	Linda Garcia	250.29	4	100.12	72.08	973.12	Debit Card
T-50113	2025-11-19	PROD-5034	Microsoft Headphone Pro	Audio	Headphones	Microsoft	2075.67	ST-06	Evergreen Tech	Seattle	West	CUST-2030	Mary Rodriguez	2089.3	4	1253.58	568.29	7671.91	Google Pay
T-50114	2025-02-11	PROD-5039	Dell Smartphone Pro	Mobile	Smartphones	Dell	327.77	ST-04	Windy City Gear	Chicago	Midwest	CUST-2053	Michael Jones	342.16	1	34.22	18.48	326.42	PayPal
T-50115	2025-09-20	PROD-5046	Bose Mice Pro	Accessories	Mice	Bose	1877.63	ST-06	Evergreen Tech	Seattle	West	CUST-2082	Mary Jones	1906.02	5	1429.52	648.05	8748.63	Google Pay
T-50116	2025-09-08	PROD-5013	HP Mice Pro	Accessories	Mice	HP	1304.61	ST-08	Gateway Gear	St. Louis	Midwest	CUST-2039	Robert Miller	1264.11	2	379.23	128.94	2277.93	Apple Pay
T-50117	2025-05-28	PROD-5045	Dell Smartphone Pro	Mobile	Smartphones	Dell	555.4	ST-09	Mile High Mobile	Denver	West	CUST-2059	James Jones	534.03	1	53.4	38.45	519.08	Apple Pay
T-50118	2025-12-14	PROD-5049	Microsoft Smartwatche Pro	Mobile	Smartwatches	Microsoft	2182.95	ST-09	Mile High Mobile	Denver	West	CUST-2004	David Martinez	2096.16	5	524.04	796.54	10753.3	PayPal
T-50119	2025-02-28	PROD-5016	Microsoft Smartwatche Pro	Mobile	Smartwatches	Microsoft	1215.4	ST-05	Empire Electronics	New York	North	CUST-2087	David Johnson	1263.88	2	126.39	150.09	2551.46	PayPal
T-50120	2025-09-11	PROD-5016	Microsoft Smartwatche Pro	Mobile	Smartwatches	Microsoft	1215.4	ST-08	Gateway Gear	St. Louis	Midwest	CUST-2085	James Rodriguez	1249.92	1	62.5	71.25	1258.67	Credit Card
T-50121	2025-02-04	PROD-5037	Bose Keyboard Pro	Accessories	Keyboards	Bose	1221.63	ST-08	Gateway Gear	St. Louis	Midwest	CUST-2025	John Jones	1164.75	3	174.71	199.17	3518.71	Apple Pay
T-50122	2025-12-03	PROD-5020	Apple Smartphone Pro	Mobile	Smartphones	Apple	127.57	ST-04	Windy City Gear	Chicago	Midwest	CUST-2006	Patricia Miller	127.5	2	25.5	13.77	243.27	Apple Pay
T-50123	2025-08-23	PROD-5026	Apple Smartphone Pro	Mobile	Smartphones	Apple	538.85	ST-01	Tech Haven	Boston	North	CUST-2094	Linda Davis	559.49	3	167.85	94.41	1605.03	Google Pay
T-50124	2025-01-14	PROD-5025	Logitech Speaker Pro	Audio	Speakers	Logitech	1871.67	ST-03	Silicon Square	San Jose	West	CUST-2079	David Garcia	1786.98	3	268.05	407.43	5500.32	PayPal
T-50125	2025-03-08	PROD-5016	Microsoft Smartwatche Pro	Mobile	Smartwatches	Microsoft	1215.4	ST-02	Digital Depot	Austin	South	CUST-2016	Elizabeth Rodriguez	1155.58	2	0.0	161.78	2472.94	PayPal
T-50126	2025-08-17	PROD-5025	Logitech Speaker Pro	Audio	Speakers	Logitech	1871.67	ST-09	Mile High Mobile	Denver	West	CUST-2004	David Martinez	1950.32	1	0.0	156.03	2106.35	PayPal
T-50127	2025-10-20	PROD-5039	Dell Smartphone Pro	Mobile	Smartphones	Dell	327.77	ST-07	Peach State Gadgets	Atlanta	South	CUST-2000	Mary Williams	325.25	3	48.79	64.89	991.85	Debit Card
T-50128	2025-10-27	PROD-5046	Bose Mice Pro	Accessories	Mice	Bose	1877.63	ST-05	Empire Electronics	New York	North	CUST-2028	Jennifer Martinez	1879.51	2	375.9	211.44	3594.56	Google Pay
T-50129	2025-10-28	PROD-5017	Sony Keyboard Pro	Accessories	Keyboards	Sony	2320.52	ST-04	Windy City Gear	Chicago	Midwest	CUST-2064	Mary Johnson	2407.38	4	962.95	519.99	9186.56	PayPal
T-50130	2025-12-12	PROD-5025	Logitech Speaker Pro	Audio	Speakers	Logitech	1871.67	ST-05	Empire Electronics	New York	North	CUST-2083	Michael Johnson	1928.06	3	0.0	361.51	6145.69	Debit Card
T-50131	2025-10-27	PROD-5017	Sony Keyboard Pro	Accessories	Keyboards	Sony	2320.52	ST-10	Sunshine Systems	Miami	South	CUST-2000	Mary Williams	2434.65	1	0.0	170.43	2605.08	PayPal
T-50132	2025-11-11	PROD-5045	Dell Smartphone Pro	Mobile	Smartphones	Dell	555.4	ST-08	Gateway Gear	St. Louis	Midwest	CUST-2073	James Jones	570.87	4	114.17	130.16	2299.47	Credit Card
T-50133	2025-11-16	PROD-5030	Microsoft Smartwatche Pro	Mobile	Smartwatches	Microsoft	1134.83	ST-05	Empire Electronics	New York	North	CUST-2021	Michael Garcia	1183.0	3	532.35	188.54	3205.19	Credit Card
T-50134	2025-10-29	PROD-5036	Logitech Mice Pro	Accessories	Mice	Logitech	554.85	ST-02	Digital Depot	Austin	South	CUST-2030	Mary Rodriguez	539.3	4	0.0	151.0	2308.2	Google Pay
T-50135	2025-03-29	PROD-5037	Bose Keyboard Pro	Accessories	Keyboards	Bose	1221.63	ST-05	Empire Electronics	New York	North	CUST-2083	Michael Johnson	1226.5	2	367.95	130.32	2215.37	Apple Pay
T-50136	2025-04-12	PROD-5019	HP Mice Pro	Accessories	Mice	HP	248.24	ST-08	Gateway Gear	St. Louis	Midwest	CUST-2069	Mary Miller	245.79	4	147.47	50.14	885.83	PayPal
T-50137	2025-09-26	PROD-5016	Microsoft Smartwatche Pro	Mobile	Smartwatches	Microsoft	1215.4	ST-04	Windy City Gear	Chicago	Midwest	CUST-2039	Robert Miller	1190.56	1	59.53	67.86	1198.89	Credit Card
T-50138	2025-09-03	PROD-5044	Samsung Keyboard Pro	Accessories	Keyboards	Samsung	1673.85	ST-01	Tech Haven	Boston	North	CUST-2021	Michael Garcia	1709.99	4	1025.99	363.37	6177.34	Credit Card
T-50139	2025-04-21	PROD-5046	Bose Mice Pro	Accessories	Mice	Bose	1877.63	ST-03	Silicon Square	San Jose	West	CUST-2097	John Williams	1845.34	3	830.4	376.45	5082.07	Debit Card
T-50140	2025-06-11	PROD-5023	Dell Mice Pro	Accessories	Mice	Dell	1712.19	ST-10	Sunshine Systems	Miami	South	CUST-2093	Patricia Garcia	1695.15	5	847.58	533.97	8162.14	Debit Card
T-50141	2025-01-23	PROD-5016	Microsoft Smartwatche Pro	Mobile	Smartwatches	Microsoft	1215.4	ST-07	Peach State Gadgets	Atlanta	South	CUST-2061	Linda Smith	1156.51	2	0.0	161.91	2474.93	Credit Card
T-50142	2025-12-18	PROD-5017	Sony Keyboard Pro	Accessories	Keyboards	Sony	2320.52	ST-10	Sunshine Systems	Miami	South	CUST-2013	David Rodriguez	2250.75	5	0.0	787.76	12041.51	Apple Pay
T-50143	2025-11-18	PROD-5013	HP Mice Pro	Accessories	Mice	HP	1304.61	ST-03	Silicon Square	San Jose	West	CUST-2088	Elizabeth Garcia	1278.23	2	0.0	204.52	2760.98	Google Pay
T-50144	2025-02-10	PROD-5030	Microsoft Smartwatche Pro	Mobile	Smartwatches	Microsoft	1134.83	ST-09	Mile High Mobile	Denver	West	CUST-2036	Robert Miller	1174.39	2	0.0	187.9	2536.68	Credit Card
T-50145	2025-03-19	PROD-5025	Logitech Speaker Pro	Audio	Speakers	Logitech	1871.67	ST-10	Sunshine Systems	Miami	South	CUST-2090	Mary Smith	1789.14	5	447.29	594.89	9093.3	Debit Card
T-50146	2025-03-17	PROD-5035	Dell Laptop Pro	Computing	Laptops	Dell	2449.03	ST-07	Peach State Gadgets	Atlanta	South	CUST-2018	Mary Jones	2528.07	2	252.81	336.23	5139.56	PayPal
T-50147	2025-03-09	PROD-5003	Dell Mice Pro	Accessories	Mice	Dell	843.02	ST-08	Gateway Gear	St. Louis	Midwest	CUST-2077	Mary Jones	838.61	1	125.79	42.77	755.59	Google Pay
T-50148	2025-08-19	PROD-5035	Dell Laptop Pro	Computing	Laptops	Dell	2449.03	ST-08	Gateway Gear	St. Louis	Midwest	CUST-2055	David Smith	2341.56	3	1053.7	358.26	6329.24	Apple Pay
T-50149	2025-11-22	PROD-5011	Sony Laptop Pro	Computing	Laptops	Sony	304.69	ST-02	Digital Depot	Austin	South	CUST-2059	James Jones	316.17	2	0.0	44.26	676.6	Debit Card
T-50150	2025-04-29	PROD-5040	Dell Laptop Pro	Computing	Laptops	Dell	876.34	ST-06	Evergreen Tech	Seattle	West	CUST-2006	Patricia Miller	861.16	5	0.0	344.46	4650.26	Credit Card
T-50151	2025-05-24	PROD-5038	HP Headphone Pro	Audio	Headphones	HP	1705.55	ST-07	Peach State Gadgets	Atlanta	South	CUST-2003	Mary Garcia	1748.93	3	787.02	312.18	4771.95	Credit Card
T-50152	2025-03-03	PROD-5036	Logitech Mice Pro	Accessories	Mice	Logitech	554.85	ST-04	Windy City Gear	Chicago	Midwest	CUST-2093	Patricia Garcia	530.49	3	79.57	90.71	1602.61	Debit Card
T-50153	2025-01-09	PROD-5029	Apple Smartwatche Pro	Mobile	Smartwatches	Apple	2481.03	ST-01	Tech Haven	Boston	North	CUST-2032	Patricia Davis	2437.26	4	0.0	609.32	10358.36	Apple Pay
T-50154	2025-10-07	PROD-5012	Samsung Mice Pro	Accessories	Mice	Samsung	876.88	ST-01	Tech Haven	Boston	North	CUST-2018	Mary Jones	857.23	4	171.45	203.59	3461.06	Debit Card
T-50155	2025-04-02	PROD-5029	Apple Smartwatche Pro	Mobile	Smartwatches	Apple	2481.03	ST-07	Peach State Gadgets	Atlanta	South	CUST-2038	Patricia Rodriguez	2434.67	1	0.0	170.43	2605.1	PayPal
T-50156	2025-10-04	PROD-5038	HP Headphone Pro	Audio	Headphones	HP	1705.55	ST-03	Silicon Square	San Jose	West	CUST-2064	Mary Johnson	1787.58	2	178.76	271.71	3668.11	Apple Pay
T-50157	2025-01-15	PROD-5021	HP Headphone Pro	Audio	Headphones	HP	1118.89	ST-04	Windy City Gear	Chicago	Midwest	CUST-2026	John Johnson	1088.78	4	653.27	222.11	3923.96	Apple Pay
T-50158	2025-08-01	PROD-5004	Microsoft Speaker Pro	Audio	Speakers	Microsoft	451.4	ST-09	Mile High Mobile	Denver	West	CUST-2078	Jennifer Davis	446.25	1	66.94	30.34	409.65	Google Pay
T-50159	2025-11-01	PROD-5012	Samsung Mice Pro	Accessories	Mice	Samsung	876.88	ST-07	Peach State Gadgets	Atlanta	South	CUST-2044	Linda Brown	887.1	2	266.13	105.56	1613.63	Debit Card
T-50160	2025-09-29	PROD-5031	Microsoft Smartwatche Pro	Mobile	Smartwatches	Microsoft	439.91	ST-09	Mile High Mobile	Denver	West	CUST-2035	James Davis	438.86	2	0.0	70.22	947.94	PayPal
T-50161	2025-09-27	PROD-5003	Dell Mice Pro	Accessories	Mice	Dell	843.02	ST-06	Evergreen Tech	Seattle	West	CUST-2053	Michael Jones	844.81	3	380.16	172.34	2326.61	Debit Card
T-50162	2025-01-26	PROD-5009	Logitech Tablet Pro	Computing	Tablets	Logitech	409.92	ST-05	Empire Electronics	New York	North	CUST-2076	Patricia Rodriguez	424.72	5	318.54	112.82	1917.88	Google Pay
T-50163	2025-11-21	PROD-5022	Logitech Speaker Pro	Audio	Speakers	Logitech	162.22	ST-04	Windy City Gear	Chicago	Midwest	CUST-2080	Michael Johnson	161.09	2	16.11	18.36	324.43	Debit Card
T-50164	2025-01-14	PROD-5008	Apple Mice Pro	Accessories	Mice	Apple	1303.88	ST-05	Empire Electronics	New York	North	CUST-2001	David Davis	1334.51	2	0.0	166.81	2835.83	Apple Pay
T-50165	2025-02-28	PROD-5037	Bose Keyboard Pro	Accessories	Keyboards	Bose	1221.63	ST-02	Digital Depot	Austin	South	CUST-2058	Robert Brown	1275.6	1	0.0	89.29	1364.89	PayPal
T-50166	2025-12-23	PROD-5017	Sony Keyboard Pro	Accessories	Keyboards	Sony	2320.52	ST-09	Mile High Mobile	Denver	West	CUST-2057	James Jones	2312.31	2	0.0	369.97	4994.59	Debit Card
T-50167	2025-09-18	PROD-5020	Apple Smartphone Pro	Mobile	Smartphones	Apple	127.57	ST-03	Silicon Square	San Jose	West	CUST-2059	James Jones	132.73	4	26.55	40.35	544.72	Google Pay
T-50168	2025-10-03	PROD-5032	HP Smartphone Pro	Mobile	Smartphones	HP	1749.41	ST-07	Peach State Gadgets	Atlanta	South	CUST-2045	James Rodriguez	1674.97	5	0.0	586.24	8961.09	Debit Card
T-50169	2025-01-31	PROD-5044	Samsung Keyboard Pro	Accessories	Keyboards	Samsung	1673.85	ST-02	Digital Depot	Austin	South	CUST-2041	James Brown	1643.64	5	0.0	575.27	8793.47	Apple Pay
T-50170	2025-11-25	PROD-5002	Dell Headphone Pro	Audio	Headphones	Dell	1736.36	ST-05	Empire Electronics	New York	North	CUST-2079	David Garcia	1734.01	5	1300.51	460.6	7830.14	PayPal
T-50171	2025-06-17	PROD-5010	Apple Headphone Pro	Audio	Headphones	Apple	1099.67	ST-04	Windy City Gear	Chicago	Midwest	CUST-2062	Robert Rodriguez	1137.01	4	227.4	259.24	4579.88	Google Pay
T-50172	2025-04-14	PROD-5042	HP Mice Pro	Accessories	Mice	HP	1992.52	ST-05	Empire Electronics	New York	North	CUST-2001	David Davis	1900.95	1	285.14	100.99	1716.8	Apple Pay
T-50173	2025-03-23	PROD-5049	Microsoft Smartwatche Pro	Mobile	Smartwatches	Microsoft	2182.95	ST-06	Evergreen Tech	Seattle	West	CUST-2095	Elizabeth Johnson	2182.11	5	0.0	872.84	11783.39	Apple Pay
T-50174	2025-01-16	PROD-5021	HP Headphone Pro	Audio	Headphones	HP	1118.89	ST-08	Gateway Gear	St. Louis	Midwest	CUST-2095	Elizabeth Johnson	1082.43	4	216.49	246.79	4360.02	Apple Pay
T-50175	2025-03-31	PROD-5030	Microsoft Smartwatche Pro	Mobile	Smartwatches	Microsoft	1134.83	ST-10	Sunshine Systems	Miami	South	CUST-2050	John Smith	1146.52	4	0.0	321.03	4907.11	Credit Card
T-50176	2025-03-07	PROD-5017	Sony Keyboard Pro	Accessories	Keyboards	Sony	2320.52	ST-06	Evergreen Tech	Seattle	West	CUST-2000	Mary Williams	2389.26	3	358.39	544.75	7354.14	Debit Card
T-50177	2025-04-28	PROD-5046	Bose Mice Pro	Accessories	Mice	Bose	1877.63	ST-10	Sunshine Systems	Miami	South	CUST-2044	Linda Brown	1842.57	4	1105.54	438.53	6703.27	Debit Card
T-50178	2025-12-24	PROD-5010	Apple Headphone Pro	Audio	Headphones	Apple	1099.67	ST-01	Tech Haven	Boston	North	CUST-2088	Elizabeth Garcia	1111.78	3	0.0	208.46	3543.8	Debit Card
T-50179	2025-11-19	PROD-5007	Apple Speaker Pro	Audio	Speakers	Apple	1970.43	ST-06	Evergreen Tech	Seattle	West	CUST-2082	Mary Jones	2021.43	1	303.21	137.46	1855.68	Credit Card
T-50180	2025-10-13	PROD-5028	Microsoft Keyboard Pro	Accessories	Keyboards	Microsoft	1729.38	ST-02	Digital Depot	Austin	South	CUST-2074	Linda Smith	1815.7	5	1361.77	540.17	8256.9	Google Pay
T-50181	2025-07-21	PROD-5014	Logitech Smartwatche Pro	Mobile	Smartwatches	Logitech	1528.26	ST-01	Tech Haven	Boston	North	CUST-2078	Jennifer Davis	1574.66	1	0.0	98.42	1673.08	Google Pay
T-50182	2025-06-25	PROD-5027	Microsoft Speaker Pro	Audio	Speakers	Microsoft	1346.24	ST-07	Peach State Gadgets	Atlanta	South	CUST-2048	Patricia Jones	1369.91	5	342.48	455.49	6962.56	Credit Card
T-50183	2025-01-13	PROD-5028	Microsoft Keyboard Pro	Accessories	Keyboards	Microsoft	1729.38	ST-01	Tech Haven	Boston	North	CUST-2026	John Johnson	1773.23	4	0.0	443.31	7536.23	Debit Card
T-50184	2025-07-04	PROD-5041	Microsoft Smartwatche Pro	Mobile	Smartwatches	Microsoft	2371.04	ST-10	Sunshine Systems	Miami	South	CUST-2056	David Brown	2403.16	1	240.32	151.4	2314.24	Apple Pay
T-50185	2025-02-19	PROD-5035	Dell Laptop Pro	Computing	Laptops	Dell	2449.03	ST-03	Silicon Square	San Jose	West	CUST-2099	Jennifer Jones	2533.91	1	0.0	202.71	2736.62	Credit Card
T-50186	2025-12-16	PROD-5025	Logitech Speaker Pro	Audio	Speakers	Logitech	1871.67	ST-09	Mile High Mobile	Denver	West	CUST-2041	James Brown	1839.47	2	367.89	264.88	3575.93	PayPal
T-50187	2025-12-16	PROD-5041	Microsoft Smartwatche Pro	Mobile	Smartwatches	Microsoft	2371.04	ST-09	Mile High Mobile	Denver	West	CUST-2039	Robert Miller	2465.44	2	493.09	355.02	4792.81	Google Pay
T-50188	2025-08-19	PROD-5013	HP Mice Pro	Accessories	Mice	HP	1304.61	ST-08	Gateway Gear	St. Louis	Midwest	CUST-2018	Mary Jones	1262.82	3	0.0	227.31	4015.77	PayPal
T-50189	2025-01-29	PROD-5005	Logitech Smartphone Pro	Mobile	Smartphones	Logitech	424.25	ST-10	Sunshine Systems	Miami	South	CUST-2096	Michael Davis	438.25	4	262.95	104.3	1594.35	Google Pay
T-50190	2025-08-12	PROD-5021	HP Headphone Pro	Audio	Headphones	HP	1118.89	ST-08	Gateway Gear	St. Louis	Midwest	CUST-2035	James Davis	1114.35	3	167.15	190.55	3366.45	PayPal
T-50191	2025-07-27	PROD-5027	Microsoft Speaker Pro	Audio	Speakers	Microsoft	1346.24	ST-03	Silicon Square	San Jose	West	CUST-2013	David Rodriguez	1293.11	1	0.0	103.45	1396.56	PayPal
T-50192	2025-01-25	PROD-5007	Apple Speaker Pro	Audio	Speakers	Apple	1970.43	ST-06	Evergreen Tech	Seattle	West	CUST-2003	Mary Garcia	2023.65	5	1517.74	688.04	9288.55	Google Pay
T-50193	2025-05-29	PROD-5011	Sony Laptop Pro	Computing	Laptops	Sony	304.69	ST-08	Gateway Gear	St. Louis	Midwest	CUST-2095	Elizabeth Johnson	297.6	5	0.0	89.28	1577.28	Debit Card
T-50194	2025-10-12	PROD-5045	Dell Smartphone Pro	Mobile	Smartphones	Dell	555.4	ST-02	Digital Depot	Austin	South	CUST-2049	David Jones	535.15	3	0.0	112.38	1717.83	PayPal
T-50195	2025-02-17	PROD-5039	Dell Smartphone Pro	Mobile	Smartphones	Dell	327.77	ST-09	Mile High Mobile	Denver	West	CUST-2036	Robert Miller	329.12	2	0.0	52.66	710.9	PayPal
T-50196	2025-12-05	PROD-5022	Logitech Speaker Pro	Audio	Speakers	Logitech	162.22	ST-01	Tech Haven	Boston	North	CUST-2016	Elizabeth Rodriguez	165.41	1	16.54	9.3	158.17	PayPal
T-50197	2025-10-14	PROD-5034	Microsoft Headphone Pro	Audio	Headphones	Microsoft	2075.67	ST-10	Sunshine Systems	Miami	South	CUST-2075	Linda Davis	1985.66	4	1191.4	472.59	7223.83	Debit Card
T-50198	2025-09-16	PROD-5004	Microsoft Speaker Pro	Audio	Speakers	Microsoft	451.4	ST-07	Peach State Gadgets	Atlanta	South	CUST-2016	Elizabeth Rodriguez	465.98	3	209.69	83.18	1271.43	Apple Pay
T-50199	2025-02-03	PROD-5026	Apple Smartphone Pro	Mobile	Smartphones	Apple	538.85	ST-10	Sunshine Systems	Miami	South	CUST-2060	John Smith	560.24	1	0.0	39.22	599.46	Credit Card
T-50200	2025-03-25	PROD-5043	Apple Smartphone Pro	Mobile	Smartphones	Apple	1945.15	ST-05	Empire Electronics	New York	North	CUST-2031	Elizabeth Brown	1904.7	2	190.47	226.18	3845.11	Google Pay
T-50201	2025-01-15	PROD-5017	Sony Keyboard Pro	Accessories	Keyboards	Sony	2320.52	ST-06	Evergreen Tech	Seattle	West	CUST-2071	Linda Smith	2362.83	2	0.0	378.05	5103.71	Debit Card
T-50202	2025-09-07	PROD-5027	Microsoft Speaker Pro	Audio	Speakers	Microsoft	1346.24	ST-05	Empire Electronics	New York	North	CUST-2036	Robert Miller	1336.32	3	200.45	238.03	4046.54	Google Pay
T-50203	2025-07-04	PROD-5021	HP Headphone Pro	Audio	Headphones	HP	1118.89	ST-07	Peach State Gadgets	Atlanta	South	CUST-2080	Michael Johnson	1068.19	1	53.41	71.03	1085.81	PayPal
T-50204	2025-10-26	PROD-5044	Samsung Keyboard Pro	Accessories	Keyboards	Samsung	1673.85	ST-01	Tech Haven	Boston	North	CUST-2005	Michael Smith	1679.36	2	0.0	209.92	3568.64	Google Pay
T-50205	2025-01-11	PROD-5021	HP Headphone Pro	Audio	Headphones	HP	1118.89	ST-01	Tech Haven	Boston	North	CUST-2085	James Rodriguez	1168.42	1	58.42	69.38	1179.38	Credit Card
T-50206	2025-01-21	PROD-5005	Logitech Smartphone Pro	Mobile	Smartphones	Logitech	424.25	ST-01	Tech Haven	Boston	North	CUST-2041	James Brown	410.31	2	0.0	51.29	871.91	Apple Pay
T-50207	2025-09-30	PROD-5046	Bose Mice Pro	Accessories	Mice	Bose	1877.63	ST-01	Tech Haven	Boston	North	CUST-2088	Elizabeth Garcia	1857.11	1	278.57	98.66	1677.2	Apple Pay
T-50208	2025-05-09	PROD-5025	Logitech Speaker Pro	Audio	Speakers	Logitech	1871.67	ST-09	Mile High Mobile	Denver	West	CUST-2087	David Johnson	1954.75	3	0.0	469.14	6333.39	Debit Card
T-50209	2025-11-29	PROD-5029	Apple Smartwatche Pro	Mobile	Smartwatches	Apple	2481.03	ST-05	Empire Electronics	New York	North	CUST-2088	Elizabeth Garcia	2418.61	2	0.0	302.33	5139.55	Google Pay
T-50210	2025-04-19	PROD-5043	Apple Smartphone Pro	Mobile	Smartphones	Apple	1945.15	ST-06	Evergreen Tech	Seattle	West	CUST-2012	Jennifer Jones	2014.39	3	0.0	483.45	6526.62	Credit Card
T-50211	2025-10-27	PROD-5041	Microsoft Smartwatche Pro	Mobile	Smartwatches	Microsoft	2371.04	ST-02	Digital Depot	Austin	South	CUST-2037	Patricia Johnson	2372.68	5	1186.34	747.39	11424.45	Google Pay
T-50212	2025-12-31	PROD-5007	Apple Speaker Pro	Audio	Speakers	Apple	1970.43	ST-02	Digital Depot	Austin	South	CUST-2070	Jennifer Jones	1987.57	1	298.14	118.26	1807.69	Google Pay
T-50213	2025-07-23	PROD-5041	Microsoft Smartwatche Pro	Mobile	Smartwatches	Microsoft	2371.04	ST-07	Peach State Gadgets	Atlanta	South	CUST-2078	Jennifer Davis	2340.33	2	0.0	327.65	5008.31	Credit Card
T-50214	2025-01-31	PROD-5044	Samsung Keyboard Pro	Accessories	Keyboards	Samsung	1673.85	ST-10	Sunshine Systems	Miami	South	CUST-2082	Mary Jones	1590.64	1	238.6	94.64	1446.68	Credit Card
T-50215	2025-11-03	PROD-5031	Microsoft Smartwatche Pro	Mobile	Smartwatches	Microsoft	439.91	ST-10	Sunshine Systems	Miami	South	CUST-2090	Mary Smith	446.56	2	133.97	53.14	812.29	Google Pay
T-50216	2025-02-15	PROD-5040	Dell Laptop Pro	Computing	Laptops	Dell	876.34	ST-06	Evergreen Tech	Seattle	West	CUST-2098	Elizabeth Johnson	891.36	1	0.0	71.31	962.67	Credit Card
T-50217	2025-01-21	PROD-5042	HP Mice Pro	Accessories	Mice	HP	1992.52	ST-08	Gateway Gear	St. Louis	Midwest	CUST-2039	Robert Miller	2017.67	5	1513.25	514.51	9089.61	Credit Card
T-50218	2025-08-16	PROD-5007	Apple Speaker Pro	Audio	Speakers	Apple	1970.43	ST-09	Mile High Mobile	Denver	West	CUST-2038	Patricia Rodriguez	2054.57	1	205.46	147.93	1997.04	Debit Card
T-50219	2025-01-04	PROD-5018	Bose Laptop Pro	Computing	Laptops	Bose	839.46	ST-01	Tech Haven	Boston	North	CUST-2039	Robert Miller	840.47	2	0.0	105.06	1786.0	Credit Card
T-50220	2025-07-17	PROD-5032	HP Smartphone Pro	Mobile	Smartphones	HP	1749.41	ST-10	Sunshine Systems	Miami	South	CUST-2079	David Garcia	1721.34	2	0.0	240.99	3683.67	Apple Pay
T-50221	2025-06-12	PROD-5039	Dell Smartphone Pro	Mobile	Smartphones	Dell	327.77	ST-07	Peach State Gadgets	Atlanta	South	CUST-2063	Robert Williams	329.65	4	197.79	78.46	1199.27	Debit Card
T-50222	2025-05-11	PROD-5022	Logitech Speaker Pro	Audio	Speakers	Logitech	162.22	ST-03	Silicon Square	San Jose	West	CUST-2038	Patricia Rodriguez	160.72	3	0.0	38.57	520.73	Debit Card
T-50223	2025-06-04	PROD-5013	HP Mice Pro	Accessories	Mice	HP	1304.61	ST-06	Evergreen Tech	Seattle	West	CUST-2010	James Davis	1299.47	1	64.97	98.76	1333.26	Credit Card
T-50224	2025-07-02	PROD-5040	Dell Laptop Pro	Computing	Laptops	Dell	876.34	ST-03	Silicon Square	San Jose	West	CUST-2098	Elizabeth Johnson	855.84	1	0.0	68.47	924.31	Debit Card
T-50225	2025-05-12	PROD-5043	Apple Smartphone Pro	Mobile	Smartphones	Apple	1945.15	ST-05	Empire Electronics	New York	North	CUST-2009	David Jones	2041.4	1	306.21	108.45	1843.64	Google Pay
T-50226	2025-03-03	PROD-5003	Dell Mice Pro	Accessories	Mice	Dell	843.02	ST-02	Digital Depot	Austin	South	CUST-2084	Linda Garcia	828.75	1	41.44	55.11	842.42	Apple Pay
T-50227	2025-10-03	PROD-5008	Apple Mice Pro	Accessories	Mice	Apple	1303.88	ST-10	Sunshine Systems	Miami	South	CUST-2078	Jennifer Davis	1289.01	1	193.35	76.7	1172.36	Google Pay
T-50228	2025-10-02	PROD-5029	Apple Smartwatche Pro	Mobile	Smartwatches	Apple	2481.03	ST-06	Evergreen Tech	Seattle	West	CUST-2088	Elizabeth Garcia	2361.22	1	0.0	188.9	2550.12	Debit Card
T-50229	2025-01-09	PROD-5015	Microsoft Speaker Pro	Audio	Speakers	Microsoft	813.77	ST-05	Empire Electronics	New York	North	CUST-2030	Mary Rodriguez	782.66	1	0.0	48.92	831.58	PayPal
T-50230	2025-09-26	PROD-5003	Dell Mice Pro	Accessories	Mice	Dell	843.02	ST-02	Digital Depot	Austin	South	CUST-2045	James Rodriguez	843.59	1	0.0	59.05	902.64	Apple Pay
T-50231	2025-12-31	PROD-5047	Logitech Keyboard Pro	Accessories	Keyboards	Logitech	595.48	ST-07	Peach State Gadgets	Atlanta	South	CUST-2014	John Smith	576.49	1	28.82	38.34	586.01	Google Pay
T-50232	2025-12-30	PROD-5042	HP Mice Pro	Accessories	Mice	HP	1992.52	ST-01	Tech Haven	Boston	North	CUST-2092	Robert Brown	1946.83	5	486.71	577.97	9825.41	PayPal
T-50233	2025-11-18	PROD-5032	HP Smartphone Pro	Mobile	Smartphones	HP	1749.41	ST-01	Tech Haven	Boston	North	CUST-2062	Robert Rodriguez	1804.72	2	0.0	225.59	3835.03	Apple Pay
T-50234	2025-02-18	PROD-5014	Logitech Smartwatche Pro	Mobile	Smartwatches	Logitech	1528.26	ST-04	Windy City Gear	Chicago	Midwest	CUST-2009	David Jones	1542.54	4	308.51	351.7	6213.35	Debit Card
T-50235	2025-12-31	PROD-5034	Microsoft Headphone Pro	Audio	Headphones	Microsoft	2075.67	ST-07	Peach State Gadgets	Atlanta	South	CUST-2013	David Rodriguez	2069.41	1	103.47	137.62	2103.56	Apple Pay
T-50236	2025-09-19	PROD-5038	HP Headphone Pro	Audio	Headphones	HP	1705.55	ST-06	Evergreen Tech	Seattle	West	CUST-2009	David Jones	1641.47	2	0.0	262.64	3545.58	Google Pay
T-50237	2025-12-07	PROD-5023	Dell Mice Pro	Accessories	Mice	Dell	1712.19	ST-01	Tech Haven	Boston	North	CUST-2009	David Jones	1797.32	1	0.0	112.33	1909.65	Credit Card
T-50238	2025-08-12	PROD-5019	HP Mice Pro	Accessories	Mice	HP	248.24	ST-05	Empire Electronics	New York	North	CUST-2041	James Brown	251.44	3	113.15	40.07	681.24	Credit Card
T-50239	2025-06-27	PROD-5041	Microsoft Smartwatche Pro	Mobile	Smartwatches	Microsoft	2371.04	ST-05	Empire Electronics	New York	North	CUST-2097	John Williams	2325.32	5	1162.66	654.0	11117.94	Credit Card
T-50240	2025-02-18	PROD-5030	Microsoft Smartwatche Pro	Mobile	Smartwatches	Microsoft	1134.83	ST-04	Windy City Gear	Chicago	Midwest	CUST-2041	James Brown	1118.08	4	447.23	241.51	4266.6	Credit Card
T-50241	2025-09-07	PROD-5028	Microsoft Keyboard Pro	Accessories	Keyboards	Microsoft	1729.38	ST-03	Silicon Square	San Jose	West	CUST-2038	Patricia Rodriguez	1650.89	4	330.18	501.87	6775.25	Apple Pay
T-50242	2025-09-13	PROD-5017	Sony Keyboard Pro	Accessories	Keyboards	Sony	2320.52	ST-05	Empire Electronics	New York	North	CUST-2024	Patricia Smith	2233.91	1	111.7	132.64	2254.85	Google Pay
T-50243	2025-07-26	PROD-5001	Apple Tablet Pro	Computing	Tablets	Apple	1730.77	ST-06	Evergreen Tech	Seattle	West	CUST-2090	Mary Smith	1802.24	2	360.45	259.52	3503.55	Debit Card
T-50244	2025-05-02	PROD-5025	Logitech Speaker Pro	Audio	Speakers	Logitech	1871.67	ST-02	Digital Depot	Austin	South	CUST-2098	Elizabeth Johnson	1783.05	2	534.91	212.18	3243.37	Google Pay
T-50245	2025-01-21	PROD-5030	Microsoft Smartwatche Pro	Mobile	Smartwatches	Microsoft	1134.83	ST-03	Silicon Square	San Jose	West	CUST-2069	Mary Miller	1139.61	3	512.82	232.48	3138.49	Credit Card
T-50246	2025-06-17	PROD-5019	HP Mice Pro	Accessories	Mice	HP	248.24	ST-10	Sunshine Systems	Miami	South	CUST-2077	Mary Jones	256.74	1	12.84	17.07	260.97	Debit Card
T-50247	2025-11-25	PROD-5023	Dell Mice Pro	Accessories	Mice	Dell	1712.19	ST-08	Gateway Gear	St. Louis	Midwest	CUST-2013	David Rodriguez	1637.11	5	0.0	491.13	8676.68	Credit Card
T-50248	2025-06-10	PROD-5005	Logitech Smartphone Pro	Mobile	Smartphones	Logitech	424.25	ST-01	Tech Haven	Boston	North	CUST-2012	Jennifer Jones	444.39	4	266.63	94.43	1605.36	Credit Card
T-50249	2025-03-18	PROD-5041	Microsoft Smartwatche Pro	Mobile	Smartwatches	Microsoft	2371.04	ST-01	Tech Haven	Boston	North	CUST-2061	Linda Smith	2446.83	4	0.0	611.71	10399.03	PayPal
T-50250	2025-07-08	PROD-5034	Microsoft Headphone Pro	Audio	Headphones	Microsoft	2075.67	ST-04	Windy City Gear	Chicago	Midwest	CUST-2076	Patricia Rodriguez	2010.88	1	0.0	120.65	2131.53	PayPal
T-50251	2025-10-15	PROD-5047	Logitech Keyboard Pro	Accessories	Keyboards	Logitech	595.48	ST-03	Silicon Square	San Jose	West	CUST-2053	Michael Jones	596.78	1	0.0	47.74	644.52	PayPal
T-50252	2025-07-17	PROD-5027	Microsoft Speaker Pro	Audio	Speakers	Microsoft	1346.24	ST-10	Sunshine Systems	Miami	South	CUST-2014	John Smith	1303.73	3	391.12	246.4	3766.47	Apple Pay
T-50253	2025-02-08	PROD-5041	Microsoft Smartwatche Pro	Mobile	Smartwatches	Microsoft	2371.04	ST-09	Mile High Mobile	Denver	West	CUST-2084	Linda Garcia	2265.2	1	0.0	181.22	2446.42	PayPal
T-50254	2025-04-12	PROD-5012	Samsung Mice Pro	Accessories	Mice	Samsung	876.88	ST-10	Sunshine Systems	Miami	South	CUST-2040	Linda Martinez	919.06	3	0.0	193.0	2950.18	PayPal
T-50255	2025-10-06	PROD-5037	Bose Keyboard Pro	Accessories	Keyboards	Bose	1221.63	ST-02	Digital Depot	Austin	South	CUST-2057	James Jones	1260.55	3	378.16	238.24	3641.73	Google Pay
T-50256	2025-01-06	PROD-5015	Microsoft Speaker Pro	Audio	Speakers	Microsoft	813.77	ST-02	Digital Depot	Austin	South	CUST-2059	James Jones	823.86	4	494.32	196.08	2997.2	Apple Pay
T-50257	2025-11-24	PROD-5012	Samsung Mice Pro	Accessories	Mice	Samsung	876.88	ST-10	Sunshine Systems	Miami	South	CUST-2002	Elizabeth Garcia	865.74	3	0.0	181.81	2779.03	Credit Card
T-50258	2025-06-27	PROD-5015	Microsoft Speaker Pro	Audio	Speakers	Microsoft	813.77	ST-03	Silicon Square	San Jose	West	CUST-2002	Elizabeth Garcia	813.95	3	122.09	185.58	2505.34	Debit Card
T-50259	2025-02-15	PROD-5010	Apple Headphone Pro	Audio	Headphones	Apple	1099.67	ST-02	Digital Depot	Austin	South	CUST-2070	Jennifer Jones	1149.84	2	0.0	160.98	2460.66	Credit Card
T-50260	2025-12-12	PROD-5037	Bose Keyboard Pro	Accessories	Keyboards	Bose	1221.63	ST-04	Windy City Gear	Chicago	Midwest	CUST-2039	Robert Miller	1272.76	5	0.0	381.83	6745.63	Apple Pay
T-50261	2025-09-20	PROD-5003	Dell Mice Pro	Accessories	Mice	Dell	843.02	ST-09	Mile High Mobile	Denver	West	CUST-2065	David Martinez	867.98	1	0.0	69.44	937.42	Credit Card
T-50262	2025-11-03	PROD-5028	Microsoft Keyboard Pro	Accessories	Keyboards	Microsoft	1729.38	ST-08	Gateway Gear	St. Louis	Midwest	CUST-2099	Jennifer Jones	1720.73	2	344.15	185.84	3283.15	Apple Pay
T-50263	2025-06-06	PROD-5003	Dell Mice Pro	Accessories	Mice	Dell	843.02	ST-03	Silicon Square	San Jose	West	CUST-2089	Robert Smith	838.85	3	0.0	201.32	2717.87	PayPal
T-50264	2025-05-26	PROD-5038	HP Headphone Pro	Audio	Headphones	HP	1705.55	ST-03	Silicon Square	San Jose	West	CUST-2041	James Brown	1722.9	3	775.31	351.47	4744.86	Debit Card
T-50265	2025-12-27	PROD-5033	Logitech Smartwatche Pro	Mobile	Smartwatches	Logitech	2430.56	ST-03	Silicon Square	San Jose	West	CUST-2054	Elizabeth Martinez	2351.25	1	0.0	188.1	2539.35	Apple Pay
T-50266	2025-10-31	PROD-5011	Sony Laptop Pro	Computing	Laptops	Sony	304.69	ST-08	Gateway Gear	St. Louis	Midwest	CUST-2013	David Rodriguez	317.98	4	0.0	76.32	1348.24	Debit Card
T-50267	2025-09-11	PROD-5027	Microsoft Speaker Pro	Audio	Speakers	Microsoft	1346.24	ST-01	Tech Haven	Boston	North	CUST-2048	Patricia Jones	1401.31	5	0.0	437.91	7444.46	Google Pay
T-50268	2025-09-13	PROD-5012	Samsung Mice Pro	Accessories	Mice	Samsung	876.88	ST-07	Peach State Gadgets	Atlanta	South	CUST-2037	Patricia Johnson	878.29	4	351.32	221.33	3383.17	Apple Pay
T-50269	2025-01-08	PROD-5032	HP Smartphone Pro	Mobile	Smartphones	HP	1749.41	ST-05	Empire Electronics	New York	North	CUST-2083	Michael Johnson	1755.12	2	0.0	219.39	3729.63	Apple Pay
T-50270	2025-08-18	PROD-5007	Apple Speaker Pro	Audio	Speakers	Apple	1970.43	ST-06	Evergreen Tech	Seattle	West	CUST-2020	Robert Johnson	1916.07	4	383.21	582.49	7863.56	Credit Card
T-50271	2025-05-03	PROD-5033	Logitech Smartwatche Pro	Mobile	Smartwatches	Logitech	2430.56	ST-10	Sunshine Systems	Miami	South	CUST-2071	Linda Smith	2408.86	3	1083.99	429.98	6572.57	Credit Card
T-50272	2025-05-31	PROD-5038	HP Headphone Pro	Audio	Headphones	HP	1705.55	ST-08	Gateway Gear	St. Louis	Midwest	CUST-2052	Robert Davis	1665.52	4	0.0	399.72	7061.8	Credit Card
T-50273	2025-07-19	PROD-5032	HP Smartphone Pro	Mobile	Smartphones	HP	1749.41	ST-08	Gateway Gear	St. Louis	Midwest	CUST-2049	David Jones	1783.77	1	0.0	107.03	1890.8	Apple Pay
T-50274	2025-02-16	PROD-5023	Dell Mice Pro	Accessories	Mice	Dell	1712.19	ST-04	Windy City Gear	Chicago	Midwest	CUST-2068	James Miller	1748.37	1	87.42	99.66	1760.61	PayPal
T-50275	2025-07-06	PROD-5021	HP Headphone Pro	Audio	Headphones	HP	1118.89	ST-05	Empire Electronics	New York	North	CUST-2034	Linda Smith	1171.68	4	703.01	248.98	4232.69	Apple Pay
T-50276	2025-04-14	PROD-5041	Microsoft Smartwatche Pro	Mobile	Smartwatches	Microsoft	2371.04	ST-05	Empire Electronics	New York	North	CUST-2089	Robert Smith	2259.44	3	1016.75	360.1	6121.67	Debit Card
T-50277	2025-01-07	PROD-5003	Dell Mice Pro	Accessories	Mice	Dell	843.02	ST-06	Evergreen Tech	Seattle	West	CUST-2065	David Martinez	829.99	2	166.0	119.52	1613.5	Credit Card
T-50278	2025-07-09	PROD-5017	Sony Keyboard Pro	Accessories	Keyboards	Sony	2320.52	ST-05	Empire Electronics	New York	North	CUST-2032	Patricia Davis	2221.07	5	1665.8	589.97	10029.52	Credit Card
T-50279	2025-12-24	PROD-5013	HP Mice Pro	Accessories	Mice	HP	1304.61	ST-10	Sunshine Systems	Miami	South	CUST-2047	Jennifer Smith	1285.0	3	0.0	269.85	4124.85	PayPal
T-50280	2025-06-30	PROD-5002	Dell Headphone Pro	Audio	Headphones	Dell	1736.36	ST-05	Empire Electronics	New York	North	CUST-2063	Robert Williams	1796.96	1	89.85	106.69	1813.8	Google Pay
T-50281	2025-11-09	PROD-5030	Microsoft Smartwatche Pro	Mobile	Smartwatches	Microsoft	1134.83	ST-03	Silicon Square	San Jose	West	CUST-2030	Mary Rodriguez	1175.1	5	881.32	399.53	5393.71	Credit Card
T-50282	2025-03-20	PROD-5021	HP Headphone Pro	Audio	Headphones	HP	1118.89	ST-06	Evergreen Tech	Seattle	West	CUST-2043	Elizabeth Martinez	1153.0	2	115.3	175.26	2365.96	Debit Card
T-50283	2025-07-27	PROD-5033	Logitech Smartwatche Pro	Mobile	Smartwatches	Logitech	2430.56	ST-06	Evergreen Tech	Seattle	West	CUST-2053	Michael Jones	2475.98	5	1856.98	841.83	11364.75	Credit Card
T-50284	2025-09-20	PROD-5030	Microsoft Smartwatche Pro	Mobile	Smartwatches	Microsoft	1134.83	ST-02	Digital Depot	Austin	South	CUST-2009	David Jones	1153.95	3	0.0	242.33	3704.18	Apple Pay
T-50285	2025-07-13	PROD-5039	Dell Smartphone Pro	Mobile	Smartphones	Dell	327.77	ST-02	Digital Depot	Austin	South	CUST-2001	David Davis	333.24	1	0.0	23.33	356.57	Google Pay
T-50286	2025-05-03	PROD-5021	HP Headphone Pro	Audio	Headphones	HP	1118.89	ST-09	Mile High Mobile	Denver	West	CUST-2062	Robert Rodriguez	1071.0	5	0.0	428.4	5783.4	Apple Pay
T-50287	2025-06-24	PROD-5006	HP Keyboard Pro	Accessories	Keyboards	HP	587.45	ST-09	Mile High Mobile	Denver	West	CUST-2077	Mary Jones	578.87	2	0.0	92.62	1250.36	Apple Pay
T-50288	2025-08-19	PROD-5034	Microsoft Headphone Pro	Audio	Headphones	Microsoft	2075.67	ST-05	Empire Electronics	New York	North	CUST-2034	Linda Smith	2131.0	3	958.95	339.63	5773.68	Apple Pay
T-50289	2025-02-14	PROD-5046	Bose Mice Pro	Accessories	Mice	Bose	1877.63	ST-09	Mile High Mobile	Denver	West	CUST-2093	Patricia Garcia	1792.03	4	716.81	516.1	6967.41	Google Pay
T-50290	2025-07-17	PROD-5047	Logitech Keyboard Pro	Accessories	Keyboards	Logitech	595.48	ST-02	Digital Depot	Austin	South	CUST-2037	Patricia Johnson	595.66	3	0.0	125.09	1912.07	PayPal
T-50291	2025-12-10	PROD-5028	Microsoft Keyboard Pro	Accessories	Keyboards	Microsoft	1729.38	ST-06	Evergreen Tech	Seattle	West	CUST-2080	Michael Johnson	1773.64	2	532.09	241.22	3256.41	Debit Card
T-50292	2025-06-04	PROD-5042	HP Mice Pro	Accessories	Mice	HP	1992.52	ST-03	Silicon Square	San Jose	West	CUST-2078	Jennifer Davis	2084.97	3	0.0	500.39	6755.3	PayPal
T-50293	2025-12-18	PROD-5008	Apple Mice Pro	Accessories	Mice	Apple	1303.88	ST-07	Peach State Gadgets	Atlanta	South	CUST-2065	David Martinez	1301.33	1	0.0	91.09	1392.42	Credit Card
T-50294	2025-06-15	PROD-5034	Microsoft Headphone Pro	Audio	Headphones	Microsoft	2075.67	ST-09	Mile High Mobile	Denver	West	CUST-2005	Michael Smith	1977.91	5	988.96	712.05	9612.64	Apple Pay
T-50295	2025-07-01	PROD-5036	Logitech Mice Pro	Accessories	Mice	Logitech	554.85	ST-06	Evergreen Tech	Seattle	West	CUST-2025	John Jones	555.38	4	333.23	151.06	2039.35	Debit Card
T-50296	2025-07-19	PROD-5019	HP Mice Pro	Accessories	Mice	HP	248.24	ST-01	Tech Haven	Boston	North	CUST-2062	Robert Rodriguez	241.99	5	181.49	64.28	1092.74	Apple Pay
T-50297	2025-03-24	PROD-5001	Apple Tablet Pro	Computing	Tablets	Apple	1730.77	ST-07	Peach State Gadgets	Atlanta	South	CUST-2068	James Miller	1748.18	1	174.82	110.14	1683.5	Debit Card
T-50298	2025-03-25	PROD-5001	Apple Tablet Pro	Computing	Tablets	Apple	1730.77	ST-03	Silicon Square	San Jose	West	CUST-2030	Mary Rodriguez	1678.29	5	419.57	637.75	8609.63	Credit Card
T-50299	2025-05-02	PROD-5027	Microsoft Speaker Pro	Audio	Speakers	Microsoft	1346.24	ST-04	Windy City Gear	Chicago	Midwest	CUST-2096	Michael Davis	1312.81	1	0.0	78.77	1391.58	PayPal
T-50300	2025-03-19	PROD-5043	Apple Smartphone Pro	Mobile	Smartphones	Apple	1945.15	ST-03	Silicon Square	San Jose	West	CUST-2063	Robert Williams	2040.02	1	0.0	163.2	2203.22	Apple Pay
T-50301	2025-05-18	PROD-5004	Microsoft Speaker Pro	Audio	Speakers	Microsoft	451.4	ST-05	Empire Electronics	New York	North	CUST-2085	James Rodriguez	460.62	5	0.0	143.94	2447.04	Apple Pay
T-50302	2025-09-22	PROD-5045	Dell Smartphone Pro	Mobile	Smartphones	Dell	555.4	ST-04	Windy City Gear	Chicago	Midwest	CUST-2075	Linda Davis	569.7	3	256.37	87.16	1539.89	Credit Card
T-50303	2025-09-27	PROD-5039	Dell Smartphone Pro	Mobile	Smartphones	Dell	327.77	ST-05	Empire Electronics	New York	North	CUST-2048	Patricia Jones	313.53	4	125.41	70.54	1199.25	Debit Card
T-50304	2025-04-01	PROD-5013	HP Mice Pro	Accessories	Mice	HP	1304.61	ST-01	Tech Haven	Boston	North	CUST-2065	David Martinez	1250.2	5	312.55	371.15	6309.6	Credit Card
T-50305	2025-04-04	PROD-5010	Apple Headphone Pro	Audio	Headphones	Apple	1099.67	ST-05	Empire Electronics	New York	North	CUST-2049	David Jones	1050.67	2	210.13	118.2	2009.41	PayPal
T-50306	2025-08-03	PROD-5031	Microsoft Smartwatche Pro	Mobile	Smartwatches	Microsoft	439.91	ST-07	Peach State Gadgets	Atlanta	South	CUST-2047	Jennifer Smith	418.39	5	0.0	146.44	2238.39	PayPal
T-50307	2025-07-13	PROD-5024	Sony Monitor Pro	Computing	Monitors	Sony	739.23	ST-02	Digital Depot	Austin	South	CUST-2069	Mary Miller	752.51	4	0.0	210.7	3220.74	PayPal
T-50308	2025-12-18	PROD-5030	Microsoft Smartwatche Pro	Mobile	Smartwatches	Microsoft	1134.83	ST-09	Mile High Mobile	Denver	West	CUST-2099	Jennifer Jones	1109.68	1	0.0	88.77	1198.45	Credit Card
T-50309	2025-08-24	PROD-5015	Microsoft Speaker Pro	Audio	Speakers	Microsoft	813.77	ST-04	Windy City Gear	Chicago	Midwest	CUST-2075	Linda Davis	773.31	2	77.33	88.16	1557.45	PayPal
T-50310	2025-01-09	PROD-5025	Logitech Speaker Pro	Audio	Speakers	Logitech	1871.67	ST-07	Peach State Gadgets	Atlanta	South	CUST-2030	Mary Rodriguez	1901.39	2	380.28	239.58	3662.08	Credit Card
T-50311	2025-01-06	PROD-5018	Bose Laptop Pro	Computing	Laptops	Bose	839.46	ST-07	Peach State Gadgets	Atlanta	South	CUST-2038	Patricia Rodriguez	812.06	1	0.0	56.84	868.9	Credit Card
T-50312	2025-02-02	PROD-5025	Logitech Speaker Pro	Audio	Speakers	Logitech	1871.67	ST-07	Peach State Gadgets	Atlanta	South	CUST-2040	Linda Martinez	1928.66	5	1446.5	573.78	8770.58	Google Pay
T-50313	2025-05-11	PROD-5037	Bose Keyboard Pro	Accessories	Keyboards	Bose	1221.63	ST-10	Sunshine Systems	Miami	South	CUST-2014	John Smith	1266.34	5	0.0	443.22	6774.92	Google Pay
T-50314	2025-06-04	PROD-5045	Dell Smartphone Pro	Mobile	Smartphones	Dell	555.4	ST-03	Silicon Square	San Jose	West	CUST-2025	John Jones	531.33	2	0.0	85.01	1147.67	Credit Card
T-50315	2025-03-12	PROD-5001	Apple Tablet Pro	Computing	Tablets	Apple	1730.77	ST-08	Gateway Gear	St. Louis	Midwest	CUST-2089	Robert Smith	1797.76	3	269.66	307.42	5431.04	PayPal
T-50316	2025-08-29	PROD-5003	Dell Mice Pro	Accessories	Mice	Dell	843.02	ST-06	Evergreen Tech	Seattle	West	CUST-2047	Jennifer Smith	840.53	1	42.03	63.88	862.38	PayPal
T-50317	2025-01-09	PROD-5032	HP Smartphone Pro	Mobile	Smartphones	HP	1749.41	ST-07	Peach State Gadgets	Atlanta	South	CUST-2058	Robert Brown	1681.77	2	504.53	200.13	3059.14	PayPal
T-50318	2025-12-05	PROD-5021	HP Headphone Pro	Audio	Headphones	HP	1118.89	ST-01	Tech Haven	Boston	North	CUST-2053	Michael Jones	1126.14	4	0.0	281.54	4786.1	Debit Card
T-50319	2025-12-03	PROD-5020	Apple Smartphone Pro	Mobile	Smartphones	Apple	127.57	ST-03	Silicon Square	San Jose	West	CUST-2072	David Rodriguez	127.48	3	57.37	26.01	351.08	Credit Card
T-50320	2025-08-31	PROD-5039	Dell Smartphone Pro	Mobile	Smartphones	Dell	327.77	ST-04	Windy City Gear	Chicago	Midwest	CUST-2030	Mary Rodriguez	314.1	5	0.0	94.23	1664.73	Google Pay
T-50321	2025-07-02	PROD-5036	Logitech Mice Pro	Accessories	Mice	Logitech	554.85	ST-05	Empire Electronics	New York	North	CUST-2029	Linda Garcia	577.24	3	0.0	108.23	1839.95	Credit Card
T-50322	2025-12-13	PROD-5044	Samsung Keyboard Pro	Accessories	Keyboards	Samsung	1673.85	ST-07	Peach State Gadgets	Atlanta	South	CUST-2016	Elizabeth Rodriguez	1730.3	4	346.06	460.26	7035.4	Apple Pay
T-50323	2025-07-10	PROD-5015	Microsoft Speaker Pro	Audio	Speakers	Microsoft	813.77	ST-05	Empire Electronics	New York	North	CUST-2015	Jennifer Davis	832.95	5	624.71	221.25	3761.29	Credit Card
T-50324	2025-08-30	PROD-5024	Sony Monitor Pro	Computing	Monitors	Sony	739.23	ST-06	Evergreen Tech	Seattle	West	CUST-2008	Elizabeth Jones	731.12	3	219.34	157.92	2131.94	PayPal
T-50325	2025-12-05	PROD-5020	Apple Smartphone Pro	Mobile	Smartphones	Apple	127.57	ST-10	Sunshine Systems	Miami	South	CUST-2011	Jennifer Smith	128.16	5	96.12	38.13	582.81	Apple Pay
T-50326	2025-08-29	PROD-5007	Apple Speaker Pro	Audio	Speakers	Apple	1970.43	ST-03	Silicon Square	San Jose	West	CUST-2090	Mary Smith	1903.06	1	95.15	144.63	1952.54	Debit Card
T-50327	2025-08-06	PROD-5038	HP Headphone Pro	Audio	Headphones	HP	1705.55	ST-10	Sunshine Systems	Miami	South	CUST-2051	Elizabeth Williams	1640.24	5	410.06	545.38	8336.52	Apple Pay
T-50328	2025-02-12	PROD-5045	Dell Smartphone Pro	Mobile	Smartphones	Dell	555.4	ST-09	Mile High Mobile	Denver	West	CUST-2054	Elizabeth Martinez	557.89	4	334.73	151.75	2048.58	Google Pay
T-50329	2025-05-10	PROD-5045	Dell Smartphone Pro	Mobile	Smartphones	Dell	555.4	ST-07	Peach State Gadgets	Atlanta	South	CUST-2009	David Jones	561.58	3	252.71	100.24	1532.27	Credit Card
T-50330	2025-07-04	PROD-5031	Microsoft Smartwatche Pro	Mobile	Smartwatches	Microsoft	439.91	ST-01	Tech Haven	Boston	North	CUST-2019	James Miller	454.85	4	90.97	108.03	1836.46	PayPal
T-50331	2025-12-07	PROD-5004	Microsoft Speaker Pro	Audio	Speakers	Microsoft	451.4	ST-01	Tech Haven	Boston	North	CUST-2075	Linda Davis	471.98	5	353.99	125.37	2131.28	PayPal
T-50332	2025-10-27	PROD-5002	Dell Headphone Pro	Audio	Headphones	Dell	1736.36	ST-07	Peach State Gadgets	Atlanta	South	CUST-2045	James Rodriguez	1681.93	4	0.0	470.94	7198.66	Credit Card
T-50333	2025-12-23	PROD-5031	Microsoft Smartwatche Pro	Mobile	Smartwatches	Microsoft	439.91	ST-07	Peach State Gadgets	Atlanta	South	CUST-2021	Michael Garcia	432.93	4	86.59	115.16	1760.29	Debit Card
T-50334	2025-11-26	PROD-5003	Dell Mice Pro	Accessories	Mice	Dell	843.02	ST-02	Digital Depot	Austin	South	CUST-2054	Elizabeth Martinez	876.14	3	131.42	174.79	2671.79	Credit Card
T-50335	2025-08-15	PROD-5033	Logitech Smartwatche Pro	Mobile	Smartwatches	Logitech	2430.56	ST-07	Peach State Gadgets	Atlanta	South	CUST-2003	Mary Garcia	2401.93	3	0.0	504.41	7710.2	PayPal
T-50336	2025-02-11	PROD-5043	Apple Smartphone Pro	Mobile	Smartphones	Apple	1945.15	ST-07	Peach State Gadgets	Atlanta	South	CUST-2055	David Smith	2010.01	4	0.0	562.8	8602.84	Debit Card
T-50337	2025-09-10	PROD-5001	Apple Tablet Pro	Computing	Tablets	Apple	1730.77	ST-01	Tech Haven	Boston	North	CUST-2073	James Jones	1780.52	2	0.0	222.56	3783.6	PayPal
T-50338	2025-04-11	PROD-5023	Dell Mice Pro	Accessories	Mice	Dell	1712.19	ST-07	Peach State Gadgets	Atlanta	South	CUST-2075	Linda Davis	1681.01	5	840.5	529.52	8094.07	Credit Card
T-50339	2025-02-09	PROD-5027	Microsoft Speaker Pro	Audio	Speakers	Microsoft	1346.24	ST-06	Evergreen Tech	Seattle	West	CUST-2081	Michael Miller	1410.76	2	141.08	214.44	2894.88	Debit Card
T-50340	2025-09-30	PROD-5031	Microsoft Smartwatche Pro	Mobile	Smartwatches	Microsoft	439.91	ST-03	Silicon Square	San Jose	West	CUST-2090	Mary Smith	445.35	5	222.68	160.33	2164.4	PayPal
T-50341	2025-06-17	PROD-5000	Microsoft Speaker Pro	Audio	Speakers	Microsoft	2260.98	ST-08	Gateway Gear	St. Louis	Midwest	CUST-2031	Elizabeth Brown	2202.18	2	220.22	251.05	4435.19	Credit Card
T-50342	2025-11-02	PROD-5026	Apple Smartphone Pro	Mobile	Smartphones	Apple	538.85	ST-10	Sunshine Systems	Miami	South	CUST-2093	Patricia Garcia	517.85	3	0.0	108.75	1662.3	Debit Card
T-50343	2025-08-08	PROD-5007	Apple Speaker Pro	Audio	Speakers	Apple	1970.43	ST-07	Peach State Gadgets	Atlanta	South	CUST-2099	Jennifer Jones	1948.72	5	0.0	682.05	10425.65	Debit Card
T-50344	2025-08-16	PROD-5032	HP Smartphone Pro	Mobile	Smartphones	HP	1749.41	ST-06	Evergreen Tech	Seattle	West	CUST-2097	John Williams	1712.2	1	171.22	123.28	1664.26	PayPal
T-50345	2025-11-05	PROD-5007	Apple Speaker Pro	Audio	Speakers	Apple	1970.43	ST-02	Digital Depot	Austin	South	CUST-2035	James Davis	1940.76	4	388.15	516.24	7891.13	PayPal
T-50346	2025-01-01	PROD-5033	Logitech Smartwatche Pro	Mobile	Smartwatches	Logitech	2430.56	ST-03	Silicon Square	San Jose	West	CUST-2008	Elizabeth Jones	2340.27	2	0.0	374.44	5054.98	Apple Pay
T-50347	2025-10-27	PROD-5036	Logitech Mice Pro	Accessories	Mice	Logitech	554.85	ST-05	Empire Electronics	New York	North	CUST-2004	David Martinez	563.51	4	338.11	119.75	2035.68	PayPal
T-50348	2025-01-03	PROD-5013	HP Mice Pro	Accessories	Mice	HP	1304.61	ST-10	Sunshine Systems	Miami	South	CUST-2070	Jennifer Jones	1308.53	3	588.84	233.57	3570.32	Google Pay
T-50349	2025-07-03	PROD-5001	Apple Tablet Pro	Computing	Tablets	Apple	1730.77	ST-10	Sunshine Systems	Miami	South	CUST-2077	Mary Jones	1681.61	3	252.24	335.48	5128.07	Credit Card
T-50350	2025-11-28	PROD-5041	Microsoft Smartwatche Pro	Mobile	Smartwatches	Microsoft	2371.04	ST-05	Empire Electronics	New York	North	CUST-2081	Michael Miller	2366.63	5	1774.97	628.64	10686.82	PayPal
T-50351	2025-02-20	PROD-5014	Logitech Smartwatche Pro	Mobile	Smartwatches	Logitech	1528.26	ST-08	Gateway Gear	St. Louis	Midwest	CUST-2046	Robert Jones	1586.93	2	0.0	190.43	3364.29	Debit Card
T-50352	2025-02-26	PROD-5044	Samsung Keyboard Pro	Accessories	Keyboards	Samsung	1673.85	ST-01	Tech Haven	Boston	North	CUST-2081	Michael Miller	1684.69	5	842.35	473.82	8054.92	Apple Pay
T-50353	2025-07-29	PROD-5018	Bose Laptop Pro	Computing	Laptops	Bose	839.46	ST-06	Evergreen Tech	Seattle	West	CUST-2065	David Martinez	842.39	3	0.0	202.17	2729.34	PayPal
T-50354	2025-07-15	PROD-5039	Dell Smartphone Pro	Mobile	Smartphones	Dell	327.77	ST-09	Mile High Mobile	Denver	West	CUST-2004	David Martinez	325.24	5	81.31	123.59	1668.48	Debit Card
T-50355	2025-03-21	PROD-5005	Logitech Smartphone Pro	Mobile	Smartphones	Logitech	424.25	ST-10	Sunshine Systems	Miami	South	CUST-2036	Robert Miller	429.42	4	171.77	108.21	1654.12	Debit Card
T-50356	2025-05-26	PROD-5024	Sony Monitor Pro	Computing	Monitors	Sony	739.23	ST-04	Windy City Gear	Chicago	Midwest	CUST-2047	Jennifer Smith	748.61	1	112.29	38.18	674.5	Apple Pay
T-50357	2025-06-06	PROD-5011	Sony Laptop Pro	Computing	Laptops	Sony	304.69	ST-05	Empire Electronics	New York	North	CUST-2051	Elizabeth Williams	308.36	2	0.0	38.55	655.27	Credit Card
T-50358	2025-11-28	PROD-5025	Logitech Speaker Pro	Audio	Speakers	Logitech	1871.67	ST-02	Digital Depot	Austin	South	CUST-2032	Patricia Davis	1888.18	5	1416.13	561.73	8586.5	PayPal
T-50359	2025-02-16	PROD-5041	Microsoft Smartwatche Pro	Mobile	Smartwatches	Microsoft	2371.04	ST-07	Peach State Gadgets	Atlanta	South	CUST-2006	Patricia Miller	2315.51	4	926.2	583.51	8919.35	Credit Card
T-50360	2025-03-27	PROD-5025	Logitech Speaker Pro	Audio	Speakers	Logitech	1871.67	ST-10	Sunshine Systems	Miami	South	CUST-2038	Patricia Rodriguez	1949.91	4	0.0	545.97	8345.61	Apple Pay
T-50361	2025-12-14	PROD-5039	Dell Smartphone Pro	Mobile	Smartphones	Dell	327.77	ST-04	Windy City Gear	Chicago	Midwest	CUST-2027	Mary Williams	340.13	3	51.02	58.16	1027.53	Credit Card
T-50362	2025-11-12	PROD-5020	Apple Smartphone Pro	Mobile	Smartphones	Apple	127.57	ST-06	Evergreen Tech	Seattle	West	CUST-2051	Elizabeth Williams	122.99	1	0.0	9.84	132.83	Apple Pay
T-50363	2025-12-16	PROD-5014	Logitech Smartwatche Pro	Mobile	Smartwatches	Logitech	1528.26	ST-04	Windy City Gear	Chicago	Midwest	CUST-2085	James Rodriguez	1510.33	2	0.0	181.24	3201.9	Google Pay
T-50364	2025-01-29	PROD-5020	Apple Smartphone Pro	Mobile	Smartphones	Apple	127.57	ST-07	Peach State Gadgets	Atlanta	South	CUST-2076	Patricia Rodriguez	130.98	2	0.0	18.34	280.3	Google Pay
T-50365	2025-01-17	PROD-5007	Apple Speaker Pro	Audio	Speakers	Apple	1970.43	ST-02	Digital Depot	Austin	South	CUST-2008	Elizabeth Jones	1985.2	3	595.56	375.2	5735.24	Credit Card
T-50366	2025-12-03	PROD-5047	Logitech Keyboard Pro	Accessories	Keyboards	Logitech	595.48	ST-01	Tech Haven	Boston	North	CUST-2016	Elizabeth Rodriguez	576.96	3	0.0	108.18	1839.06	Apple Pay
T-50367	2025-03-22	PROD-5010	Apple Headphone Pro	Audio	Headphones	Apple	1099.67	ST-03	Silicon Square	San Jose	West	CUST-2032	Patricia Davis	1054.13	4	210.83	320.46	4326.15	Credit Card
T-50368	2025-05-10	PROD-5013	HP Mice Pro	Accessories	Mice	HP	1304.61	ST-03	Silicon Square	San Jose	West	CUST-2016	Elizabeth Rodriguez	1319.73	2	131.97	200.6	2708.09	PayPal
T-50369	2025-11-19	PROD-5018	Bose Laptop Pro	Computing	Laptops	Bose	839.46	ST-02	Digital Depot	Austin	South	CUST-2048	Patricia Jones	854.51	5	427.26	269.17	4114.46	Credit Card
T-50370	2025-01-07	PROD-5010	Apple Headphone Pro	Audio	Headphones	Apple	1099.67	ST-08	Gateway Gear	St. Louis	Midwest	CUST-2031	Elizabeth Brown	1122.7	1	0.0	67.36	1190.06	Debit Card
T-50371	2025-02-18	PROD-5044	Samsung Keyboard Pro	Accessories	Keyboards	Samsung	1673.85	ST-04	Windy City Gear	Chicago	Midwest	CUST-2008	Elizabeth Jones	1667.46	5	0.0	500.24	8837.54	Google Pay
T-50372	2025-05-29	PROD-5008	Apple Mice Pro	Accessories	Mice	Apple	1303.88	ST-05	Empire Electronics	New York	North	CUST-2008	Elizabeth Jones	1265.67	4	253.13	300.6	5110.15	Debit Card
T-50373	2025-01-22	PROD-5046	Bose Mice Pro	Accessories	Mice	Bose	1877.63	ST-10	Sunshine Systems	Miami	South	CUST-2079	David Garcia	1807.22	3	813.25	322.59	4931.0	Apple Pay
T-50374	2025-02-07	PROD-5034	Microsoft Headphone Pro	Audio	Headphones	Microsoft	2075.67	ST-03	Silicon Square	San Jose	West	CUST-2005	Michael Smith	1988.23	3	894.7	405.6	5475.59	Credit Card
T-50375	2025-04-02	PROD-5024	Sony Monitor Pro	Computing	Monitors	Sony	739.23	ST-04	Windy City Gear	Chicago	Midwest	CUST-2057	James Jones	773.26	4	154.65	176.3	3114.69	Apple Pay
T-50376	2025-10-14	PROD-5037	Bose Keyboard Pro	Accessories	Keyboards	Bose	1221.63	ST-09	Mile High Mobile	Denver	West	CUST-2067	James Miller	1267.16	2	253.43	182.47	2463.36	Debit Card
T-50377	2025-01-07	PROD-5041	Microsoft Smartwatche Pro	Mobile	Smartwatches	Microsoft	2371.04	ST-09	Mile High Mobile	Denver	West	CUST-2042	Linda Davis	2463.19	5	1847.39	837.48	11306.04	Google Pay
T-50378	2025-02-08	PROD-5035	Dell Laptop Pro	Computing	Laptops	Dell	2449.03	ST-03	Silicon Square	San Jose	West	CUST-2040	Linda Martinez	2492.65	1	0.0	199.41	2692.06	PayPal
T-50379	2025-04-14	PROD-5013	HP Mice Pro	Accessories	Mice	HP	1304.61	ST-09	Mile High Mobile	Denver	West	CUST-2095	Elizabeth Johnson	1328.12	4	0.0	425.0	5737.48	Google Pay
T-50380	2025-12-13	PROD-5037	Bose Keyboard Pro	Accessories	Keyboards	Bose	1221.63	ST-08	Gateway Gear	St. Louis	Midwest	CUST-2072	David Rodriguez	1249.54	1	62.48	71.22	1258.28	Debit Card
T-50381	2025-09-18	PROD-5018	Bose Laptop Pro	Computing	Laptops	Bose	839.46	ST-09	Mile High Mobile	Denver	West	CUST-2026	John Johnson	819.53	5	0.0	327.81	4425.46	Apple Pay
T-50382	2025-12-05	PROD-5033	Logitech Smartwatche Pro	Mobile	Smartwatches	Logitech	2430.56	ST-02	Digital Depot	Austin	South	CUST-2070	Jennifer Jones	2450.03	4	490.01	651.71	9961.82	Credit Card
T-50383	2025-11-26	PROD-5023	Dell Mice Pro	Accessories	Mice	Dell	1712.19	ST-04	Windy City Gear	Chicago	Midwest	CUST-2032	Patricia Davis	1636.79	4	327.36	373.19	6592.99	Credit Card
T-50384	2025-09-12	PROD-5010	Apple Headphone Pro	Audio	Headphones	Apple	1099.67	ST-06	Evergreen Tech	Seattle	West	CUST-2090	Mary Smith	1056.44	2	211.29	152.13	2053.72	Debit Card
T-50385	2025-10-22	PROD-5018	Bose Laptop Pro	Computing	Laptops	Bose	839.46	ST-02	Digital Depot	Austin	South	CUST-2030	Mary Rodriguez	837.71	2	0.0	117.28	1792.7	PayPal
T-50386	2025-05-12	PROD-5049	Microsoft Smartwatche Pro	Mobile	Smartwatches	Microsoft	2182.95	ST-04	Windy City Gear	Chicago	Midwest	CUST-2064	Mary Johnson	2137.97	3	0.0	384.83	6798.74	Debit Card
T-50387	2025-10-01	PROD-5022	Logitech Speaker Pro	Audio	Speakers	Logitech	162.22	ST-07	Peach State Gadgets	Atlanta	South	CUST-2044	Linda Brown	160.21	1	0.0	11.21	171.42	Apple Pay
T-50388	2025-01-30	PROD-5033	Logitech Smartwatche Pro	Mobile	Smartwatches	Logitech	2430.56	ST-04	Windy City Gear	Chicago	Midwest	CUST-2007	John Smith	2509.69	1	0.0	150.58	2660.27	Credit Card
T-50389	2025-03-25	PROD-5014	Logitech Smartwatche Pro	Mobile	Smartwatches	Logitech	1528.26	ST-06	Evergreen Tech	Seattle	West	CUST-2091	David Johnson	1521.23	5	0.0	608.49	8214.64	Credit Card
T-50390	2025-09-30	PROD-5014	Logitech Smartwatche Pro	Mobile	Smartwatches	Logitech	1528.26	ST-01	Tech Haven	Boston	North	CUST-2058	Robert Brown	1575.04	5	0.0	492.2	8367.4	Google Pay
T-50391	2025-02-09	PROD-5048	Microsoft Smartphone Pro	Mobile	Smartphones	Microsoft	2457.95	ST-06	Evergreen Tech	Seattle	West	CUST-2097	John Williams	2433.32	5	0.0	973.33	13139.93	Google Pay
T-50392	2025-05-11	PROD-5010	Apple Headphone Pro	Audio	Headphones	Apple	1099.67	ST-08	Gateway Gear	St. Louis	Midwest	CUST-2024	Patricia Smith	1145.79	1	0.0	68.75	1214.54	Debit Card
T-50393	2025-11-30	PROD-5007	Apple Speaker Pro	Audio	Speakers	Apple	1970.43	ST-06	Evergreen Tech	Seattle	West	CUST-2035	James Davis	1899.9	5	949.95	683.96	9233.51	Debit Card
T-50394	2025-09-30	PROD-5024	Sony Monitor Pro	Computing	Monitors	Sony	739.23	ST-02	Digital Depot	Austin	South	CUST-2089	Robert Smith	758.57	2	75.86	100.89	1542.17	Credit Card
T-50395	2025-10-07	PROD-5020	Apple Smartphone Pro	Mobile	Smartphones	Apple	127.57	ST-07	Peach State Gadgets	Atlanta	South	CUST-2061	Linda Smith	126.05	1	6.3	8.38	128.13	Credit Card
T-50396	2025-05-23	PROD-5019	HP Mice Pro	Accessories	Mice	HP	248.24	ST-05	Empire Electronics	New York	North	CUST-2060	John Smith	255.76	2	0.0	31.97	543.49	Credit Card
T-50397	2025-07-28	PROD-5035	Dell Laptop Pro	Computing	Laptops	Dell	2449.03	ST-02	Digital Depot	Austin	South	CUST-2081	Michael Miller	2433.7	2	730.11	289.61	4426.9	Google Pay
T-50398	2025-04-11	PROD-5044	Samsung Keyboard Pro	Accessories	Keyboards	Samsung	1673.85	ST-04	Windy City Gear	Chicago	Midwest	CUST-2000	Mary Williams	1610.09	1	241.51	82.11	1450.69	PayPal
T-50399	2025-10-04	PROD-5027	Microsoft Speaker Pro	Audio	Speakers	Microsoft	1346.24	ST-02	Digital Depot	Austin	South	CUST-2089	Robert Smith	1350.67	2	135.07	179.64	2745.91	Credit Card
T-50400	2025-07-03	PROD-5038	HP Headphone Pro	Audio	Headphones	HP	1705.55	ST-05	Empire Electronics	New York	North	CUST-2047	Jennifer Smith	1763.89	2	176.39	209.46	3560.85	Credit Card
T-50401	2025-08-19	PROD-5025	Logitech Speaker Pro	Audio	Speakers	Logitech	1871.67	ST-04	Windy City Gear	Chicago	Midwest	CUST-2037	Patricia Johnson	1804.61	3	812.07	276.11	4877.87	Credit Card
T-50402	2025-07-26	PROD-5041	Microsoft Smartwatche Pro	Mobile	Smartwatches	Microsoft	2371.04	ST-05	Empire Electronics	New York	North	CUST-2073	James Jones	2266.86	5	566.72	672.97	11440.55	Debit Card
T-50403	2025-10-28	PROD-5038	HP Headphone Pro	Audio	Headphones	HP	1705.55	ST-05	Empire Electronics	New York	North	CUST-2064	Mary Johnson	1732.81	2	519.84	184.11	3129.89	Google Pay
T-50404	2025-03-11	PROD-5037	Bose Keyboard Pro	Accessories	Keyboards	Bose	1221.63	ST-05	Empire Electronics	New York	North	CUST-2056	David Brown	1164.67	4	232.93	276.61	4702.36	PayPal
T-50405	2025-10-03	PROD-5041	Microsoft Smartwatche Pro	Mobile	Smartwatches	Microsoft	2371.04	ST-09	Mile High Mobile	Denver	West	CUST-2050	John Smith	2477.38	2	0.0	396.38	5351.14	PayPal
T-50406	2025-05-31	PROD-5012	Samsung Mice Pro	Accessories	Mice	Samsung	876.88	ST-03	Silicon Square	San Jose	West	CUST-2030	Mary Rodriguez	890.96	2	267.29	121.17	1635.8	PayPal
T-50407	2025-07-20	PROD-5009	Logitech Tablet Pro	Computing	Tablets	Logitech	409.92	ST-03	Silicon Square	San Jose	West	CUST-2031	Elizabeth Brown	419.24	5	209.62	150.93	2037.51	Credit Card
T-50408	2025-01-07	PROD-5011	Sony Laptop Pro	Computing	Laptops	Sony	304.69	ST-03	Silicon Square	San Jose	West	CUST-2063	Robert Williams	298.97	3	0.0	71.75	968.66	Debit Card
T-50409	2025-02-03	PROD-5023	Dell Mice Pro	Accessories	Mice	Dell	1712.19	ST-04	Windy City Gear	Chicago	Midwest	CUST-2097	John Williams	1685.02	3	505.51	272.97	4822.52	Debit Card
T-50410	2025-08-20	PROD-5033	Logitech Smartwatche Pro	Mobile	Smartwatches	Logitech	2430.56	ST-08	Gateway Gear	St. Louis	Midwest	CUST-2086	David Johnson	2516.35	2	0.0	301.96	5334.66	Debit Card
T-50411	2025-10-04	PROD-5001	Apple Tablet Pro	Computing	Tablets	Apple	1730.77	ST-06	Evergreen Tech	Seattle	West	CUST-2057	James Jones	1722.67	4	0.0	551.25	7441.93	Credit Card
T-50412	2025-04-22	PROD-5027	Microsoft Speaker Pro	Audio	Speakers	Microsoft	1346.24	ST-01	Tech Haven	Boston	North	CUST-2018	Mary Jones	1295.55	4	0.0	323.89	5506.09	Google Pay
T-50413	2025-01-11	PROD-5008	Apple Mice Pro	Accessories	Mice	Apple	1303.88	ST-02	Digital Depot	Austin	South	CUST-2001	David Davis	1269.76	1	190.46	75.55	1154.85	Debit Card
T-50414	2025-05-09	PROD-5048	Microsoft Smartphone Pro	Mobile	Smartphones	Microsoft	2457.95	ST-02	Digital Depot	Austin	South	CUST-2054	Elizabeth Martinez	2343.97	4	468.79	623.5	9530.59	Google Pay
T-50415	2025-04-22	PROD-5010	Apple Headphone Pro	Audio	Headphones	Apple	1099.67	ST-03	Silicon Square	San Jose	West	CUST-2007	John Smith	1142.15	3	342.65	246.7	3330.5	Google Pay
T-50416	2025-10-27	PROD-5028	Microsoft Keyboard Pro	Accessories	Keyboards	Microsoft	1729.38	ST-10	Sunshine Systems	Miami	South	CUST-2081	Michael Miller	1774.32	5	0.0	621.01	9492.61	PayPal
T-50417	2025-02-24	PROD-5002	Dell Headphone Pro	Audio	Headphones	Dell	1736.36	ST-03	Silicon Square	San Jose	West	CUST-2032	Patricia Davis	1656.95	4	0.0	530.22	7158.02	Credit Card
T-50418	2025-05-07	PROD-5031	Microsoft Smartwatche Pro	Mobile	Smartwatches	Microsoft	439.91	ST-08	Gateway Gear	St. Louis	Midwest	CUST-2051	Elizabeth Williams	446.95	5	223.48	120.68	2131.95	Debit Card
T-50419	2025-08-02	PROD-5005	Logitech Smartphone Pro	Mobile	Smartphones	Logitech	424.25	ST-10	Sunshine Systems	Miami	South	CUST-2039	Robert Miller	426.82	2	128.05	50.79	776.38	Google Pay
T-50420	2025-09-02	PROD-5044	Samsung Keyboard Pro	Accessories	Keyboards	Samsung	1673.85	ST-02	Digital Depot	Austin	South	CUST-2049	David Jones	1648.52	2	0.0	230.79	3527.83	Debit Card
T-50421	2025-09-25	PROD-5015	Microsoft Speaker Pro	Audio	Speakers	Microsoft	813.77	ST-08	Gateway Gear	St. Louis	Midwest	CUST-2030	Mary Rodriguez	803.68	3	361.66	122.96	2172.34	Credit Card
T-50422	2025-02-27	PROD-5013	HP Mice Pro	Accessories	Mice	HP	1304.61	ST-03	Silicon Square	San Jose	West	CUST-2050	John Smith	1248.73	4	249.75	379.61	5124.78	PayPal
T-50423	2025-05-28	PROD-5020	Apple Smartphone Pro	Mobile	Smartphones	Apple	127.57	ST-01	Tech Haven	Boston	North	CUST-2008	Elizabeth Jones	123.38	2	0.0	15.42	262.18	PayPal
T-50424	2025-07-15	PROD-5034	Microsoft Headphone Pro	Audio	Headphones	Microsoft	2075.67	ST-01	Tech Haven	Boston	North	CUST-2026	John Johnson	2075.48	3	311.32	369.7	6284.82	Credit Card
T-50425	2025-11-22	PROD-5028	Microsoft Keyboard Pro	Accessories	Keyboards	Microsoft	1729.38	ST-05	Empire Electronics	New York	North	CUST-2030	Mary Rodriguez	1715.61	3	772.02	273.43	4648.24	Debit Card
T-50426	2025-01-11	PROD-5015	Microsoft Speaker Pro	Audio	Speakers	Microsoft	813.77	ST-08	Gateway Gear	St. Louis	Midwest	CUST-2027	Mary Williams	829.88	2	165.98	89.63	1583.41	Debit Card
T-50427	2025-11-07	PROD-5024	Sony Monitor Pro	Computing	Monitors	Sony	739.23	ST-03	Silicon Square	San Jose	West	CUST-2015	Jennifer Davis	707.39	1	106.11	48.1	649.38	Credit Card
T-50428	2025-06-20	PROD-5028	Microsoft Keyboard Pro	Accessories	Keyboards	Microsoft	1729.38	ST-04	Windy City Gear	Chicago	Midwest	CUST-2053	Michael Jones	1713.36	4	1028.02	349.53	6174.95	Debit Card
T-50429	2025-06-03	PROD-5048	Microsoft Smartphone Pro	Mobile	Smartphones	Microsoft	2457.95	ST-10	Sunshine Systems	Miami	South	CUST-2097	John Williams	2370.42	3	0.0	497.79	7609.05	Credit Card
T-50430	2025-04-24	PROD-5011	Sony Laptop Pro	Computing	Laptops	Sony	304.69	ST-10	Sunshine Systems	Miami	South	CUST-2014	John Smith	308.28	4	123.31	77.69	1187.5	Google Pay
T-50431	2025-05-20	PROD-5010	Apple Headphone Pro	Audio	Headphones	Apple	1099.67	ST-02	Digital Depot	Austin	South	CUST-2035	James Davis	1117.21	4	0.0	312.82	4781.66	Debit Card
T-50432	2025-03-04	PROD-5032	HP Smartphone Pro	Mobile	Smartphones	HP	1749.41	ST-08	Gateway Gear	St. Louis	Midwest	CUST-2074	Linda Smith	1669.11	4	667.64	360.53	6369.33	Apple Pay
T-50433	2025-06-21	PROD-5019	HP Mice Pro	Accessories	Mice	HP	248.24	ST-03	Silicon Square	San Jose	West	CUST-2067	James Miller	242.96	2	24.3	36.93	498.55	PayPal
T-50434	2025-03-31	PROD-5042	HP Mice Pro	Accessories	Mice	HP	1992.52	ST-09	Mile High Mobile	Denver	West	CUST-2002	Elizabeth Garcia	1956.49	3	586.95	422.6	5705.12	Apple Pay
T-50435	2025-04-14	PROD-5041	Microsoft Smartwatche Pro	Mobile	Smartwatches	Microsoft	2371.04	ST-10	Sunshine Systems	Miami	South	CUST-2041	James Brown	2373.11	2	711.93	282.4	4316.69	Credit Card
T-50436	2025-12-12	PROD-5043	Apple Smartphone Pro	Mobile	Smartphones	Apple	1945.15	ST-03	Silicon Square	San Jose	West	CUST-2067	James Miller	2035.02	5	0.0	814.01	10989.11	Google Pay
T-50437	2025-08-29	PROD-5007	Apple Speaker Pro	Audio	Speakers	Apple	1970.43	ST-01	Tech Haven	Boston	North	CUST-2045	James Rodriguez	1958.11	1	0.0	122.38	2080.49	PayPal
T-50438	2025-08-17	PROD-5014	Logitech Smartwatche Pro	Mobile	Smartwatches	Logitech	1528.26	ST-04	Windy City Gear	Chicago	Midwest	CUST-2052	Robert Davis	1466.03	1	146.6	79.17	1398.6	Apple Pay
T-50439	2025-05-02	PROD-5049	Microsoft Smartwatche Pro	Mobile	Smartwatches	Microsoft	2182.95	ST-10	Sunshine Systems	Miami	South	CUST-2087	David Johnson	2238.87	2	0.0	313.44	4791.18	Credit Card
T-50440	2025-02-10	PROD-5028	Microsoft Keyboard Pro	Accessories	Keyboards	Microsoft	1729.38	ST-04	Windy City Gear	Chicago	Midwest	CUST-2049	David Jones	1672.65	5	836.33	451.62	7978.54	Debit Card
T-50441	2025-03-03	PROD-5037	Bose Keyboard Pro	Accessories	Keyboards	Bose	1221.63	ST-04	Windy City Gear	Chicago	Midwest	CUST-2039	Robert Miller	1252.31	1	0.0	75.14	1327.45	PayPal
T-50442	2025-03-25	PROD-5046	Bose Mice Pro	Accessories	Mice	Bose	1877.63	ST-05	Empire Electronics	New York	North	CUST-2052	Robert Davis	1829.02	3	274.35	325.79	5538.5	Apple Pay
T-50443	2025-06-22	PROD-5042	HP Mice Pro	Accessories	Mice	HP	1992.52	ST-04	Windy City Gear	Chicago	Midwest	CUST-2003	Mary Garcia	2023.92	2	607.18	206.44	3647.1	Credit Card
T-50444	2025-07-21	PROD-5003	Dell Mice Pro	Accessories	Mice	Dell	843.02	ST-09	Mile High Mobile	Denver	West	CUST-2044	Linda Brown	885.01	4	0.0	283.2	3823.24	Credit Card
T-50445	2025-09-09	PROD-5047	Logitech Keyboard Pro	Accessories	Keyboards	Logitech	595.48	ST-09	Mile High Mobile	Denver	West	CUST-2090	Mary Smith	623.1	2	124.62	89.73	1211.31	Google Pay
T-50446	2025-10-03	PROD-5015	Microsoft Speaker Pro	Audio	Speakers	Microsoft	813.77	ST-06	Evergreen Tech	Seattle	West	CUST-2022	Linda Brown	854.24	4	0.0	273.36	3690.32	Apple Pay
T-50447	2025-08-14	PROD-5043	Apple Smartphone Pro	Mobile	Smartphones	Apple	1945.15	ST-03	Silicon Square	San Jose	West	CUST-2089	Robert Smith	1958.61	4	391.72	595.42	8038.14	Credit Card
T-50448	2025-04-28	PROD-5010	Apple Headphone Pro	Audio	Headphones	Apple	1099.67	ST-08	Gateway Gear	St. Louis	Midwest	CUST-2021	Michael Garcia	1059.33	3	0.0	190.68	3368.67	Google Pay
T-50449	2025-11-18	PROD-5000	Microsoft Speaker Pro	Audio	Speakers	Microsoft	2260.98	ST-02	Digital Depot	Austin	South	CUST-2044	Linda Brown	2312.04	4	462.41	615.0	9400.75	Credit Card
T-50450	2025-11-27	PROD-5045	Dell Smartphone Pro	Mobile	Smartphones	Dell	555.4	ST-01	Tech Haven	Boston	North	CUST-2000	Mary Williams	558.66	3	0.0	104.75	1780.73	Credit Card
T-50451	2025-12-02	PROD-5004	Microsoft Speaker Pro	Audio	Speakers	Microsoft	451.4	ST-02	Digital Depot	Austin	South	CUST-2063	Robert Williams	445.6	3	0.0	93.58	1430.38	PayPal
T-50452	2025-01-07	PROD-5004	Microsoft Speaker Pro	Audio	Speakers	Microsoft	451.4	ST-06	Evergreen Tech	Seattle	West	CUST-2019	James Miller	465.1	2	93.02	66.97	904.15	PayPal
T-50453	2025-10-04	PROD-5001	Apple Tablet Pro	Computing	Tablets	Apple	1730.77	ST-10	Sunshine Systems	Miami	South	CUST-2029	Linda Garcia	1707.83	2	341.57	215.19	3289.28	PayPal
T-50454	2025-09-20	PROD-5028	Microsoft Keyboard Pro	Accessories	Keyboards	Microsoft	1729.38	ST-10	Sunshine Systems	Miami	South	CUST-2098	Elizabeth Johnson	1737.45	1	173.75	109.46	1673.16	Debit Card
T-50455	2025-09-12	PROD-5002	Dell Headphone Pro	Audio	Headphones	Dell	1736.36	ST-05	Empire Electronics	New York	North	CUST-2085	James Rodriguez	1798.61	2	539.58	191.1	3248.74	Google Pay
T-50456	2025-10-19	PROD-5045	Dell Smartphone Pro	Mobile	Smartphones	Dell	555.4	ST-01	Tech Haven	Boston	North	CUST-2034	Linda Smith	580.84	1	87.13	30.86	524.57	Credit Card
T-50457	2025-04-22	PROD-5001	Apple Tablet Pro	Computing	Tablets	Apple	1730.77	ST-10	Sunshine Systems	Miami	South	CUST-2032	Patricia Davis	1765.65	2	176.57	234.83	3589.56	Debit Card
T-50458	2025-09-03	PROD-5012	Samsung Mice Pro	Accessories	Mice	Samsung	876.88	ST-03	Silicon Square	San Jose	West	CUST-2077	Mary Jones	887.89	4	0.0	284.12	3835.68	PayPal
T-50459	2025-08-30	PROD-5048	Microsoft Smartphone Pro	Mobile	Smartphones	Microsoft	2457.95	ST-05	Empire Electronics	New York	North	CUST-2030	Mary Rodriguez	2459.92	2	245.99	292.12	4965.97	Google Pay
T-50460	2025-09-04	PROD-5007	Apple Speaker Pro	Audio	Speakers	Apple	1970.43	ST-09	Mile High Mobile	Denver	West	CUST-2065	David Martinez	2064.46	2	619.34	280.77	3790.35	Google Pay
T-50461	2025-02-04	PROD-5004	Microsoft Speaker Pro	Audio	Speakers	Microsoft	451.4	ST-02	Digital Depot	Austin	South	CUST-2064	Mary Johnson	460.73	5	115.18	153.19	2341.66	PayPal
T-50462	2025-10-07	PROD-5007	Apple Speaker Pro	Audio	Speakers	Apple	1970.43	ST-01	Tech Haven	Boston	North	CUST-2024	Patricia Smith	2027.11	3	608.13	342.07	5815.27	Credit Card
T-50463	2025-03-22	PROD-5032	HP Smartphone Pro	Mobile	Smartphones	HP	1749.41	ST-08	Gateway Gear	St. Louis	Midwest	CUST-2095	Elizabeth Johnson	1828.79	3	274.32	312.72	5524.77	PayPal
T-50464	2025-07-11	PROD-5011	Sony Laptop Pro	Computing	Laptops	Sony	304.69	ST-02	Digital Depot	Austin	South	CUST-2001	David Davis	311.41	2	0.0	43.6	666.42	Apple Pay
T-50465	2025-07-18	PROD-5049	Microsoft Smartwatche Pro	Mobile	Smartwatches	Microsoft	2182.95	ST-08	Gateway Gear	St. Louis	Midwest	CUST-2049	David Jones	2249.68	1	0.0	134.98	2384.66	Credit Card
T-50466	2025-09-04	PROD-5025	Logitech Speaker Pro	Audio	Speakers	Logitech	1871.67	ST-08	Gateway Gear	St. Louis	Midwest	CUST-2046	Robert Jones	1906.37	2	190.64	217.33	3839.43	Credit Card
T-50467	2025-06-24	PROD-5032	HP Smartphone Pro	Mobile	Smartphones	HP	1749.41	ST-10	Sunshine Systems	Miami	South	CUST-2076	Patricia Rodriguez	1719.3	1	0.0	120.35	1839.65	Google Pay
T-50468	2025-08-01	PROD-5024	Sony Monitor Pro	Computing	Monitors	Sony	739.23	ST-01	Tech Haven	Boston	North	CUST-2084	Linda Garcia	715.79	4	286.32	161.05	2737.89	Apple Pay
T-50469	2025-08-30	PROD-5003	Dell Mice Pro	Accessories	Mice	Dell	843.02	ST-10	Sunshine Systems	Miami	South	CUST-2034	Linda Smith	812.7	3	365.72	145.07	2217.45	Apple Pay
T-50470	2025-08-19	PROD-5047	Logitech Keyboard Pro	Accessories	Keyboards	Logitech	595.48	ST-03	Silicon Square	San Jose	West	CUST-2084	Linda Garcia	571.94	3	0.0	137.27	1853.09	Google Pay
T-50471	2025-11-26	PROD-5047	Logitech Keyboard Pro	Accessories	Keyboards	Logitech	595.48	ST-08	Gateway Gear	St. Louis	Midwest	CUST-2072	David Rodriguez	618.79	4	371.27	126.23	2230.12	PayPal
T-50472	2025-09-26	PROD-5046	Bose Mice Pro	Accessories	Mice	Bose	1877.63	ST-02	Digital Depot	Austin	South	CUST-2061	Linda Smith	1791.13	3	268.67	357.33	5462.05	Apple Pay
T-50473	2025-01-19	PROD-5001	Apple Tablet Pro	Computing	Tablets	Apple	1730.77	ST-07	Peach State Gadgets	Atlanta	South	CUST-2031	Elizabeth Brown	1678.11	3	0.0	352.4	5386.73	Google Pay
T-50474	2025-05-05	PROD-5029	Apple Smartwatche Pro	Mobile	Smartwatches	Apple	2481.03	ST-07	Peach State Gadgets	Atlanta	South	CUST-2079	David Garcia	2595.93	4	0.0	726.86	11110.58	Debit Card
T-50475	2025-04-02	PROD-5045	Dell Smartphone Pro	Mobile	Smartphones	Dell	555.4	ST-01	Tech Haven	Boston	North	CUST-2042	Linda Davis	559.05	3	83.86	99.58	1692.87	Google Pay
T-50476	2025-11-30	PROD-5004	Microsoft Speaker Pro	Audio	Speakers	Microsoft	451.4	ST-05	Empire Electronics	New York	North	CUST-2086	David Johnson	470.15	5	0.0	146.92	2497.67	Debit Card
T-50477	2025-02-20	PROD-5026	Apple Smartphone Pro	Mobile	Smartphones	Apple	538.85	ST-10	Sunshine Systems	Miami	South	CUST-2004	David Martinez	514.23	5	0.0	179.98	2751.13	Google Pay
T-50478	2025-12-25	PROD-5048	Microsoft Smartphone Pro	Mobile	Smartphones	Microsoft	2457.95	ST-07	Peach State Gadgets	Atlanta	South	CUST-2081	Michael Miller	2541.09	4	508.22	675.93	10332.07	Debit Card
T-50479	2025-02-05	PROD-5005	Logitech Smartphone Pro	Mobile	Smartphones	Logitech	424.25	ST-09	Mile High Mobile	Denver	West	CUST-2003	Mary Garcia	441.04	3	0.0	105.85	1428.97	Debit Card
T-50480	2025-04-17	PROD-5005	Logitech Smartphone Pro	Mobile	Smartphones	Logitech	424.25	ST-09	Mile High Mobile	Denver	West	CUST-2004	David Martinez	423.17	1	42.32	30.47	411.32	PayPal
T-50481	2025-10-10	PROD-5000	Microsoft Speaker Pro	Audio	Speakers	Microsoft	2260.98	ST-01	Tech Haven	Boston	North	CUST-2003	Mary Garcia	2273.86	4	0.0	568.47	9663.91	Apple Pay
T-50482	2025-10-14	PROD-5001	Apple Tablet Pro	Computing	Tablets	Apple	1730.77	ST-04	Windy City Gear	Chicago	Midwest	CUST-2055	David Smith	1667.73	3	0.0	300.19	5303.38	Credit Card
T-50483	2025-06-01	PROD-5025	Logitech Speaker Pro	Audio	Speakers	Logitech	1871.67	ST-06	Evergreen Tech	Seattle	West	CUST-2021	Michael Garcia	1887.81	1	0.0	151.02	2038.83	Debit Card
T-50484	2025-03-07	PROD-5020	Apple Smartphone Pro	Mobile	Smartphones	Apple	127.57	ST-02	Digital Depot	Austin	South	CUST-2094	Linda Davis	126.34	3	0.0	26.53	405.55	Credit Card
T-50485	2025-09-03	PROD-5046	Bose Mice Pro	Accessories	Mice	Bose	1877.63	ST-05	Empire Electronics	New York	North	CUST-2090	Mary Smith	1857.84	5	0.0	580.57	9869.77	Credit Card
T-50486	2025-07-21	PROD-5004	Microsoft Speaker Pro	Audio	Speakers	Microsoft	451.4	ST-07	Peach State Gadgets	Atlanta	South	CUST-2060	John Smith	456.03	3	136.81	86.19	1317.47	Credit Card
T-50487	2025-07-20	PROD-5024	Sony Monitor Pro	Computing	Monitors	Sony	739.23	ST-07	Peach State Gadgets	Atlanta	South	CUST-2063	Robert Williams	750.35	1	0.0	52.52	802.87	Debit Card
T-50488	2025-01-04	PROD-5041	Microsoft Smartwatche Pro	Mobile	Smartwatches	Microsoft	2371.04	ST-01	Tech Haven	Boston	North	CUST-2006	Patricia Miller	2343.83	3	0.0	439.47	7470.96	PayPal
T-50489	2025-05-30	PROD-5019	HP Mice Pro	Accessories	Mice	HP	248.24	ST-06	Evergreen Tech	Seattle	West	CUST-2079	David Garcia	247.58	5	123.79	89.13	1203.24	Apple Pay
T-50490	2025-02-07	PROD-5039	Dell Smartphone Pro	Mobile	Smartphones	Dell	327.77	ST-06	Evergreen Tech	Seattle	West	CUST-2040	Linda Martinez	336.04	3	100.81	72.58	979.89	Apple Pay
T-50491	2025-01-30	PROD-5036	Logitech Mice Pro	Accessories	Mice	Logitech	554.85	ST-06	Evergreen Tech	Seattle	West	CUST-2008	Elizabeth Jones	562.38	4	337.43	152.97	2065.06	Credit Card
T-50492	2025-01-19	PROD-5011	Sony Laptop Pro	Computing	Laptops	Sony	304.69	ST-05	Empire Electronics	New York	North	CUST-2045	James Rodriguez	313.01	4	0.0	78.25	1330.29	Credit Card
T-50493	2025-06-17	PROD-5042	HP Mice Pro	Accessories	Mice	HP	1992.52	ST-01	Tech Haven	Boston	North	CUST-2026	John Johnson	2006.25	3	902.81	319.75	5435.69	Apple Pay
T-50494	2025-01-30	PROD-5038	HP Headphone Pro	Audio	Headphones	HP	1705.55	ST-08	Gateway Gear	St. Louis	Midwest	CUST-2053	Michael Jones	1641.44	5	820.72	443.19	7829.67	Apple Pay
T-50495	2025-07-01	PROD-5034	Microsoft Headphone Pro	Audio	Headphones	Microsoft	2075.67	ST-07	Peach State Gadgets	Atlanta	South	CUST-2049	David Jones	2025.19	5	0.0	708.82	10834.77	Apple Pay
T-50496	2025-12-09	PROD-5043	Apple Smartphone Pro	Mobile	Smartphones	Apple	1945.15	ST-03	Silicon Square	San Jose	West	CUST-2052	Robert Davis	1939.27	5	484.82	736.92	9948.45	Debit Card
T-50497	2025-05-30	PROD-5005	Logitech Smartphone Pro	Mobile	Smartphones	Logitech	424.25	ST-10	Sunshine Systems	Miami	South	CUST-2023	Jennifer Brown	433.66	3	0.0	91.07	1392.05	PayPal
T-50498	2025-05-06	PROD-5049	Microsoft Smartwatche Pro	Mobile	Smartwatches	Microsoft	2182.95	ST-06	Evergreen Tech	Seattle	West	CUST-2013	David Rodriguez	2146.38	3	643.91	463.62	6258.85	Google Pay
T-50499	2025-11-24	PROD-5032	HP Smartphone Pro	Mobile	Smartphones	HP	1749.41	ST-05	Empire Electronics	New York	North	CUST-2075	Linda Davis	1715.8	1	85.79	101.88	1731.89	Google Pay
T-50500	2025-07-26	PROD-5007	Apple Speaker Pro	Audio	Speakers	Apple	1970.43	ST-06	Evergreen Tech	Seattle	West	CUST-2017	Patricia Jones	2058.46	5	1029.23	741.05	10004.12	Google Pay
T-50501	2025-02-21	PROD-5029	Apple Smartwatche Pro	Mobile	Smartwatches	Apple	2481.03	ST-02	Digital Depot	Austin	South	CUST-2078	Jennifer Davis	2359.27	3	353.89	470.67	7194.59	Apple Pay
T-50502	2025-01-14	PROD-5003	Dell Mice Pro	Accessories	Mice	Dell	843.02	ST-03	Silicon Square	San Jose	West	CUST-2017	Patricia Jones	852.62	5	426.31	306.94	4143.73	Credit Card
T-50503	2025-01-25	PROD-5012	Samsung Mice Pro	Accessories	Mice	Samsung	876.88	ST-07	Peach State Gadgets	Atlanta	South	CUST-2032	Patricia Davis	901.53	5	225.38	299.76	4582.03	Google Pay
T-50504	2025-04-14	PROD-5037	Bose Keyboard Pro	Accessories	Keyboards	Bose	1221.63	ST-08	Gateway Gear	St. Louis	Midwest	CUST-2078	Jennifer Davis	1225.07	5	612.53	330.77	5843.59	Debit Card
T-50505	2025-06-18	PROD-5026	Apple Smartphone Pro	Mobile	Smartphones	Apple	538.85	ST-08	Gateway Gear	St. Louis	Midwest	CUST-2097	John Williams	524.3	5	393.22	133.7	2361.98	Apple Pay
T-50506	2025-08-10	PROD-5003	Dell Mice Pro	Accessories	Mice	Dell	843.02	ST-08	Gateway Gear	St. Louis	Midwest	CUST-2032	Patricia Davis	806.54	1	120.98	41.13	726.69	Debit Card
T-50507	2025-10-13	PROD-5014	Logitech Smartwatche Pro	Mobile	Smartwatches	Logitech	1528.26	ST-02	Digital Depot	Austin	South	CUST-2086	David Johnson	1462.69	4	585.08	368.6	5634.28	Credit Card
T-50508	2025-08-29	PROD-5000	Microsoft Speaker Pro	Audio	Speakers	Microsoft	2260.98	ST-06	Evergreen Tech	Seattle	West	CUST-2022	Linda Brown	2194.07	1	329.11	149.2	2014.16	Google Pay
T-50509	2025-05-20	PROD-5043	Apple Smartphone Pro	Mobile	Smartphones	Apple	1945.15	ST-07	Peach State Gadgets	Atlanta	South	CUST-2099	Jennifer Jones	1933.14	5	0.0	676.6	10342.3	Debit Card
T-50510	2025-02-25	PROD-5000	Microsoft Speaker Pro	Audio	Speakers	Microsoft	2260.98	ST-10	Sunshine Systems	Miami	South	CUST-2051	Elizabeth Williams	2364.55	3	1064.05	422.07	6451.67	PayPal
T-50511	2025-10-31	PROD-5029	Apple Smartwatche Pro	Mobile	Smartwatches	Apple	2481.03	ST-08	Gateway Gear	St. Louis	Midwest	CUST-2034	Linda Smith	2384.66	3	0.0	429.24	7583.22	Apple Pay
T-50512	2025-03-11	PROD-5031	Microsoft Smartwatche Pro	Mobile	Smartwatches	Microsoft	439.91	ST-09	Mile High Mobile	Denver	West	CUST-2092	Robert Brown	458.34	1	45.83	33.0	445.51	Debit Card
T-50513	2025-11-04	PROD-5043	Apple Smartphone Pro	Mobile	Smartphones	Apple	1945.15	ST-01	Tech Haven	Boston	North	CUST-2037	Patricia Johnson	2008.74	1	0.0	125.55	2134.29	Credit Card
T-50514	2025-08-05	PROD-5015	Microsoft Speaker Pro	Audio	Speakers	Microsoft	813.77	ST-07	Peach State Gadgets	Atlanta	South	CUST-2032	Patricia Davis	838.02	3	125.7	167.19	2555.55	PayPal
T-50515	2025-08-21	PROD-5036	Logitech Mice Pro	Accessories	Mice	Logitech	554.85	ST-07	Peach State Gadgets	Atlanta	South	CUST-2089	Robert Smith	579.89	2	0.0	81.18	1240.96	Credit Card
T-50516	2025-06-21	PROD-5030	Microsoft Smartwatche Pro	Mobile	Smartwatches	Microsoft	1134.83	ST-08	Gateway Gear	St. Louis	Midwest	CUST-2059	James Jones	1179.03	3	176.85	201.61	3561.85	Google Pay
T-50517	2025-01-04	PROD-5038	HP Headphone Pro	Audio	Headphones	HP	1705.55	ST-10	Sunshine Systems	Miami	South	CUST-2096	Michael Davis	1638.15	2	491.44	194.94	2979.8	Credit Card
T-50518	2025-12-20	PROD-5026	Apple Smartphone Pro	Mobile	Smartphones	Apple	538.85	ST-10	Sunshine Systems	Miami	South	CUST-2053	Michael Jones	558.77	3	83.82	111.47	1703.96	Credit Card
T-50519	2025-11-10	PROD-5036	Logitech Mice Pro	Accessories	Mice	Logitech	554.85	ST-10	Sunshine Systems	Miami	South	CUST-2006	Patricia Miller	582.58	2	116.52	73.4	1122.04	Debit Card
T-50520	2025-03-15	PROD-5015	Microsoft Speaker Pro	Audio	Speakers	Microsoft	813.77	ST-01	Tech Haven	Boston	North	CUST-2067	James Miller	782.27	5	391.13	220.01	3740.23	Debit Card
T-50521	2025-06-29	PROD-5033	Logitech Smartwatche Pro	Mobile	Smartwatches	Logitech	2430.56	ST-05	Empire Electronics	New York	North	CUST-2045	James Rodriguez	2331.12	4	0.0	582.78	9907.26	Apple Pay
T-50522	2025-12-06	PROD-5028	Microsoft Keyboard Pro	Accessories	Keyboards	Microsoft	1729.38	ST-09	Mile High Mobile	Denver	West	CUST-2031	Elizabeth Brown	1791.73	1	179.17	129.0	1741.56	Credit Card
T-50523	2025-11-30	PROD-5036	Logitech Mice Pro	Accessories	Mice	Logitech	554.85	ST-05	Empire Electronics	New York	North	CUST-2057	James Jones	559.31	4	0.0	139.83	2377.07	PayPal
T-50524	2025-10-10	PROD-5025	Logitech Speaker Pro	Audio	Speakers	Logitech	1871.67	ST-01	Tech Haven	Boston	North	CUST-2061	Linda Smith	1824.36	2	547.31	193.84	3295.25	Credit Card
T-50525	2025-05-04	PROD-5020	Apple Smartphone Pro	Mobile	Smartphones	Apple	127.57	ST-09	Mile High Mobile	Denver	West	CUST-2040	Linda Martinez	132.96	4	0.0	42.55	574.39	Debit Card
T-50526	2025-05-02	PROD-5003	Dell Mice Pro	Accessories	Mice	Dell	843.02	ST-06	Evergreen Tech	Seattle	West	CUST-2000	Mary Williams	884.69	5	221.17	336.18	4538.46	Credit Card
T-50527	2025-04-07	PROD-5036	Logitech Mice Pro	Accessories	Mice	Logitech	554.85	ST-07	Peach State Gadgets	Atlanta	South	CUST-2053	Michael Jones	560.43	5	0.0	196.15	2998.3	PayPal
T-50528	2025-01-24	PROD-5021	HP Headphone Pro	Audio	Headphones	HP	1118.89	ST-09	Mile High Mobile	Denver	West	CUST-2069	Mary Miller	1098.13	2	0.0	175.7	2371.96	PayPal
T-50529	2025-08-10	PROD-5043	Apple Smartphone Pro	Mobile	Smartphones	Apple	1945.15	ST-04	Windy City Gear	Chicago	Midwest	CUST-2073	James Jones	1942.05	2	582.62	198.09	3499.57	Google Pay
T-50530	2025-07-07	PROD-5016	Microsoft Smartwatche Pro	Mobile	Smartwatches	Microsoft	1215.4	ST-05	Empire Electronics	New York	North	CUST-2080	Michael Johnson	1230.82	3	0.0	230.78	3923.24	Debit Card
T-50531	2025-07-14	PROD-5014	Logitech Smartwatche Pro	Mobile	Smartwatches	Logitech	1528.26	ST-02	Digital Depot	Austin	South	CUST-2042	Linda Davis	1568.68	4	313.74	417.27	6378.25	Debit Card
T-50532	2025-06-14	PROD-5005	Logitech Smartphone Pro	Mobile	Smartphones	Logitech	424.25	ST-08	Gateway Gear	St. Louis	Midwest	CUST-2093	Patricia Garcia	436.14	1	65.42	22.24	392.96	Debit Card
T-50533	2025-08-31	PROD-5028	Microsoft Keyboard Pro	Accessories	Keyboards	Microsoft	1729.38	ST-04	Windy City Gear	Chicago	Midwest	CUST-2045	James Rodriguez	1798.63	4	359.73	410.09	7244.88	Apple Pay
T-50534	2025-12-20	PROD-5031	Microsoft Smartwatche Pro	Mobile	Smartwatches	Microsoft	439.91	ST-08	Gateway Gear	St. Louis	Midwest	CUST-2069	Mary Miller	453.89	3	204.25	69.45	1226.87	PayPal
T-50535	2025-09-12	PROD-5032	HP Smartphone Pro	Mobile	Smartphones	HP	1749.41	ST-01	Tech Haven	Boston	North	CUST-2060	John Smith	1767.64	3	0.0	331.43	5634.35	Credit Card
T-50536	2025-08-12	PROD-5018	Bose Laptop Pro	Computing	Laptops	Bose	839.46	ST-06	Evergreen Tech	Seattle	West	CUST-2083	Michael Johnson	817.52	5	0.0	327.01	4414.61	PayPal
T-50537	2025-04-09	PROD-5003	Dell Mice Pro	Accessories	Mice	Dell	843.02	ST-01	Tech Haven	Boston	North	CUST-2005	Michael Smith	819.76	5	614.82	217.75	3701.73	Apple Pay
T-50538	2025-06-10	PROD-5008	Apple Mice Pro	Accessories	Mice	Apple	1303.88	ST-03	Silicon Square	San Jose	West	CUST-2022	Linda Brown	1328.78	3	398.63	287.02	3874.73	PayPal
T-50539	2025-03-11	PROD-5042	HP Mice Pro	Accessories	Mice	HP	1992.52	ST-07	Peach State Gadgets	Atlanta	South	CUST-2005	Michael Smith	1966.4	4	0.0	550.59	8416.19	PayPal
T-50540	2025-03-11	PROD-5012	Samsung Mice Pro	Accessories	Mice	Samsung	876.88	ST-04	Windy City Gear	Chicago	Midwest	CUST-2037	Patricia Johnson	884.39	2	88.44	100.82	1781.16	Debit Card
T-50541	2025-01-22	PROD-5018	Bose Laptop Pro	Computing	Laptops	Bose	839.46	ST-09	Mile High Mobile	Denver	West	CUST-2001	David Davis	808.81	4	0.0	258.82	3494.06	PayPal
T-50542	2025-08-03	PROD-5005	Logitech Smartphone Pro	Mobile	Smartphones	Logitech	424.25	ST-02	Digital Depot	Austin	South	CUST-2006	Patricia Miller	437.54	1	65.63	26.03	397.94	Credit Card
T-50543	2025-11-09	PROD-5039	Dell Smartphone Pro	Mobile	Smartphones	Dell	327.77	ST-04	Windy City Gear	Chicago	Midwest	CUST-2001	David Davis	342.84	1	0.0	20.57	363.41	Debit Card
T-50544	2025-10-08	PROD-5011	Sony Laptop Pro	Computing	Laptops	Sony	304.69	ST-01	Tech Haven	Boston	North	CUST-2081	Michael Miller	296.89	1	0.0	18.56	315.45	Google Pay
T-50545	2025-12-31	PROD-5001	Apple Tablet Pro	Computing	Tablets	Apple	1730.77	ST-09	Mile High Mobile	Denver	West	CUST-2019	James Miller	1755.7	5	438.93	667.17	9006.74	Credit Card
T-50546	2025-09-25	PROD-5049	Microsoft Smartwatche Pro	Mobile	Smartwatches	Microsoft	2182.95	ST-08	Gateway Gear	St. Louis	Midwest	CUST-2003	Mary Garcia	2149.39	1	322.41	109.62	1936.6	PayPal
T-50547	2025-05-24	PROD-5016	Microsoft Smartwatche Pro	Mobile	Smartwatches	Microsoft	1215.4	ST-07	Peach State Gadgets	Atlanta	South	CUST-2071	Linda Smith	1209.05	1	0.0	84.63	1293.68	PayPal
T-50548	2025-01-04	PROD-5006	HP Keyboard Pro	Accessories	Keyboards	HP	587.45	ST-10	Sunshine Systems	Miami	South	CUST-2099	Jennifer Jones	600.87	1	0.0	42.06	642.93	Debit Card
T-50549	2025-02-04	PROD-5033	Logitech Smartwatche Pro	Mobile	Smartwatches	Logitech	2430.56	ST-10	Sunshine Systems	Miami	South	CUST-2021	Michael Garcia	2430.55	1	364.58	144.62	2210.59	Debit Card
T-50550	2025-09-19	PROD-5040	Dell Laptop Pro	Computing	Laptops	Dell	876.34	ST-09	Mile High Mobile	Denver	West	CUST-2081	Michael Miller	833.76	2	83.38	126.73	1710.87	Debit Card
T-50551	2025-07-08	PROD-5017	Sony Keyboard Pro	Accessories	Keyboards	Sony	2320.52	ST-06	Evergreen Tech	Seattle	West	CUST-2055	David Smith	2361.94	4	0.0	755.82	10203.58	Debit Card
T-50552	2025-12-10	PROD-5038	HP Headphone Pro	Audio	Headphones	HP	1705.55	ST-08	Gateway Gear	St. Louis	Midwest	CUST-2099	Jennifer Jones	1649.59	1	247.44	84.13	1486.28	Debit Card
T-50553	2025-02-26	PROD-5046	Bose Mice Pro	Accessories	Mice	Bose	1877.63	ST-03	Silicon Square	San Jose	West	CUST-2081	Michael Miller	1917.21	4	0.0	613.51	8282.35	Apple Pay
T-50554	2025-03-27	PROD-5040	Dell Laptop Pro	Computing	Laptops	Dell	876.34	ST-06	Evergreen Tech	Seattle	West	CUST-2033	Elizabeth Davis	863.4	3	0.0	207.22	2797.42	Debit Card
T-50555	2025-11-10	PROD-5006	HP Keyboard Pro	Accessories	Keyboards	HP	587.45	ST-08	Gateway Gear	St. Louis	Midwest	CUST-2040	Linda Martinez	561.3	4	0.0	134.71	2379.91	Google Pay
T-50556	2025-09-13	PROD-5030	Microsoft Smartwatche Pro	Mobile	Smartwatches	Microsoft	1134.83	ST-01	Tech Haven	Boston	North	CUST-2053	Michael Jones	1108.29	1	0.0	69.27	1177.56	PayPal
T-50557	2025-10-05	PROD-5030	Microsoft Smartwatche Pro	Mobile	Smartwatches	Microsoft	1134.83	ST-07	Peach State Gadgets	Atlanta	South	CUST-2037	Patricia Johnson	1174.22	1	176.13	69.87	1067.96	Debit Card
T-50558	2025-04-23	PROD-5005	Logitech Smartphone Pro	Mobile	Smartphones	Logitech	424.25	ST-03	Silicon Square	San Jose	West	CUST-2029	Linda Garcia	427.42	3	192.34	87.19	1177.11	PayPal
T-50559	2025-02-01	PROD-5014	Logitech Smartwatche Pro	Mobile	Smartwatches	Logitech	1528.26	ST-08	Gateway Gear	St. Louis	Midwest	CUST-2019	James Miller	1513.83	2	151.38	172.58	3048.86	Credit Card
T-50560	2025-05-17	PROD-5048	Microsoft Smartphone Pro	Mobile	Smartphones	Microsoft	2457.95	ST-10	Sunshine Systems	Miami	South	CUST-2016	Elizabeth Rodriguez	2354.2	1	0.0	164.79	2518.99	Debit Card
T-50561	2025-07-17	PROD-5029	Apple Smartwatche Pro	Mobile	Smartwatches	Apple	2481.03	ST-10	Sunshine Systems	Miami	South	CUST-2075	Linda Davis	2508.15	3	752.45	474.04	7246.04	PayPal
T-50562	2025-11-29	PROD-5040	Dell Laptop Pro	Computing	Laptops	Dell	876.34	ST-02	Digital Depot	Austin	South	CUST-2053	Michael Jones	896.55	3	403.45	160.03	2446.23	Apple Pay
T-50563	2025-08-19	PROD-5032	HP Smartphone Pro	Mobile	Smartphones	HP	1749.41	ST-09	Mile High Mobile	Denver	West	CUST-2041	James Brown	1825.98	5	456.5	693.87	9367.27	Apple Pay
T-50564	2025-04-12	PROD-5027	Microsoft Speaker Pro	Audio	Speakers	Microsoft	1346.24	ST-10	Sunshine Systems	Miami	South	CUST-2017	Patricia Jones	1329.52	4	0.0	372.27	5690.35	Debit Card
T-50565	2025-10-25	PROD-5018	Bose Laptop Pro	Computing	Laptops	Bose	839.46	ST-02	Digital Depot	Austin	South	CUST-2018	Mary Jones	842.02	5	210.51	279.97	4279.56	Credit Card
T-50566	2025-02-13	PROD-5015	Microsoft Speaker Pro	Audio	Speakers	Microsoft	813.77	ST-04	Windy City Gear	Chicago	Midwest	CUST-2090	Mary Smith	828.0	4	496.8	168.91	2984.11	PayPal
T-50567	2025-08-20	PROD-5045	Dell Smartphone Pro	Mobile	Smartphones	Dell	555.4	ST-04	Windy City Gear	Chicago	Midwest	CUST-2087	David Johnson	539.57	2	161.87	55.04	972.31	Debit Card
T-50568	2025-06-06	PROD-5009	Logitech Tablet Pro	Computing	Tablets	Logitech	409.92	ST-09	Mile High Mobile	Denver	West	CUST-2003	Mary Garcia	408.0	4	244.8	110.98	1498.18	Apple Pay
T-50569	2025-08-08	PROD-5000	Microsoft Speaker Pro	Audio	Speakers	Microsoft	2260.98	ST-03	Silicon Square	San Jose	West	CUST-2014	John Smith	2300.01	4	1380.01	625.6	8445.63	Google Pay
T-50570	2025-01-27	PROD-5048	Microsoft Smartphone Pro	Mobile	Smartphones	Microsoft	2457.95	ST-01	Tech Haven	Boston	North	CUST-2039	Robert Miller	2424.84	3	0.0	454.66	7729.18	Debit Card
T-50571	2025-10-02	PROD-5008	Apple Mice Pro	Accessories	Mice	Apple	1303.88	ST-03	Silicon Square	San Jose	West	CUST-2010	James Davis	1322.08	1	0.0	105.77	1427.85	Credit Card
T-50572	2025-06-13	PROD-5003	Dell Mice Pro	Accessories	Mice	Dell	843.02	ST-10	Sunshine Systems	Miami	South	CUST-2056	David Brown	810.68	5	405.34	255.36	3903.42	Google Pay
T-50573	2025-03-15	PROD-5040	Dell Laptop Pro	Computing	Laptops	Dell	876.34	ST-09	Mile High Mobile	Denver	West	CUST-2082	Mary Jones	875.0	3	0.0	210.0	2835.0	Debit Card
T-50574	2025-02-05	PROD-5042	HP Mice Pro	Accessories	Mice	HP	1992.52	ST-02	Digital Depot	Austin	South	CUST-2033	Elizabeth Davis	1989.44	1	0.0	139.26	2128.7	Credit Card
T-50575	2025-10-08	PROD-5007	Apple Speaker Pro	Audio	Speakers	Apple	1970.43	ST-05	Empire Electronics	New York	North	CUST-2026	John Johnson	2033.11	5	1524.83	540.04	9180.76	Apple Pay
T-50576	2025-11-06	PROD-5014	Logitech Smartwatche Pro	Mobile	Smartwatches	Logitech	1528.26	ST-09	Mile High Mobile	Denver	West	CUST-2068	James Miller	1578.25	1	0.0	126.26	1704.51	Debit Card
T-50577	2025-07-23	PROD-5046	Bose Mice Pro	Accessories	Mice	Bose	1877.63	ST-10	Sunshine Systems	Miami	South	CUST-2003	Mary Garcia	1892.55	1	0.0	132.48	2025.03	Apple Pay
T-50578	2025-10-11	PROD-5003	Dell Mice Pro	Accessories	Mice	Dell	843.02	ST-02	Digital Depot	Austin	South	CUST-2064	Mary Johnson	877.84	4	175.57	233.51	3569.3	Debit Card
T-50579	2025-05-13	PROD-5028	Microsoft Keyboard Pro	Accessories	Keyboards	Microsoft	1729.38	ST-05	Empire Electronics	New York	North	CUST-2099	Jennifer Jones	1713.46	3	771.06	273.08	4642.4	PayPal
T-50580	2025-12-29	PROD-5037	Bose Keyboard Pro	Accessories	Keyboards	Bose	1221.63	ST-03	Silicon Square	San Jose	West	CUST-2025	John Jones	1255.92	3	565.16	256.21	3458.81	Google Pay
T-50581	2025-07-06	PROD-5006	HP Keyboard Pro	Accessories	Keyboards	HP	587.45	ST-05	Empire Electronics	New York	North	CUST-2061	Linda Smith	571.04	4	228.42	128.48	2184.22	PayPal
T-50582	2025-02-20	PROD-5038	HP Headphone Pro	Audio	Headphones	HP	1705.55	ST-07	Peach State Gadgets	Atlanta	South	CUST-2031	Elizabeth Brown	1623.48	5	0.0	568.22	8685.62	Google Pay
T-50583	2025-02-25	PROD-5023	Dell Mice Pro	Accessories	Mice	Dell	1712.19	ST-10	Sunshine Systems	Miami	South	CUST-2053	Michael Jones	1737.25	1	86.86	115.53	1765.92	Apple Pay
T-50584	2025-12-20	PROD-5043	Apple Smartphone Pro	Mobile	Smartphones	Apple	1945.15	ST-02	Digital Depot	Austin	South	CUST-2054	Elizabeth Martinez	1947.64	3	876.44	347.65	5314.13	PayPal
T-50585	2025-12-06	PROD-5003	Dell Mice Pro	Accessories	Mice	Dell	843.02	ST-07	Peach State Gadgets	Atlanta	South	CUST-2092	Robert Brown	873.76	4	0.0	244.65	3739.69	Google Pay
T-50586	2025-11-07	PROD-5013	HP Mice Pro	Accessories	Mice	HP	1304.61	ST-09	Mile High Mobile	Denver	West	CUST-2060	John Smith	1292.48	3	193.87	294.69	3978.26	Google Pay
T-50587	2025-03-26	PROD-5000	Microsoft Speaker Pro	Audio	Speakers	Microsoft	2260.98	ST-04	Windy City Gear	Chicago	Midwest	CUST-2054	Elizabeth Martinez	2224.65	4	0.0	533.92	9432.52	PayPal
T-50588	2025-02-22	PROD-5030	Microsoft Smartwatche Pro	Mobile	Smartwatches	Microsoft	1134.83	ST-02	Digital Depot	Austin	South	CUST-2044	Linda Brown	1096.88	4	219.38	291.77	4459.91	Apple Pay
T-50589	2025-02-25	PROD-5007	Apple Speaker Pro	Audio	Speakers	Apple	1970.43	ST-09	Mile High Mobile	Denver	West	CUST-2049	David Jones	1920.36	5	1440.27	652.92	8814.45	PayPal
T-50590	2025-12-08	PROD-5041	Microsoft Smartwatche Pro	Mobile	Smartwatches	Microsoft	2371.04	ST-09	Mile High Mobile	Denver	West	CUST-2064	Mary Johnson	2307.25	3	0.0	553.74	7475.49	Apple Pay
T-50591	2025-09-08	PROD-5002	Dell Headphone Pro	Audio	Headphones	Dell	1736.36	ST-07	Peach State Gadgets	Atlanta	South	CUST-2045	James Rodriguez	1755.15	1	0.0	122.86	1878.01	Google Pay
T-50592	2025-08-28	PROD-5036	Logitech Mice Pro	Accessories	Mice	Logitech	554.85	ST-04	Windy City Gear	Chicago	Midwest	CUST-2063	Robert Williams	571.99	3	257.4	87.51	1546.08	Credit Card
T-50593	2025-04-28	PROD-5015	Microsoft Speaker Pro	Audio	Speakers	Microsoft	813.77	ST-04	Windy City Gear	Chicago	Midwest	CUST-2058	Robert Brown	817.26	1	40.86	46.58	822.98	Credit Card
T-50594	2025-03-04	PROD-5025	Logitech Speaker Pro	Audio	Speakers	Logitech	1871.67	ST-02	Digital Depot	Austin	South	CUST-2087	David Johnson	1889.59	1	0.0	132.27	2021.86	PayPal
T-50595	2025-10-12	PROD-5013	HP Mice Pro	Accessories	Mice	HP	1304.61	ST-08	Gateway Gear	St. Louis	Midwest	CUST-2041	James Brown	1308.95	4	0.0	314.15	5549.95	Google Pay
T-50596	2025-11-07	PROD-5027	Microsoft Speaker Pro	Audio	Speakers	Microsoft	1346.24	ST-09	Mile High Mobile	Denver	West	CUST-2009	David Jones	1398.68	1	69.93	106.3	1435.05	Debit Card
T-50597	2025-09-10	PROD-5012	Samsung Mice Pro	Accessories	Mice	Samsung	876.88	ST-10	Sunshine Systems	Miami	South	CUST-2006	Patricia Miller	839.78	5	0.0	293.92	4492.82	Credit Card
T-50598	2025-08-16	PROD-5004	Microsoft Speaker Pro	Audio	Speakers	Microsoft	451.4	ST-03	Silicon Square	San Jose	West	CUST-2007	John Smith	468.19	1	70.23	31.84	429.8	Credit Card
T-50599	2025-12-19	PROD-5008	Apple Mice Pro	Accessories	Mice	Apple	1303.88	ST-06	Evergreen Tech	Seattle	West	CUST-2035	James Davis	1259.31	5	0.0	503.72	6800.27	Debit Card
T-50600	2025-03-16	PROD-5032	HP Smartphone Pro	Mobile	Smartphones	HP	1749.41	ST-07	Peach State Gadgets	Atlanta	South	CUST-2020	Robert Johnson	1783.63	4	0.0	499.42	7633.94	PayPal
T-50601	2025-05-05	PROD-5017	Sony Keyboard Pro	Accessories	Keyboards	Sony	2320.52	ST-04	Windy City Gear	Chicago	Midwest	CUST-2000	Mary Williams	2426.78	3	0.0	436.82	7717.16	Debit Card
T-50602	2025-02-12	PROD-5040	Dell Laptop Pro	Computing	Laptops	Dell	876.34	ST-04	Windy City Gear	Chicago	Midwest	CUST-2042	Linda Davis	872.66	2	174.53	94.25	1665.04	Credit Card
T-50603	2025-07-25	PROD-5013	HP Mice Pro	Accessories	Mice	HP	1304.61	ST-09	Mile High Mobile	Denver	West	CUST-2068	James Miller	1337.33	2	401.2	181.88	2455.34	Credit Card
T-50604	2025-07-22	PROD-5045	Dell Smartphone Pro	Mobile	Smartphones	Dell	555.4	ST-07	Peach State Gadgets	Atlanta	South	CUST-2039	Robert Miller	554.63	2	0.0	77.65	1186.91	PayPal
T-50605	2025-01-10	PROD-5046	Bose Mice Pro	Accessories	Mice	Bose	1877.63	ST-04	Windy City Gear	Chicago	Midwest	CUST-2023	Jennifer Brown	1962.29	1	0.0	117.74	2080.03	Debit Card
T-50606	2025-12-19	PROD-5030	Microsoft Smartwatche Pro	Mobile	Smartwatches	Microsoft	1134.83	ST-04	Windy City Gear	Chicago	Midwest	CUST-2059	James Jones	1148.74	5	574.37	310.16	5479.49	Google Pay
T-50607	2025-10-11	PROD-5017	Sony Keyboard Pro	Accessories	Keyboards	Sony	2320.52	ST-01	Tech Haven	Boston	North	CUST-2029	Linda Garcia	2295.03	4	459.01	545.07	9266.18	PayPal
T-50608	2025-08-08	PROD-5036	Logitech Mice Pro	Accessories	Mice	Logitech	554.85	ST-04	Windy City Gear	Chicago	Midwest	CUST-2036	Robert Miller	562.99	5	422.24	143.56	2536.27	PayPal
T-50609	2025-08-16	PROD-5037	Bose Keyboard Pro	Accessories	Keyboards	Bose	1221.63	ST-08	Gateway Gear	St. Louis	Midwest	CUST-2023	Jennifer Brown	1259.36	1	188.9	64.23	1134.69	PayPal
T-50610	2025-04-04	PROD-5005	Logitech Smartphone Pro	Mobile	Smartphones	Logitech	424.25	ST-06	Evergreen Tech	Seattle	West	CUST-2070	Jennifer Jones	429.23	4	0.0	137.35	1854.27	Credit Card
T-50611	2025-11-07	PROD-5031	Microsoft Smartwatche Pro	Mobile	Smartwatches	Microsoft	439.91	ST-02	Digital Depot	Austin	South	CUST-2052	Robert Davis	448.36	5	0.0	156.93	2398.73	Apple Pay
T-50612	2025-11-01	PROD-5026	Apple Smartphone Pro	Mobile	Smartphones	Apple	538.85	ST-03	Silicon Square	San Jose	West	CUST-2096	Michael Davis	516.73	2	51.67	78.54	1060.33	Google Pay
T-50613	2025-05-21	PROD-5003	Dell Mice Pro	Accessories	Mice	Dell	843.02	ST-10	Sunshine Systems	Miami	South	CUST-2090	Mary Smith	862.34	5	646.75	256.55	3921.5	PayPal
T-50614	2025-02-24	PROD-5017	Sony Keyboard Pro	Accessories	Keyboards	Sony	2320.52	ST-10	Sunshine Systems	Miami	South	CUST-2041	James Brown	2411.19	5	1205.6	759.52	11609.87	Google Pay
T-50615	2025-06-10	PROD-5033	Logitech Smartwatche Pro	Mobile	Smartwatches	Logitech	2430.56	ST-09	Mile High Mobile	Denver	West	CUST-2099	Jennifer Jones	2541.72	5	0.0	1016.69	13725.29	Apple Pay
T-50616	2025-03-29	PROD-5021	HP Headphone Pro	Audio	Headphones	HP	1118.89	ST-06	Evergreen Tech	Seattle	West	CUST-2062	Robert Rodriguez	1080.12	3	324.04	233.31	3149.63	Debit Card
T-50617	2025-10-01	PROD-5011	Sony Laptop Pro	Computing	Laptops	Sony	304.69	ST-08	Gateway Gear	St. Louis	Midwest	CUST-2067	James Miller	306.04	2	0.0	36.72	648.8	Debit Card
T-50618	2025-09-12	PROD-5006	HP Keyboard Pro	Accessories	Keyboards	HP	587.45	ST-04	Windy City Gear	Chicago	Midwest	CUST-2063	Robert Williams	579.59	5	0.0	173.88	3071.83	PayPal
T-50619	2025-03-19	PROD-5010	Apple Headphone Pro	Audio	Headphones	Apple	1099.67	ST-05	Empire Electronics	New York	North	CUST-2037	Patricia Johnson	1113.0	3	333.9	187.82	3192.92	Apple Pay
T-50620	2025-06-25	PROD-5021	HP Headphone Pro	Audio	Headphones	HP	1118.89	ST-01	Tech Haven	Boston	North	CUST-2037	Patricia Johnson	1086.36	3	0.0	203.69	3462.77	Google Pay
T-50621	2025-04-13	PROD-5001	Apple Tablet Pro	Computing	Tablets	Apple	1730.77	ST-09	Mile High Mobile	Denver	West	CUST-2004	David Martinez	1779.43	3	266.91	405.71	5477.09	Debit Card
T-50622	2025-01-18	PROD-5004	Microsoft Speaker Pro	Audio	Speakers	Microsoft	451.4	ST-03	Silicon Square	San Jose	West	CUST-2083	Michael Johnson	449.38	2	0.0	71.9	970.66	Credit Card
T-50623	2025-08-04	PROD-5031	Microsoft Smartwatche Pro	Mobile	Smartwatches	Microsoft	439.91	ST-01	Tech Haven	Boston	North	CUST-2068	James Miller	441.56	3	198.7	70.37	1196.35	Google Pay
T-50624	2025-11-13	PROD-5035	Dell Laptop Pro	Computing	Laptops	Dell	2449.03	ST-02	Digital Depot	Austin	South	CUST-2064	Mary Johnson	2341.6	1	0.0	163.91	2505.51	Debit Card
T-50625	2025-12-08	PROD-5014	Logitech Smartwatche Pro	Mobile	Smartwatches	Logitech	1528.26	ST-06	Evergreen Tech	Seattle	West	CUST-2083	Michael Johnson	1481.79	1	0.0	118.54	1600.33	Credit Card
T-50626	2025-07-13	PROD-5026	Apple Smartphone Pro	Mobile	Smartphones	Apple	538.85	ST-03	Silicon Square	San Jose	West	CUST-2035	James Davis	544.85	3	0.0	130.76	1765.31	Apple Pay
T-50627	2025-03-04	PROD-5042	HP Mice Pro	Accessories	Mice	HP	1992.52	ST-03	Silicon Square	San Jose	West	CUST-2048	Patricia Jones	2054.35	3	0.0	493.04	6656.09	Debit Card
T-50628	2025-12-03	PROD-5045	Dell Smartphone Pro	Mobile	Smartphones	Dell	555.4	ST-06	Evergreen Tech	Seattle	West	CUST-2074	Linda Smith	575.37	5	143.84	218.64	2951.65	Credit Card
T-50629	2025-07-31	PROD-5003	Dell Mice Pro	Accessories	Mice	Dell	843.02	ST-01	Tech Haven	Boston	North	CUST-2005	Michael Smith	880.82	5	0.0	275.26	4679.36	PayPal
T-50630	2025-06-08	PROD-5033	Logitech Smartwatche Pro	Mobile	Smartwatches	Logitech	2430.56	ST-01	Tech Haven	Boston	North	CUST-2056	David Brown	2450.77	2	245.08	291.03	4947.49	Google Pay
T-50631	2025-09-01	PROD-5006	HP Keyboard Pro	Accessories	Keyboards	HP	587.45	ST-07	Peach State Gadgets	Atlanta	South	CUST-2062	Robert Rodriguez	568.17	1	56.82	35.79	547.14	Google Pay
T-50632	2025-02-18	PROD-5025	Logitech Speaker Pro	Audio	Speakers	Logitech	1871.67	ST-03	Silicon Square	San Jose	West	CUST-2087	David Johnson	1947.27	5	0.0	778.91	10515.26	Apple Pay
T-50633	2025-05-05	PROD-5009	Logitech Tablet Pro	Computing	Tablets	Logitech	409.92	ST-06	Evergreen Tech	Seattle	West	CUST-2061	Linda Smith	390.7	4	156.28	112.52	1519.04	Apple Pay
T-50634	2025-04-28	PROD-5007	Apple Speaker Pro	Audio	Speakers	Apple	1970.43	ST-08	Gateway Gear	St. Louis	Midwest	CUST-2072	David Rodriguez	1952.34	5	488.08	556.42	9830.04	Google Pay
T-50635	2025-04-23	PROD-5033	Logitech Smartwatche Pro	Mobile	Smartwatches	Logitech	2430.56	ST-06	Evergreen Tech	Seattle	West	CUST-2086	David Johnson	2522.92	3	756.88	544.95	7356.83	Credit Card
T-50636	2025-06-01	PROD-5025	Logitech Speaker Pro	Audio	Speakers	Logitech	1871.67	ST-06	Evergreen Tech	Seattle	West	CUST-2053	Michael Jones	1943.21	3	0.0	466.37	6296.0	Google Pay
T-50637	2025-07-09	PROD-5031	Microsoft Smartwatche Pro	Mobile	Smartwatches	Microsoft	439.91	ST-04	Windy City Gear	Chicago	Midwest	CUST-2031	Elizabeth Brown	421.98	1	0.0	25.32	447.3	Google Pay
T-50638	2025-06-07	PROD-5010	Apple Headphone Pro	Audio	Headphones	Apple	1099.67	ST-02	Digital Depot	Austin	South	CUST-2035	James Davis	1110.55	3	0.0	233.22	3564.87	Debit Card
T-50639	2025-02-07	PROD-5041	Microsoft Smartwatche Pro	Mobile	Smartwatches	Microsoft	2371.04	ST-03	Silicon Square	San Jose	West	CUST-2023	Jennifer Brown	2469.7	1	246.97	177.82	2400.55	Google Pay
T-50640	2025-02-14	PROD-5014	Logitech Smartwatche Pro	Mobile	Smartwatches	Logitech	1528.26	ST-06	Evergreen Tech	Seattle	West	CUST-2068	James Miller	1500.73	2	450.22	204.1	2755.34	Debit Card
T-50641	2025-08-07	PROD-5024	Sony Monitor Pro	Computing	Monitors	Sony	739.23	ST-10	Sunshine Systems	Miami	South	CUST-2036	Robert Miller	716.92	2	143.38	90.33	1380.79	Google Pay
T-50642	2025-09-17	PROD-5029	Apple Smartwatche Pro	Mobile	Smartwatches	Apple	2481.03	ST-05	Empire Electronics	New York	North	CUST-2046	Robert Jones	2399.12	4	0.0	599.78	10196.26	PayPal
T-50643	2025-02-07	PROD-5002	Dell Headphone Pro	Audio	Headphones	Dell	1736.36	ST-03	Silicon Square	San Jose	West	CUST-2002	Elizabeth Garcia	1694.7	3	508.41	366.06	4941.75	PayPal
T-50644	2025-08-15	PROD-5043	Apple Smartphone Pro	Mobile	Smartphones	Apple	1945.15	ST-09	Mile High Mobile	Denver	West	CUST-2016	Elizabeth Rodriguez	1900.13	4	380.03	577.64	7798.13	PayPal
T-50645	2025-01-20	PROD-5037	Bose Keyboard Pro	Accessories	Keyboards	Bose	1221.63	ST-02	Digital Depot	Austin	South	CUST-2003	Mary Garcia	1170.07	2	0.0	163.81	2503.95	Apple Pay
T-50646	2025-03-01	PROD-5014	Logitech Smartwatche Pro	Mobile	Smartwatches	Logitech	1528.26	ST-05	Empire Electronics	New York	North	CUST-2029	Linda Garcia	1458.69	2	437.61	154.99	2634.76	Credit Card
T-50647	2025-11-03	PROD-5003	Dell Mice Pro	Accessories	Mice	Dell	843.02	ST-06	Evergreen Tech	Seattle	West	CUST-2093	Patricia Garcia	813.73	4	0.0	260.39	3515.31	Debit Card
T-50648	2025-08-24	PROD-5030	Microsoft Smartwatche Pro	Mobile	Smartwatches	Microsoft	1134.83	ST-01	Tech Haven	Boston	North	CUST-2070	Jennifer Jones	1107.7	5	553.85	311.54	5296.19	PayPal
T-50649	2025-11-18	PROD-5026	Apple Smartphone Pro	Mobile	Smartphones	Apple	538.85	ST-09	Mile High Mobile	Denver	West	CUST-2016	Elizabeth Rodriguez	540.78	3	162.23	116.81	1576.92	Apple Pay
T-50650	2025-04-02	PROD-5036	Logitech Mice Pro	Accessories	Mice	Logitech	554.85	ST-06	Evergreen Tech	Seattle	West	CUST-2072	David Rodriguez	550.08	4	0.0	176.03	2376.35	PayPal
T-50651	2025-03-20	PROD-5025	Logitech Speaker Pro	Audio	Speakers	Logitech	1871.67	ST-10	Sunshine Systems	Miami	South	CUST-2073	James Jones	1964.53	5	1473.4	584.45	8933.7	Apple Pay
T-50652	2025-03-16	PROD-5011	Sony Laptop Pro	Computing	Laptops	Sony	304.69	ST-05	Empire Electronics	New York	North	CUST-2072	David Rodriguez	303.55	2	0.0	37.94	645.04	PayPal
T-50653	2025-06-04	PROD-5043	Apple Smartphone Pro	Mobile	Smartphones	Apple	1945.15	ST-09	Mile High Mobile	Denver	West	CUST-2079	David Garcia	2030.54	4	0.0	649.77	8771.93	Google Pay
T-50654	2025-05-08	PROD-5036	Logitech Mice Pro	Accessories	Mice	Logitech	554.85	ST-06	Evergreen Tech	Seattle	West	CUST-2063	Robert Williams	531.85	5	132.96	202.1	2728.39	Apple Pay
T-50655	2025-07-01	PROD-5033	Logitech Smartwatche Pro	Mobile	Smartwatches	Logitech	2430.56	ST-03	Silicon Square	San Jose	West	CUST-2093	Patricia Garcia	2478.49	1	0.0	198.28	2676.77	Credit Card
T-50656	2025-07-25	PROD-5036	Logitech Mice Pro	Accessories	Mice	Logitech	554.85	ST-09	Mile High Mobile	Denver	West	CUST-2003	Mary Garcia	553.54	2	166.06	75.28	1016.3	PayPal
T-50657	2025-05-29	PROD-5013	HP Mice Pro	Accessories	Mice	HP	1304.61	ST-08	Gateway Gear	St. Louis	Midwest	CUST-2024	Patricia Smith	1350.99	5	0.0	405.3	7160.25	PayPal
T-50658	2025-04-22	PROD-5014	Logitech Smartwatche Pro	Mobile	Smartwatches	Logitech	1528.26	ST-05	Empire Electronics	New York	North	CUST-2080	Michael Johnson	1476.44	2	295.29	166.1	2823.69	Google Pay
T-50659	2025-08-17	PROD-5025	Logitech Speaker Pro	Audio	Speakers	Logitech	1871.67	ST-10	Sunshine Systems	Miami	South	CUST-2004	David Martinez	1787.85	2	536.35	212.75	3252.1	Debit Card
T-50660	2025-09-28	PROD-5040	Dell Laptop Pro	Computing	Laptops	Dell	876.34	ST-04	Windy City Gear	Chicago	Midwest	CUST-2019	James Miller	848.33	3	254.5	137.43	2427.92	Debit Card
T-50661	2025-08-16	PROD-5046	Bose Mice Pro	Accessories	Mice	Bose	1877.63	ST-02	Digital Depot	Austin	South	CUST-2042	Linda Davis	1784.67	2	356.93	224.87	3437.28	Apple Pay
T-50662	2025-01-22	PROD-5016	Microsoft Smartwatche Pro	Mobile	Smartwatches	Microsoft	1215.4	ST-01	Tech Haven	Boston	North	CUST-2003	Mary Garcia	1261.22	3	0.0	236.48	4020.14	PayPal
T-50663	2025-07-05	PROD-5025	Logitech Speaker Pro	Audio	Speakers	Logitech	1871.67	ST-07	Peach State Gadgets	Atlanta	South	CUST-2098	Elizabeth Johnson	1877.03	3	0.0	394.18	6025.27	Google Pay
T-50664	2025-09-05	PROD-5021	HP Headphone Pro	Audio	Headphones	HP	1118.89	ST-04	Windy City Gear	Chicago	Midwest	CUST-2070	Jennifer Jones	1085.75	1	54.29	61.89	1093.35	Apple Pay
T-50665	2025-08-27	PROD-5018	Bose Laptop Pro	Computing	Laptops	Bose	839.46	ST-04	Windy City Gear	Chicago	Midwest	CUST-2092	Robert Brown	842.6	1	84.26	45.5	803.84	Credit Card
T-50666	2025-08-03	PROD-5000	Microsoft Speaker Pro	Audio	Speakers	Microsoft	2260.98	ST-03	Silicon Square	San Jose	West	CUST-2068	James Miller	2307.67	2	0.0	369.23	4984.57	PayPal
T-50667	2025-11-08	PROD-5046	Bose Mice Pro	Accessories	Mice	Bose	1877.63	ST-05	Empire Electronics	New York	North	CUST-2096	Michael Davis	1928.84	3	578.65	325.49	5533.36	Credit Card
T-50668	2025-04-12	PROD-5007	Apple Speaker Pro	Audio	Speakers	Apple	1970.43	ST-01	Tech Haven	Boston	North	CUST-2067	James Miller	2038.32	3	611.5	343.97	5847.43	Apple Pay
T-50669	2025-11-27	PROD-5041	Microsoft Smartwatche Pro	Mobile	Smartwatches	Microsoft	2371.04	ST-04	Windy City Gear	Chicago	Midwest	CUST-2023	Jennifer Brown	2344.22	3	0.0	421.96	7454.62	Apple Pay
T-50670	2025-09-04	PROD-5029	Apple Smartwatche Pro	Mobile	Smartwatches	Apple	2481.03	ST-01	Tech Haven	Boston	North	CUST-2037	Patricia Johnson	2490.34	5	622.59	739.32	12568.43	Credit Card
T-50671	2025-12-26	PROD-5038	HP Headphone Pro	Audio	Headphones	HP	1705.55	ST-04	Windy City Gear	Chicago	Midwest	CUST-2077	Mary Jones	1703.74	2	511.12	173.78	3070.14	PayPal
T-50672	2025-08-12	PROD-5010	Apple Headphone Pro	Audio	Headphones	Apple	1099.67	ST-10	Sunshine Systems	Miami	South	CUST-2019	James Miller	1146.47	2	0.0	160.51	2453.45	Debit Card
T-50673	2025-02-05	PROD-5042	HP Mice Pro	Accessories	Mice	HP	1992.52	ST-02	Digital Depot	Austin	South	CUST-2069	Mary Miller	1933.73	4	0.0	541.44	8276.36	PayPal
T-50674	2025-08-25	PROD-5039	Dell Smartphone Pro	Mobile	Smartphones	Dell	327.77	ST-03	Silicon Square	San Jose	West	CUST-2074	Linda Smith	327.58	4	65.52	99.58	1344.38	Credit Card
T-50675	2025-02-11	PROD-5045	Dell Smartphone Pro	Mobile	Smartphones	Dell	555.4	ST-10	Sunshine Systems	Miami	South	CUST-2027	Mary Williams	551.03	4	330.62	131.15	2004.65	Credit Card
T-50676	2025-10-02	PROD-5029	Apple Smartwatche Pro	Mobile	Smartwatches	Apple	2481.03	ST-05	Empire Electronics	New York	North	CUST-2013	David Rodriguez	2590.42	2	777.13	275.23	4678.94	Apple Pay
T-50677	2025-10-22	PROD-5046	Bose Mice Pro	Accessories	Mice	Bose	1877.63	ST-05	Empire Electronics	New York	North	CUST-2078	Jennifer Davis	1890.26	1	0.0	118.14	2008.4	PayPal
T-50678	2025-03-04	PROD-5008	Apple Mice Pro	Accessories	Mice	Apple	1303.88	ST-07	Peach State Gadgets	Atlanta	South	CUST-2061	Linda Smith	1336.24	2	400.87	159.01	2430.62	Debit Card
T-50679	2025-08-01	PROD-5036	Logitech Mice Pro	Accessories	Mice	Logitech	554.85	ST-09	Mile High Mobile	Denver	West	CUST-2053	Michael Jones	558.01	2	0.0	89.28	1205.3	Credit Card
T-50680	2025-08-31	PROD-5031	Microsoft Smartwatche Pro	Mobile	Smartwatches	Microsoft	439.91	ST-01	Tech Haven	Boston	North	CUST-2070	Jennifer Jones	420.13	5	105.03	124.73	2120.35	Credit Card
T-50681	2025-05-24	PROD-5003	Dell Mice Pro	Accessories	Mice	Dell	843.02	ST-07	Peach State Gadgets	Atlanta	South	CUST-2081	Michael Miller	844.89	5	211.22	280.93	4294.16	Debit Card
T-50682	2025-06-11	PROD-5001	Apple Tablet Pro	Computing	Tablets	Apple	1730.77	ST-08	Gateway Gear	St. Louis	Midwest	CUST-2097	John Williams	1804.02	2	541.21	184.01	3250.84	Debit Card
T-50683	2025-05-16	PROD-5046	Bose Mice Pro	Accessories	Mice	Bose	1877.63	ST-06	Evergreen Tech	Seattle	West	CUST-2043	Elizabeth Martinez	1877.8	5	0.0	751.12	10140.12	Google Pay
T-50684	2025-07-13	PROD-5026	Apple Smartphone Pro	Mobile	Smartphones	Apple	538.85	ST-07	Peach State Gadgets	Atlanta	South	CUST-2078	Jennifer Davis	529.66	1	52.97	33.37	510.06	PayPal
T-50685	2025-10-18	PROD-5033	Logitech Smartwatche Pro	Mobile	Smartwatches	Logitech	2430.56	ST-07	Peach State Gadgets	Atlanta	South	CUST-2033	Elizabeth Davis	2484.97	3	745.49	469.66	7179.08	Debit Card
T-50686	2025-04-26	PROD-5041	Microsoft Smartwatche Pro	Mobile	Smartwatches	Microsoft	2371.04	ST-05	Empire Electronics	New York	North	CUST-2092	Robert Brown	2367.65	2	236.77	281.16	4779.69	Credit Card
T-50687	2025-05-17	PROD-5010	Apple Headphone Pro	Audio	Headphones	Apple	1099.67	ST-10	Sunshine Systems	Miami	South	CUST-2075	Linda Davis	1108.71	4	221.74	294.92	4508.02	Google Pay
T-50688	2025-09-09	PROD-5010	Apple Headphone Pro	Audio	Headphones	Apple	1099.67	ST-05	Empire Electronics	New York	North	CUST-2099	Jennifer Jones	1055.14	3	0.0	197.84	3363.26	PayPal
T-50689	2025-07-12	PROD-5049	Microsoft Smartwatche Pro	Mobile	Smartwatches	Microsoft	2182.95	ST-06	Evergreen Tech	Seattle	West	CUST-2093	Patricia Garcia	2157.76	3	970.99	440.18	5942.47	Credit Card
T-50690	2025-06-30	PROD-5021	HP Headphone Pro	Audio	Headphones	HP	1118.89	ST-04	Windy City Gear	Chicago	Midwest	CUST-2032	Patricia Davis	1128.75	2	112.88	128.68	2273.3	Apple Pay
T-50691	2025-08-16	PROD-5029	Apple Smartwatche Pro	Mobile	Smartwatches	Apple	2481.03	ST-06	Evergreen Tech	Seattle	West	CUST-2032	Patricia Davis	2567.58	5	1283.79	924.33	12478.44	Credit Card
T-50692	2025-10-03	PROD-5033	Logitech Smartwatche Pro	Mobile	Smartwatches	Logitech	2430.56	ST-09	Mile High Mobile	Denver	West	CUST-2076	Patricia Rodriguez	2381.84	3	0.0	571.64	7717.16	Debit Card
T-50693	2025-10-23	PROD-5039	Dell Smartphone Pro	Mobile	Smartphones	Dell	327.77	ST-04	Windy City Gear	Chicago	Midwest	CUST-2063	Robert Williams	324.73	5	0.0	97.42	1721.07	Google Pay
T-50694	2025-07-11	PROD-5043	Apple Smartphone Pro	Mobile	Smartphones	Apple	1945.15	ST-08	Gateway Gear	St. Louis	Midwest	CUST-2085	James Rodriguez	1915.35	2	0.0	229.84	4060.54	PayPal
T-50695	2025-09-12	PROD-5039	Dell Smartphone Pro	Mobile	Smartphones	Dell	327.77	ST-09	Mile High Mobile	Denver	West	CUST-2031	Elizabeth Brown	328.91	3	148.01	67.1	905.82	Google Pay
T-50696	2025-09-01	PROD-5049	Microsoft Smartwatche Pro	Mobile	Smartwatches	Microsoft	2182.95	ST-07	Peach State Gadgets	Atlanta	South	CUST-2045	James Rodriguez	2191.06	1	0.0	153.37	2344.43	Google Pay
T-50697	2025-06-16	PROD-5000	Microsoft Speaker Pro	Audio	Speakers	Microsoft	2260.98	ST-09	Mile High Mobile	Denver	West	CUST-2067	James Miller	2246.67	3	0.0	539.2	7279.21	Debit Card
T-50698	2025-09-26	PROD-5046	Bose Mice Pro	Accessories	Mice	Bose	1877.63	ST-09	Mile High Mobile	Denver	West	CUST-2062	Robert Rodriguez	1960.45	1	98.02	148.99	2011.42	Credit Card
T-50699	2025-07-13	PROD-5003	Dell Mice Pro	Accessories	Mice	Dell	843.02	ST-04	Windy City Gear	Chicago	Midwest	CUST-2078	Jennifer Davis	824.0	3	0.0	148.32	2620.32	Debit Card
T-50700	2025-12-01	PROD-5014	Logitech Smartwatche Pro	Mobile	Smartwatches	Logitech	1528.26	ST-05	Empire Electronics	New York	North	CUST-2087	David Johnson	1454.48	4	290.9	345.44	5872.46	Credit Card
T-50701	2025-10-10	PROD-5009	Logitech Tablet Pro	Computing	Tablets	Logitech	409.92	ST-01	Tech Haven	Boston	North	CUST-2041	James Brown	421.57	4	0.0	105.39	1791.67	Credit Card
T-50702	2025-01-12	PROD-5031	Microsoft Smartwatche Pro	Mobile	Smartwatches	Microsoft	439.91	ST-05	Empire Electronics	New York	North	CUST-2077	Mary Jones	459.13	5	229.57	129.13	2195.21	Google Pay
T-50703	2025-12-02	PROD-5010	Apple Headphone Pro	Audio	Headphones	Apple	1099.67	ST-09	Mile High Mobile	Denver	West	CUST-2036	Robert Miller	1119.03	2	0.0	179.04	2417.1	Credit Card
T-50704	2025-12-03	PROD-5016	Microsoft Smartwatche Pro	Mobile	Smartwatches	Microsoft	1215.4	ST-01	Tech Haven	Boston	North	CUST-2060	John Smith	1205.88	3	0.0	226.1	3843.74	PayPal
T-50705	2025-12-27	PROD-5045	Dell Smartphone Pro	Mobile	Smartphones	Dell	555.4	ST-08	Gateway Gear	St. Louis	Midwest	CUST-2016	Elizabeth Rodriguez	579.72	5	0.0	173.92	3072.52	Google Pay
T-50706	2025-01-20	PROD-5003	Dell Mice Pro	Accessories	Mice	Dell	843.02	ST-10	Sunshine Systems	Miami	South	CUST-2097	John Williams	806.12	1	40.31	53.61	819.42	Google Pay
T-50707	2025-03-20	PROD-5005	Logitech Smartphone Pro	Mobile	Smartphones	Logitech	424.25	ST-09	Mile High Mobile	Denver	West	CUST-2096	Michael Davis	442.43	2	0.0	70.79	955.65	Google Pay
T-50708	2025-09-24	PROD-5005	Logitech Smartphone Pro	Mobile	Smartphones	Logitech	424.25	ST-05	Empire Electronics	New York	North	CUST-2061	Linda Smith	406.81	4	244.09	86.45	1469.6	Credit Card
T-50709	2025-04-21	PROD-5024	Sony Monitor Pro	Computing	Monitors	Sony	739.23	ST-10	Sunshine Systems	Miami	South	CUST-2021	Michael Garcia	711.53	2	213.46	84.67	1294.27	Credit Card
T-50710	2025-08-04	PROD-5038	HP Headphone Pro	Audio	Headphones	HP	1705.55	ST-01	Tech Haven	Boston	North	CUST-2038	Patricia Rodriguez	1725.09	1	172.51	97.04	1649.62	Apple Pay
T-50711	2025-07-17	PROD-5036	Logitech Mice Pro	Accessories	Mice	Logitech	554.85	ST-02	Digital Depot	Austin	South	CUST-2014	John Smith	556.72	2	55.67	74.04	1131.81	Apple Pay
T-50712	2025-09-25	PROD-5000	Microsoft Speaker Pro	Audio	Speakers	Microsoft	2260.98	ST-05	Empire Electronics	New York	North	CUST-2061	Linda Smith	2165.41	5	541.35	642.86	10928.56	Google Pay
T-50713	2025-10-28	PROD-5048	Microsoft Smartphone Pro	Mobile	Smartphones	Microsoft	2457.95	ST-05	Empire Electronics	New York	North	CUST-2096	Michael Davis	2394.38	1	359.16	127.2	2162.42	Google Pay
T-50714	2025-01-05	PROD-5037	Bose Keyboard Pro	Accessories	Keyboards	Bose	1221.63	ST-10	Sunshine Systems	Miami	South	CUST-2077	Mary Jones	1256.33	4	0.0	351.77	5377.09	Google Pay
T-50715	2025-03-25	PROD-5034	Microsoft Headphone Pro	Audio	Headphones	Microsoft	2075.67	ST-07	Peach State Gadgets	Atlanta	South	CUST-2027	Mary Williams	2101.6	5	0.0	735.56	11243.56	Debit Card
T-50716	2025-01-24	PROD-5014	Logitech Smartwatche Pro	Mobile	Smartwatches	Logitech	1528.26	ST-07	Peach State Gadgets	Atlanta	South	CUST-2022	Linda Brown	1547.6	1	77.38	102.92	1573.14	Credit Card
T-50717	2025-08-28	PROD-5032	HP Smartphone Pro	Mobile	Smartphones	HP	1749.41	ST-05	Empire Electronics	New York	North	CUST-2093	Patricia Garcia	1725.69	3	517.71	291.21	4950.57	Debit Card
T-50718	2025-01-11	PROD-5025	Logitech Speaker Pro	Audio	Speakers	Logitech	1871.67	ST-03	Silicon Square	San Jose	West	CUST-2085	James Rodriguez	1793.45	4	358.69	545.21	7360.32	Google Pay
T-50719	2025-08-01	PROD-5006	HP Keyboard Pro	Accessories	Keyboards	HP	587.45	ST-06	Evergreen Tech	Seattle	West	CUST-2079	David Garcia	598.82	3	0.0	143.72	1940.18	Apple Pay
T-50720	2025-05-04	PROD-5006	HP Keyboard Pro	Accessories	Keyboards	HP	587.45	ST-08	Gateway Gear	St. Louis	Midwest	CUST-2077	Mary Jones	578.73	2	115.75	62.5	1104.21	PayPal
T-50721	2025-09-12	PROD-5006	HP Keyboard Pro	Accessories	Keyboards	HP	587.45	ST-07	Peach State Gadgets	Atlanta	South	CUST-2062	Robert Rodriguez	586.98	5	0.0	205.44	3140.34	Credit Card
T-50722	2025-05-15	PROD-5035	Dell Laptop Pro	Computing	Laptops	Dell	2449.03	ST-06	Evergreen Tech	Seattle	West	CUST-2082	Mary Jones	2344.74	2	0.0	375.16	5064.64	Apple Pay
T-50723	2025-02-19	PROD-5040	Dell Laptop Pro	Computing	Laptops	Dell	876.34	ST-03	Silicon Square	San Jose	West	CUST-2019	James Miller	851.5	3	383.18	173.71	2345.03	Apple Pay
T-50724	2025-08-09	PROD-5041	Microsoft Smartwatche Pro	Mobile	Smartwatches	Microsoft	2371.04	ST-01	Tech Haven	Boston	North	CUST-2033	Elizabeth Davis	2286.91	2	228.69	271.57	4616.7	PayPal
T-50725	2025-03-28	PROD-5026	Apple Smartphone Pro	Mobile	Smartphones	Apple	538.85	ST-03	Silicon Square	San Jose	West	CUST-2011	Jennifer Smith	538.39	3	0.0	129.21	1744.38	Apple Pay
T-50726	2025-12-01	PROD-5020	Apple Smartphone Pro	Mobile	Smartphones	Apple	127.57	ST-08	Gateway Gear	St. Louis	Midwest	CUST-2047	Jennifer Smith	126.8	3	38.04	20.54	362.9	Credit Card
T-50727	2025-05-11	PROD-5013	HP Mice Pro	Accessories	Mice	HP	1304.61	ST-08	Gateway Gear	St. Louis	Midwest	CUST-2021	Michael Garcia	1266.04	4	506.42	273.46	4831.2	Debit Card
T-50728	2025-05-13	PROD-5020	Apple Smartphone Pro	Mobile	Smartphones	Apple	127.57	ST-08	Gateway Gear	St. Louis	Midwest	CUST-2083	Michael Johnson	123.52	1	0.0	7.41	130.93	Credit Card
T-50729	2025-08-04	PROD-5003	Dell Mice Pro	Accessories	Mice	Dell	843.02	ST-01	Tech Haven	Boston	North	CUST-2044	Linda Brown	836.13	2	167.23	94.06	1599.09	Google Pay
T-50730	2025-03-30	PROD-5047	Logitech Keyboard Pro	Accessories	Keyboards	Logitech	595.48	ST-07	Peach State Gadgets	Atlanta	South	CUST-2005	Michael Smith	578.73	5	289.37	182.3	2786.58	Apple Pay
T-50731	2025-01-15	PROD-5013	HP Mice Pro	Accessories	Mice	HP	1304.61	ST-07	Peach State Gadgets	Atlanta	South	CUST-2026	John Johnson	1239.57	2	0.0	173.54	2652.68	Debit Card
T-50732	2025-10-20	PROD-5013	HP Mice Pro	Accessories	Mice	HP	1304.61	ST-02	Digital Depot	Austin	South	CUST-2099	Jennifer Jones	1309.36	5	0.0	458.28	7005.08	Google Pay
T-50733	2025-11-23	PROD-5044	Samsung Keyboard Pro	Accessories	Keyboards	Samsung	1673.85	ST-09	Mile High Mobile	Denver	West	CUST-2099	Jennifer Jones	1613.33	5	403.33	613.07	8276.39	Credit Card
T-50734	2025-09-04	PROD-5003	Dell Mice Pro	Accessories	Mice	Dell	843.02	ST-03	Silicon Square	San Jose	West	CUST-2088	Elizabeth Garcia	816.73	5	0.0	326.69	4410.34	Google Pay
T-50735	2025-04-03	PROD-5011	Sony Laptop Pro	Computing	Laptops	Sony	304.69	ST-03	Silicon Square	San Jose	West	CUST-2022	Linda Brown	303.86	4	0.0	97.24	1312.68	Apple Pay
T-50736	2025-03-20	PROD-5004	Microsoft Speaker Pro	Audio	Speakers	Microsoft	451.4	ST-02	Digital Depot	Austin	South	CUST-2001	David Davis	447.2	4	178.88	112.69	1722.61	Debit Card
T-50737	2025-08-03	PROD-5040	Dell Laptop Pro	Computing	Laptops	Dell	876.34	ST-06	Evergreen Tech	Seattle	West	CUST-2005	Michael Smith	870.68	1	0.0	69.65	940.33	PayPal
T-50738	2025-09-22	PROD-5008	Apple Mice Pro	Accessories	Mice	Apple	1303.88	ST-04	Windy City Gear	Chicago	Midwest	CUST-2065	David Martinez	1363.48	5	681.74	368.14	6503.8	Credit Card
T-50739	2025-07-29	PROD-5015	Microsoft Speaker Pro	Audio	Speakers	Microsoft	813.77	ST-06	Evergreen Tech	Seattle	West	CUST-2013	David Rodriguez	823.45	5	411.73	296.44	4001.96	Apple Pay
T-50740	2025-12-15	PROD-5047	Logitech Keyboard Pro	Accessories	Keyboards	Logitech	595.48	ST-08	Gateway Gear	St. Louis	Midwest	CUST-2026	John Johnson	577.29	4	115.46	131.62	2325.32	Google Pay
T-50741	2025-01-03	PROD-5020	Apple Smartphone Pro	Mobile	Smartphones	Apple	127.57	ST-01	Tech Haven	Boston	North	CUST-2089	Robert Smith	131.53	2	0.0	16.44	279.5	Credit Card
T-50742	2025-08-26	PROD-5048	Microsoft Smartphone Pro	Mobile	Smartphones	Microsoft	2457.95	ST-09	Mile High Mobile	Denver	West	CUST-2033	Elizabeth Davis	2573.96	1	0.0	205.92	2779.88	Debit Card
T-50743	2025-04-02	PROD-5000	Microsoft Speaker Pro	Audio	Speakers	Microsoft	2260.98	ST-03	Silicon Square	San Jose	West	CUST-2009	David Jones	2331.79	4	466.36	708.86	9569.66	Apple Pay
T-50744	2025-09-28	PROD-5040	Dell Laptop Pro	Computing	Laptops	Dell	876.34	ST-01	Tech Haven	Boston	North	CUST-2035	James Davis	915.87	1	45.79	54.38	924.46	Apple Pay
T-50745	2025-04-29	PROD-5019	HP Mice Pro	Accessories	Mice	HP	248.24	ST-08	Gateway Gear	St. Louis	Midwest	CUST-2025	John Jones	246.89	4	148.13	50.37	889.8	Credit Card
T-50746	2025-03-04	PROD-5042	HP Mice Pro	Accessories	Mice	HP	1992.52	ST-04	Windy City Gear	Chicago	Midwest	CUST-2049	David Jones	2033.95	3	0.0	366.11	6467.96	Apple Pay
T-50747	2025-05-07	PROD-5042	HP Mice Pro	Accessories	Mice	HP	1992.52	ST-10	Sunshine Systems	Miami	South	CUST-2089	Robert Smith	2048.57	1	204.86	129.06	1972.77	Debit Card
T-50748	2025-12-21	PROD-5005	Logitech Smartphone Pro	Mobile	Smartphones	Logitech	424.25	ST-05	Empire Electronics	New York	North	CUST-2072	David Rodriguez	429.15	3	0.0	80.47	1367.92	Debit Card
T-50749	2025-05-15	PROD-5047	Logitech Keyboard Pro	Accessories	Keyboards	Logitech	595.48	ST-08	Gateway Gear	St. Louis	Midwest	CUST-2003	Mary Garcia	581.68	2	116.34	62.82	1109.84	Google Pay
T-50750	2025-03-02	PROD-5020	Apple Smartphone Pro	Mobile	Smartphones	Apple	127.57	ST-10	Sunshine Systems	Miami	South	CUST-2020	Robert Johnson	121.3	5	90.97	36.09	551.62	Google Pay
T-50751	2025-06-29	PROD-5008	Apple Mice Pro	Accessories	Mice	Apple	1303.88	ST-03	Silicon Square	San Jose	West	CUST-2010	James Davis	1319.35	1	197.9	89.72	1211.17	Credit Card
T-50752	2025-02-19	PROD-5032	HP Smartphone Pro	Mobile	Smartphones	HP	1749.41	ST-04	Windy City Gear	Chicago	Midwest	CUST-2076	Patricia Rodriguez	1666.23	1	166.62	89.98	1589.59	PayPal
T-50753	2025-12-31	PROD-5028	Microsoft Keyboard Pro	Accessories	Keyboards	Microsoft	1729.38	ST-07	Peach State Gadgets	Atlanta	South	CUST-2035	James Davis	1762.65	4	0.0	493.54	7544.14	Credit Card
T-50754	2025-09-12	PROD-5036	Logitech Mice Pro	Accessories	Mice	Logitech	554.85	ST-04	Windy City Gear	Chicago	Midwest	CUST-2075	Linda Davis	529.59	1	79.44	27.01	477.16	Debit Card
T-50755	2025-10-14	PROD-5005	Logitech Smartphone Pro	Mobile	Smartphones	Logitech	424.25	ST-09	Mile High Mobile	Denver	West	CUST-2098	Elizabeth Johnson	425.39	3	191.43	86.78	1171.52	Apple Pay
T-50756	2025-10-26	PROD-5032	HP Smartphone Pro	Mobile	Smartphones	HP	1749.41	ST-02	Digital Depot	Austin	South	CUST-2018	Mary Jones	1801.23	2	180.12	239.56	3661.9	Apple Pay
T-50757	2025-09-04	PROD-5049	Microsoft Smartwatche Pro	Mobile	Smartwatches	Microsoft	2182.95	ST-05	Empire Electronics	New York	North	CUST-2057	James Jones	2108.53	1	0.0	131.78	2240.31	Debit Card
T-50758	2025-07-27	PROD-5002	Dell Headphone Pro	Audio	Headphones	Dell	1736.36	ST-07	Peach State Gadgets	Atlanta	South	CUST-2075	Linda Davis	1753.61	4	350.72	466.46	7130.18	Apple Pay
T-50759	2025-09-24	PROD-5013	HP Mice Pro	Accessories	Mice	HP	1304.61	ST-10	Sunshine Systems	Miami	South	CUST-2081	Michael Miller	1269.08	4	761.45	302.04	4616.91	Google Pay
T-50760	2025-03-14	PROD-5017	Sony Keyboard Pro	Accessories	Keyboards	Sony	2320.52	ST-04	Windy City Gear	Chicago	Midwest	CUST-2024	Patricia Smith	2238.21	4	0.0	537.17	9490.01	Apple Pay
T-50761	2025-10-26	PROD-5010	Apple Headphone Pro	Audio	Headphones	Apple	1099.67	ST-10	Sunshine Systems	Miami	South	CUST-2081	Michael Miller	1088.62	5	272.15	361.97	5532.92	PayPal
T-50762	2025-12-04	PROD-5021	HP Headphone Pro	Audio	Headphones	HP	1118.89	ST-07	Peach State Gadgets	Atlanta	South	CUST-2079	David Garcia	1108.36	2	221.67	139.65	2134.7	PayPal
T-50763	2025-07-17	PROD-5018	Bose Laptop Pro	Computing	Laptops	Bose	839.46	ST-04	Windy City Gear	Chicago	Midwest	CUST-2087	David Johnson	849.21	2	254.76	86.62	1530.28	Google Pay
T-50764	2025-03-20	PROD-5028	Microsoft Keyboard Pro	Accessories	Keyboards	Microsoft	1729.38	ST-02	Digital Depot	Austin	South	CUST-2030	Mary Rodriguez	1708.66	3	768.9	305.0	4662.08	Apple Pay
T-50765	2025-05-07	PROD-5017	Sony Keyboard Pro	Accessories	Keyboards	Sony	2320.52	ST-01	Tech Haven	Boston	North	CUST-2010	James Davis	2397.71	3	0.0	449.57	7642.7	Credit Card
T-50766	2025-03-24	PROD-5048	Microsoft Smartphone Pro	Mobile	Smartphones	Microsoft	2457.95	ST-02	Digital Depot	Austin	South	CUST-2000	Mary Williams	2559.41	3	0.0	537.48	8215.71	Apple Pay
T-50767	2025-05-10	PROD-5011	Sony Laptop Pro	Computing	Laptops	Sony	304.69	ST-08	Gateway Gear	St. Louis	Midwest	CUST-2032	Patricia Davis	292.09	2	87.63	29.79	526.34	Apple Pay
T-50768	2025-05-16	PROD-5020	Apple Smartphone Pro	Mobile	Smartphones	Apple	127.57	ST-03	Silicon Square	San Jose	West	CUST-2007	John Smith	129.44	3	0.0	31.07	419.39	Apple Pay
T-50769	2025-03-31	PROD-5049	Microsoft Smartwatche Pro	Mobile	Smartwatches	Microsoft	2182.95	ST-09	Mile High Mobile	Denver	West	CUST-2038	Patricia Rodriguez	2107.47	1	316.12	143.31	1934.66	PayPal
T-50770	2025-01-27	PROD-5043	Apple Smartphone Pro	Mobile	Smartphones	Apple	1945.15	ST-04	Windy City Gear	Chicago	Midwest	CUST-2014	John Smith	2016.56	5	1512.42	514.22	9084.6	PayPal
T-50771	2025-07-09	PROD-5027	Microsoft Speaker Pro	Audio	Speakers	Microsoft	1346.24	ST-02	Digital Depot	Austin	South	CUST-2005	Michael Smith	1346.6	3	605.97	240.37	3674.2	Apple Pay
T-50772	2025-06-15	PROD-5036	Logitech Mice Pro	Accessories	Mice	Logitech	554.85	ST-04	Windy City Gear	Chicago	Midwest	CUST-2009	David Jones	531.26	5	0.0	159.38	2815.68	Credit Card
T-50773	2025-10-14	PROD-5048	Microsoft Smartphone Pro	Mobile	Smartphones	Microsoft	2457.95	ST-02	Digital Depot	Austin	South	CUST-2094	Linda Davis	2529.31	1	252.93	159.35	2435.73	Google Pay
T-50774	2025-12-20	PROD-5005	Logitech Smartphone Pro	Mobile	Smartphones	Logitech	424.25	ST-05	Empire Electronics	New York	North	CUST-2078	Jennifer Davis	442.44	4	0.0	110.61	1880.37	Apple Pay
T-50775	2025-04-29	PROD-5034	Microsoft Headphone Pro	Audio	Headphones	Microsoft	2075.67	ST-08	Gateway Gear	St. Louis	Midwest	CUST-2045	James Rodriguez	2151.24	2	0.0	258.15	4560.63	Google Pay
T-50776	2025-03-07	PROD-5047	Logitech Keyboard Pro	Accessories	Keyboards	Logitech	595.48	ST-09	Mile High Mobile	Denver	West	CUST-2018	Mary Jones	570.07	2	0.0	91.21	1231.35	Apple Pay
T-50777	2025-05-15	PROD-5015	Microsoft Speaker Pro	Audio	Speakers	Microsoft	813.77	ST-05	Empire Electronics	New York	North	CUST-2064	Mary Johnson	828.65	4	0.0	207.16	3521.76	Debit Card
T-50778	2025-01-14	PROD-5021	HP Headphone Pro	Audio	Headphones	HP	1118.89	ST-08	Gateway Gear	St. Louis	Midwest	CUST-2008	Elizabeth Jones	1141.56	3	513.7	174.66	3085.64	Credit Card
T-50779	2025-10-03	PROD-5016	Microsoft Smartwatche Pro	Mobile	Smartwatches	Microsoft	1215.4	ST-08	Gateway Gear	St. Louis	Midwest	CUST-2029	Linda Garcia	1270.12	2	0.0	152.41	2692.65	Debit Card
T-50780	2025-02-12	PROD-5030	Microsoft Smartwatche Pro	Mobile	Smartwatches	Microsoft	1134.83	ST-10	Sunshine Systems	Miami	South	CUST-2089	Robert Smith	1171.5	1	58.58	77.9	1190.82	Credit Card
T-50781	2025-04-29	PROD-5043	Apple Smartphone Pro	Mobile	Smartphones	Apple	1945.15	ST-09	Mile High Mobile	Denver	West	CUST-2053	Michael Jones	1888.11	2	566.43	256.78	3466.57	Google Pay
T-50782	2025-02-03	PROD-5006	HP Keyboard Pro	Accessories	Keyboards	HP	587.45	ST-07	Peach State Gadgets	Atlanta	South	CUST-2090	Mary Smith	579.48	5	144.87	192.68	2945.21	Google Pay
T-50783	2025-10-22	PROD-5039	Dell Smartphone Pro	Mobile	Smartphones	Dell	327.77	ST-10	Sunshine Systems	Miami	South	CUST-2078	Jennifer Davis	338.85	4	0.0	94.88	1450.28	Credit Card
T-50784	2025-02-08	PROD-5016	Microsoft Smartwatche Pro	Mobile	Smartwatches	Microsoft	1215.4	ST-07	Peach State Gadgets	Atlanta	South	CUST-2046	Robert Jones	1159.0	5	0.0	405.65	6200.65	PayPal
T-50785	2025-11-30	PROD-5048	Microsoft Smartphone Pro	Mobile	Smartphones	Microsoft	2457.95	ST-06	Evergreen Tech	Seattle	West	CUST-2057	James Jones	2338.5	1	233.85	168.37	2273.02	Google Pay
T-50786	2025-12-11	PROD-5025	Logitech Speaker Pro	Audio	Speakers	Logitech	1871.67	ST-02	Digital Depot	Austin	South	CUST-2060	John Smith	1924.18	2	0.0	269.39	4117.75	Google Pay
T-50787	2025-02-04	PROD-5013	HP Mice Pro	Accessories	Mice	HP	1304.61	ST-04	Windy City Gear	Chicago	Midwest	CUST-2033	Elizabeth Davis	1362.44	3	0.0	245.24	4332.56	PayPal
T-50788	2025-12-31	PROD-5023	Dell Mice Pro	Accessories	Mice	Dell	1712.19	ST-09	Mile High Mobile	Denver	West	CUST-2098	Elizabeth Johnson	1700.14	5	0.0	680.06	9180.76	Apple Pay
T-50789	2025-09-21	PROD-5049	Microsoft Smartwatche Pro	Mobile	Smartwatches	Microsoft	2182.95	ST-03	Silicon Square	San Jose	West	CUST-2072	David Rodriguez	2232.84	2	669.85	303.67	4099.5	Apple Pay
T-50790	2025-01-25	PROD-5001	Apple Tablet Pro	Computing	Tablets	Apple	1730.77	ST-10	Sunshine Systems	Miami	South	CUST-2075	Linda Davis	1709.38	5	0.0	598.28	9145.18	Debit Card
T-50791	2025-06-13	PROD-5045	Dell Smartphone Pro	Mobile	Smartphones	Dell	555.4	ST-05	Empire Electronics	New York	North	CUST-2035	James Davis	544.87	1	27.24	32.35	549.98	Credit Card
T-50792	2025-02-25	PROD-5024	Sony Monitor Pro	Computing	Monitors	Sony	739.23	ST-03	Silicon Square	San Jose	West	CUST-2057	James Jones	750.89	5	563.17	255.3	3446.58	Google Pay
T-50793	2025-01-03	PROD-5016	Microsoft Smartwatche Pro	Mobile	Smartwatches	Microsoft	1215.4	ST-08	Gateway Gear	St. Louis	Midwest	CUST-2086	David Johnson	1273.19	2	0.0	152.78	2699.16	Google Pay
T-50794	2025-07-10	PROD-5034	Microsoft Headphone Pro	Audio	Headphones	Microsoft	2075.67	ST-03	Silicon Square	San Jose	West	CUST-2020	Robert Johnson	2090.2	2	418.04	300.99	4063.35	Apple Pay
T-50795	2025-01-24	PROD-5041	Microsoft Smartwatche Pro	Mobile	Smartwatches	Microsoft	2371.04	ST-04	Windy City Gear	Chicago	Midwest	CUST-2078	Jennifer Davis	2366.48	1	0.0	141.99	2508.47	PayPal
T-50796	2025-10-31	PROD-5049	Microsoft Smartwatche Pro	Mobile	Smartwatches	Microsoft	2182.95	ST-06	Evergreen Tech	Seattle	West	CUST-2056	David Brown	2147.47	2	214.75	326.42	4406.61	PayPal
T-50797	2025-03-11	PROD-5034	Microsoft Headphone Pro	Audio	Headphones	Microsoft	2075.67	ST-05	Empire Electronics	New York	North	CUST-2097	John Williams	2041.98	1	102.1	121.24	2061.12	PayPal
T-50798	2025-05-07	PROD-5028	Microsoft Keyboard Pro	Accessories	Keyboards	Microsoft	1729.38	ST-06	Evergreen Tech	Seattle	West	CUST-2017	Patricia Jones	1748.69	5	874.35	629.53	8498.63	Apple Pay
T-50799	2025-01-18	PROD-5043	Apple Smartphone Pro	Mobile	Smartphones	Apple	1945.15	ST-09	Mile High Mobile	Denver	West	CUST-2057	James Jones	1874.57	3	562.37	404.91	5466.25	Apple Pay
T-50800	2025-01-18	PROD-5026	Apple Smartphone Pro	Mobile	Smartphones	Apple	538.85	ST-08	Gateway Gear	St. Louis	Midwest	CUST-2093	Patricia Garcia	553.8	3	166.14	89.72	1584.98	Credit Card
T-50801	2025-02-01	PROD-5029	Apple Smartwatche Pro	Mobile	Smartwatches	Apple	2481.03	ST-09	Mile High Mobile	Denver	West	CUST-2094	Linda Davis	2504.37	3	751.31	540.94	7302.74	Google Pay
T-50802	2025-11-25	PROD-5019	HP Mice Pro	Accessories	Mice	HP	248.24	ST-09	Mile High Mobile	Denver	West	CUST-2002	Elizabeth Garcia	243.57	3	0.0	58.46	789.17	PayPal
T-50803	2025-07-19	PROD-5029	Apple Smartwatche Pro	Mobile	Smartwatches	Apple	2481.03	ST-05	Empire Electronics	New York	North	CUST-2039	Robert Miller	2427.52	2	0.0	303.44	5158.48	Apple Pay
T-50804	2025-04-25	PROD-5026	Apple Smartphone Pro	Mobile	Smartphones	Apple	538.85	ST-07	Peach State Gadgets	Atlanta	South	CUST-2009	David Jones	562.78	2	0.0	78.79	1204.35	Google Pay
T-50805	2025-03-04	PROD-5032	HP Smartphone Pro	Mobile	Smartphones	HP	1749.41	ST-08	Gateway Gear	St. Louis	Midwest	CUST-2056	David Brown	1828.94	4	1097.36	373.1	6591.5	Credit Card
T-50806	2025-06-08	PROD-5048	Microsoft Smartphone Pro	Mobile	Smartphones	Microsoft	2457.95	ST-10	Sunshine Systems	Miami	South	CUST-2091	David Johnson	2506.7	2	752.01	298.3	4559.69	Debit Card
T-50807	2025-07-14	PROD-5007	Apple Speaker Pro	Audio	Speakers	Apple	1970.43	ST-10	Sunshine Systems	Miami	South	CUST-2074	Linda Smith	2004.41	5	501.1	666.47	10187.42	Debit Card
T-50808	2025-11-06	PROD-5012	Samsung Mice Pro	Accessories	Mice	Samsung	876.88	ST-03	Silicon Square	San Jose	West	CUST-2078	Jennifer Davis	833.32	3	374.99	170.0	2294.97	Apple Pay
T-50809	2025-05-22	PROD-5019	HP Mice Pro	Accessories	Mice	HP	248.24	ST-05	Empire Electronics	New York	North	CUST-2084	Linda Garcia	243.53	1	0.0	15.22	258.75	Debit Card
T-50810	2025-06-23	PROD-5015	Microsoft Speaker Pro	Audio	Speakers	Microsoft	813.77	ST-05	Empire Electronics	New York	North	CUST-2008	Elizabeth Jones	822.35	5	0.0	256.98	4368.73	Apple Pay
T-50811	2025-05-17	PROD-5040	Dell Laptop Pro	Computing	Laptops	Dell	876.34	ST-08	Gateway Gear	St. Louis	Midwest	CUST-2020	Robert Johnson	880.9	1	0.0	52.85	933.75	Debit Card
T-50812	2025-04-27	PROD-5025	Logitech Speaker Pro	Audio	Speakers	Logitech	1871.67	ST-09	Mile High Mobile	Denver	West	CUST-2050	John Smith	1900.01	5	950.0	684.0	9234.05	Credit Card
T-50813	2025-01-31	PROD-5042	HP Mice Pro	Accessories	Mice	HP	1992.52	ST-05	Empire Electronics	New York	North	CUST-2062	Robert Rodriguez	1902.07	4	0.0	475.52	8083.8	Apple Pay
T-50814	2025-04-11	PROD-5040	Dell Laptop Pro	Computing	Laptops	Dell	876.34	ST-03	Silicon Square	San Jose	West	CUST-2015	Jennifer Davis	896.72	5	0.0	358.69	4842.29	Credit Card
T-50815	2025-05-07	PROD-5024	Sony Monitor Pro	Computing	Monitors	Sony	739.23	ST-09	Mile High Mobile	Denver	West	CUST-2098	Elizabeth Johnson	756.21	4	151.24	229.89	3103.49	PayPal
T-50816	2025-03-07	PROD-5042	HP Mice Pro	Accessories	Mice	HP	1992.52	ST-03	Silicon Square	San Jose	West	CUST-2075	Linda Davis	1922.24	1	192.22	138.4	1868.42	Apple Pay
T-50817	2025-03-01	PROD-5028	Microsoft Keyboard Pro	Accessories	Keyboards	Microsoft	1729.38	ST-01	Tech Haven	Boston	North	CUST-2069	Mary Miller	1799.27	2	179.93	213.66	3632.27	Credit Card
T-50818	2025-04-14	PROD-5012	Samsung Mice Pro	Accessories	Mice	Samsung	876.88	ST-03	Silicon Square	San Jose	West	CUST-2057	James Jones	851.85	5	212.96	323.7	4369.99	PayPal
T-50819	2025-11-03	PROD-5004	Microsoft Speaker Pro	Audio	Speakers	Microsoft	451.4	ST-07	Peach State Gadgets	Atlanta	South	CUST-2067	James Miller	446.24	3	0.0	93.71	1432.43	Credit Card
T-50820	2025-05-21	PROD-5015	Microsoft Speaker Pro	Audio	Speakers	Microsoft	813.77	ST-02	Digital Depot	Austin	South	CUST-2085	James Rodriguez	843.08	2	0.0	118.03	1804.19	Debit Card
T-50821	2025-06-26	PROD-5046	Bose Mice Pro	Accessories	Mice	Bose	1877.63	ST-04	Windy City Gear	Chicago	Midwest	CUST-2078	Jennifer Davis	1791.74	2	179.17	204.26	3608.57	Credit Card
T-50822	2025-10-19	PROD-5046	Bose Mice Pro	Accessories	Mice	Bose	1877.63	ST-09	Mile High Mobile	Denver	West	CUST-2039	Robert Miller	1881.13	1	94.06	142.97	1930.04	Google Pay
T-50823	2025-09-02	PROD-5040	Dell Laptop Pro	Computing	Laptops	Dell	876.34	ST-10	Sunshine Systems	Miami	South	CUST-2036	Robert Miller	918.82	3	275.65	173.66	2654.47	Google Pay
T-50824	2025-07-03	PROD-5033	Logitech Smartwatche Pro	Mobile	Smartwatches	Logitech	2430.56	ST-10	Sunshine Systems	Miami	South	CUST-2063	Robert Williams	2463.22	2	0.0	344.85	5271.29	Credit Card
T-50825	2025-08-12	PROD-5002	Dell Headphone Pro	Audio	Headphones	Dell	1736.36	ST-04	Windy City Gear	Chicago	Midwest	CUST-2019	James Miller	1687.19	2	168.72	192.34	3398.0	Credit Card
T-50826	2025-05-11	PROD-5024	Sony Monitor Pro	Computing	Monitors	Sony	739.23	ST-06	Evergreen Tech	Seattle	West	CUST-2099	Jennifer Jones	725.66	5	0.0	290.26	3918.56	Debit Card
T-50827	2025-02-17	PROD-5027	Microsoft Speaker Pro	Audio	Speakers	Microsoft	1346.24	ST-01	Tech Haven	Boston	North	CUST-2033	Elizabeth Davis	1396.24	4	558.5	314.15	5340.61	Google Pay
T-50828	2025-12-25	PROD-5043	Apple Smartphone Pro	Mobile	Smartphones	Apple	1945.15	ST-07	Peach State Gadgets	Atlanta	South	CUST-2079	David Garcia	1983.89	3	0.0	416.62	6368.29	Apple Pay
T-50829	2025-03-23	PROD-5024	Sony Monitor Pro	Computing	Monitors	Sony	739.23	ST-03	Silicon Square	San Jose	West	CUST-2057	James Jones	745.8	5	559.35	253.57	3423.22	Google Pay
T-50830	2025-11-23	PROD-5042	HP Mice Pro	Accessories	Mice	HP	1992.52	ST-02	Digital Depot	Austin	South	CUST-2075	Linda Davis	2080.43	3	624.13	393.2	6010.36	Debit Card
T-50831	2025-04-28	PROD-5013	HP Mice Pro	Accessories	Mice	HP	1304.61	ST-03	Silicon Square	San Jose	West	CUST-2014	John Smith	1344.0	1	67.2	102.14	1378.94	Credit Card
T-50832	2025-08-09	PROD-5049	Microsoft Smartwatche Pro	Mobile	Smartwatches	Microsoft	2182.95	ST-04	Windy City Gear	Chicago	Midwest	CUST-2024	Patricia Smith	2126.49	2	425.3	229.66	4057.34	Credit Card
T-50833	2025-04-24	PROD-5014	Logitech Smartwatche Pro	Mobile	Smartwatches	Logitech	1528.26	ST-08	Gateway Gear	St. Louis	Midwest	CUST-2023	Jennifer Brown	1577.92	1	157.79	85.21	1505.34	Credit Card
T-50834	2025-11-16	PROD-5016	Microsoft Smartwatche Pro	Mobile	Smartwatches	Microsoft	1215.4	ST-08	Gateway Gear	St. Louis	Midwest	CUST-2023	Jennifer Brown	1238.13	1	61.91	70.57	1246.79	Credit Card
T-50835	2025-11-07	PROD-5016	Microsoft Smartwatche Pro	Mobile	Smartwatches	Microsoft	1215.4	ST-07	Peach State Gadgets	Atlanta	South	CUST-2022	Linda Brown	1262.29	4	757.37	300.43	4592.22	Apple Pay
T-50836	2025-01-17	PROD-5031	Microsoft Smartwatche Pro	Mobile	Smartwatches	Microsoft	439.91	ST-06	Evergreen Tech	Seattle	West	CUST-2000	Mary Williams	433.19	3	194.94	88.37	1193.0	Debit Card
T-50837	2025-02-07	PROD-5015	Microsoft Speaker Pro	Audio	Speakers	Microsoft	813.77	ST-03	Silicon Square	San Jose	West	CUST-2066	Jennifer Williams	801.57	4	480.94	218.03	2943.37	Credit Card
T-50838	2025-10-07	PROD-5014	Logitech Smartwatche Pro	Mobile	Smartwatches	Logitech	1528.26	ST-10	Sunshine Systems	Miami	South	CUST-2076	Patricia Rodriguez	1575.91	5	787.96	496.41	7588.0	Debit Card
T-50839	2025-05-30	PROD-5019	HP Mice Pro	Accessories	Mice	HP	248.24	ST-02	Digital Depot	Austin	South	CUST-2052	Robert Davis	249.21	2	0.0	34.89	533.31	Credit Card
T-50840	2025-04-07	PROD-5027	Microsoft Speaker Pro	Audio	Speakers	Microsoft	1346.24	ST-07	Peach State Gadgets	Atlanta	South	CUST-2033	Elizabeth Davis	1405.18	2	140.52	186.89	2856.73	Apple Pay
T-50841	2025-03-12	PROD-5010	Apple Headphone Pro	Audio	Headphones	Apple	1099.67	ST-10	Sunshine Systems	Miami	South	CUST-2098	Elizabeth Johnson	1047.5	5	785.62	311.63	4763.51	Debit Card
T-50842	2025-08-29	PROD-5031	Microsoft Smartwatche Pro	Mobile	Smartwatches	Microsoft	439.91	ST-01	Tech Haven	Boston	North	CUST-2011	Jennifer Smith	447.39	2	0.0	55.92	950.7	Debit Card
T-50843	2025-03-30	PROD-5039	Dell Smartphone Pro	Mobile	Smartphones	Dell	327.77	ST-01	Tech Haven	Boston	North	CUST-2033	Elizabeth Davis	318.14	1	0.0	19.88	338.02	Apple Pay
T-50844	2025-11-08	PROD-5035	Dell Laptop Pro	Computing	Laptops	Dell	2449.03	ST-06	Evergreen Tech	Seattle	West	CUST-2081	Michael Miller	2398.69	4	479.74	729.2	9844.22	Debit Card
T-50845	2025-06-08	PROD-5026	Apple Smartphone Pro	Mobile	Smartphones	Apple	538.85	ST-09	Mile High Mobile	Denver	West	CUST-2082	Mary Jones	518.56	5	388.92	176.31	2380.19	Credit Card
T-50846	2025-09-24	PROD-5034	Microsoft Headphone Pro	Audio	Headphones	Microsoft	2075.67	ST-02	Digital Depot	Austin	South	CUST-2092	Robert Brown	2135.68	2	213.57	284.05	4341.84	PayPal
T-50847	2025-06-12	PROD-5002	Dell Headphone Pro	Audio	Headphones	Dell	1736.36	ST-04	Windy City Gear	Chicago	Midwest	CUST-2052	Robert Davis	1776.75	5	0.0	533.02	9416.77	Apple Pay
T-50848	2025-10-27	PROD-5005	Logitech Smartphone Pro	Mobile	Smartphones	Logitech	424.25	ST-03	Silicon Square	San Jose	West	CUST-2013	David Rodriguez	405.53	3	0.0	97.33	1313.92	Google Pay
T-50849	2025-01-25	PROD-5026	Apple Smartphone Pro	Mobile	Smartphones	Apple	538.85	ST-01	Tech Haven	Boston	North	CUST-2039	Robert Miller	562.93	5	140.73	167.12	2841.04	Google Pay
T-50850	2025-04-15	PROD-5004	Microsoft Speaker Pro	Audio	Speakers	Microsoft	451.4	ST-07	Peach State Gadgets	Atlanta	South	CUST-2000	Mary Williams	444.79	2	0.0	62.27	951.85	Apple Pay
T-50851	2025-08-08	PROD-5012	Samsung Mice Pro	Accessories	Mice	Samsung	876.88	ST-07	Peach State Gadgets	Atlanta	South	CUST-2041	James Brown	841.9	5	420.95	265.2	4053.75	Credit Card
T-50852	2025-11-18	PROD-5027	Microsoft Speaker Pro	Audio	Speakers	Microsoft	1346.24	ST-09	Mile High Mobile	Denver	West	CUST-2066	Jennifer Williams	1337.18	4	0.0	427.9	5776.62	Credit Card
T-50853	2025-04-04	PROD-5028	Microsoft Keyboard Pro	Accessories	Keyboards	Microsoft	1729.38	ST-08	Gateway Gear	St. Louis	Midwest	CUST-2080	Michael Johnson	1796.89	1	179.69	97.03	1714.23	Debit Card
T-50854	2025-01-21	PROD-5026	Apple Smartphone Pro	Mobile	Smartphones	Apple	538.85	ST-03	Silicon Square	San Jose	West	CUST-2088	Elizabeth Garcia	519.23	5	129.81	197.31	2663.65	Google Pay
T-50855	2025-09-20	PROD-5029	Apple Smartwatche Pro	Mobile	Smartwatches	Apple	2481.03	ST-06	Evergreen Tech	Seattle	West	CUST-2037	Patricia Johnson	2474.04	2	742.21	336.47	4542.34	Google Pay
T-50856	2025-10-17	PROD-5037	Bose Keyboard Pro	Accessories	Keyboards	Bose	1221.63	ST-07	Peach State Gadgets	Atlanta	South	CUST-2015	Jennifer Davis	1167.51	2	116.75	155.28	2373.55	Credit Card
T-50857	2025-05-16	PROD-5001	Apple Tablet Pro	Computing	Tablets	Apple	1730.77	ST-06	Evergreen Tech	Seattle	West	CUST-2074	Linda Smith	1673.95	1	167.4	120.52	1627.07	Apple Pay
T-50858	2025-10-16	PROD-5007	Apple Speaker Pro	Audio	Speakers	Apple	1970.43	ST-04	Windy City Gear	Chicago	Midwest	CUST-2068	James Miller	1957.71	5	0.0	587.31	10375.86	Apple Pay
T-50859	2025-01-10	PROD-5015	Microsoft Speaker Pro	Audio	Speakers	Microsoft	813.77	ST-01	Tech Haven	Boston	North	CUST-2061	Linda Smith	786.45	3	235.94	132.71	2256.12	Debit Card
T-50860	2025-07-04	PROD-5033	Logitech Smartwatche Pro	Mobile	Smartwatches	Logitech	2430.56	ST-01	Tech Haven	Boston	North	CUST-2063	Robert Williams	2514.04	2	251.4	298.54	5075.22	Credit Card
T-50861	2025-08-11	PROD-5013	HP Mice Pro	Accessories	Mice	HP	1304.61	ST-05	Empire Electronics	New York	North	CUST-2009	David Jones	1315.21	3	197.28	234.27	3982.62	Debit Card
T-50862	2025-04-17	PROD-5015	Microsoft Speaker Pro	Audio	Speakers	Microsoft	813.77	ST-03	Silicon Square	San Jose	West	CUST-2073	James Jones	844.15	4	0.0	270.13	3646.73	Google Pay
T-50863	2025-07-18	PROD-5035	Dell Laptop Pro	Computing	Laptops	Dell	2449.03	ST-07	Peach State Gadgets	Atlanta	South	CUST-2025	John Jones	2412.58	2	0.0	337.76	5162.92	PayPal
T-50864	2025-10-28	PROD-5010	Apple Headphone Pro	Audio	Headphones	Apple	1099.67	ST-01	Tech Haven	Boston	North	CUST-2078	Jennifer Davis	1092.42	3	0.0	204.83	3482.09	PayPal
T-50865	2025-04-21	PROD-5002	Dell Headphone Pro	Audio	Headphones	Dell	1736.36	ST-10	Sunshine Systems	Miami	South	CUST-2001	David Davis	1668.15	3	750.67	297.76	4551.54	Credit Card
T-50866	2025-04-07	PROD-5024	Sony Monitor Pro	Computing	Monitors	Sony	739.23	ST-02	Digital Depot	Austin	South	CUST-2065	David Martinez	773.13	4	154.63	205.65	3143.54	Debit Card
T-50867	2025-08-13	PROD-5014	Logitech Smartwatche Pro	Mobile	Smartwatches	Logitech	1528.26	ST-09	Mile High Mobile	Denver	West	CUST-2003	Mary Garcia	1581.69	5	395.42	601.04	8114.07	Apple Pay
T-50868	2025-12-06	PROD-5038	HP Headphone Pro	Audio	Headphones	HP	1705.55	ST-09	Mile High Mobile	Denver	West	CUST-2046	Robert Jones	1668.58	1	0.0	133.49	1802.07	Apple Pay
T-50869	2025-09-12	PROD-5044	Samsung Keyboard Pro	Accessories	Keyboards	Samsung	1673.85	ST-01	Tech Haven	Boston	North	CUST-2047	Jennifer Smith	1743.2	4	0.0	435.8	7408.6	Google Pay
T-50870	2025-05-05	PROD-5005	Logitech Smartphone Pro	Mobile	Smartphones	Logitech	424.25	ST-04	Windy City Gear	Chicago	Midwest	CUST-2095	Elizabeth Johnson	422.83	4	0.0	101.48	1792.8	Google Pay
T-50871	2025-11-04	PROD-5006	HP Keyboard Pro	Accessories	Keyboards	HP	587.45	ST-05	Empire Electronics	New York	North	CUST-2084	Linda Garcia	564.47	3	84.67	100.55	1709.29	Credit Card
T-50872	2025-03-14	PROD-5045	Dell Smartphone Pro	Mobile	Smartphones	Dell	555.4	ST-01	Tech Haven	Boston	North	CUST-2098	Elizabeth Johnson	560.76	3	0.0	105.14	1787.42	Debit Card
T-50873	2025-05-29	PROD-5024	Sony Monitor Pro	Computing	Monitors	Sony	739.23	ST-02	Digital Depot	Austin	South	CUST-2094	Linda Davis	703.68	5	527.76	209.34	3199.98	Apple Pay
T-50874	2025-09-01	PROD-5003	Dell Mice Pro	Accessories	Mice	Dell	843.02	ST-09	Mile High Mobile	Denver	West	CUST-2065	David Martinez	801.56	4	480.94	218.02	2943.32	Google Pay
T-50875	2025-02-24	PROD-5031	Microsoft Smartwatche Pro	Mobile	Smartwatches	Microsoft	439.91	ST-03	Silicon Square	San Jose	West	CUST-2094	Linda Davis	436.37	3	0.0	104.73	1413.84	Debit Card
T-50876	2025-06-06	PROD-5011	Sony Laptop Pro	Computing	Laptops	Sony	304.69	ST-05	Empire Electronics	New York	North	CUST-2086	David Johnson	305.05	1	0.0	19.07	324.12	Debit Card
T-50877	2025-07-11	PROD-5031	Microsoft Smartwatche Pro	Mobile	Smartwatches	Microsoft	439.91	ST-02	Digital Depot	Austin	South	CUST-2082	Mary Jones	433.25	2	0.0	60.66	927.16	Debit Card
T-50878	2025-07-15	PROD-5040	Dell Laptop Pro	Computing	Laptops	Dell	876.34	ST-08	Gateway Gear	St. Louis	Midwest	CUST-2057	James Jones	844.76	2	0.0	101.37	1790.89	Credit Card
T-50879	2025-11-27	PROD-5017	Sony Keyboard Pro	Accessories	Keyboards	Sony	2320.52	ST-06	Evergreen Tech	Seattle	West	CUST-2098	Elizabeth Johnson	2350.69	3	705.21	507.75	6854.61	Google Pay
T-50880	2025-11-12	PROD-5040	Dell Laptop Pro	Computing	Laptops	Dell	876.34	ST-05	Empire Electronics	New York	North	CUST-2063	Robert Williams	833.93	2	0.0	104.24	1772.1	PayPal
T-50881	2025-09-12	PROD-5036	Logitech Mice Pro	Accessories	Mice	Logitech	554.85	ST-04	Windy City Gear	Chicago	Midwest	CUST-2036	Robert Miller	531.4	5	0.0	159.42	2816.42	PayPal
T-50882	2025-07-07	PROD-5025	Logitech Speaker Pro	Audio	Speakers	Logitech	1871.67	ST-02	Digital Depot	Austin	South	CUST-2039	Robert Miller	1937.3	5	484.33	644.15	9846.32	PayPal
T-50883	2025-03-31	PROD-5023	Dell Mice Pro	Accessories	Mice	Dell	1712.19	ST-05	Empire Electronics	New York	North	CUST-2044	Linda Brown	1744.21	5	436.05	517.81	8802.81	Google Pay
T-50884	2025-06-10	PROD-5027	Microsoft Speaker Pro	Audio	Speakers	Microsoft	1346.24	ST-07	Peach State Gadgets	Atlanta	South	CUST-2090	Mary Smith	1352.43	5	0.0	473.35	7235.5	Credit Card
T-50885	2025-07-28	PROD-5033	Logitech Smartwatche Pro	Mobile	Smartwatches	Logitech	2430.56	ST-07	Peach State Gadgets	Atlanta	South	CUST-2049	David Jones	2500.63	3	750.19	472.62	7224.32	Google Pay
T-50886	2025-04-14	PROD-5042	HP Mice Pro	Accessories	Mice	HP	1992.52	ST-02	Digital Depot	Austin	South	CUST-2052	Robert Davis	2013.61	5	1510.21	599.05	9156.89	Debit Card
T-50887	2025-06-16	PROD-5004	Microsoft Speaker Pro	Audio	Speakers	Microsoft	451.4	ST-04	Windy City Gear	Chicago	Midwest	CUST-2064	Mary Johnson	448.22	3	0.0	80.68	1425.34	PayPal
T-50888	2025-02-15	PROD-5007	Apple Speaker Pro	Audio	Speakers	Apple	1970.43	ST-10	Sunshine Systems	Miami	South	CUST-2009	David Jones	1978.01	5	0.0	692.3	10582.35	Credit Card
T-50889	2025-03-05	PROD-5025	Logitech Speaker Pro	Audio	Speakers	Logitech	1871.67	ST-08	Gateway Gear	St. Louis	Midwest	CUST-2059	James Jones	1867.31	5	1400.48	476.16	8412.23	Credit Card
T-50890	2025-08-15	PROD-5008	Apple Mice Pro	Accessories	Mice	Apple	1303.88	ST-10	Sunshine Systems	Miami	South	CUST-2039	Robert Miller	1300.91	4	520.36	327.83	5011.11	Debit Card
T-50891	2025-07-10	PROD-5002	Dell Headphone Pro	Audio	Headphones	Dell	1736.36	ST-05	Empire Electronics	New York	North	CUST-2072	David Rodriguez	1687.29	5	843.65	474.55	8067.35	PayPal
T-50892	2025-11-15	PROD-5038	HP Headphone Pro	Audio	Headphones	HP	1705.55	ST-10	Sunshine Systems	Miami	South	CUST-2065	David Martinez	1679.18	2	167.92	223.33	3413.77	Debit Card
T-50893	2025-04-04	PROD-5031	Microsoft Smartwatche Pro	Mobile	Smartwatches	Microsoft	439.91	ST-09	Mile High Mobile	Denver	West	CUST-2077	Mary Jones	459.42	2	45.94	69.83	942.73	Apple Pay
T-50894	2025-09-10	PROD-5028	Microsoft Keyboard Pro	Accessories	Keyboards	Microsoft	1729.38	ST-04	Windy City Gear	Chicago	Midwest	CUST-2044	Linda Brown	1676.22	2	502.87	170.97	3020.54	Debit Card
T-50895	2025-02-12	PROD-5048	Microsoft Smartphone Pro	Mobile	Smartphones	Microsoft	2457.95	ST-10	Sunshine Systems	Miami	South	CUST-2000	Mary Williams	2431.06	2	0.0	340.35	5202.47	Credit Card
T-50896	2025-06-17	PROD-5016	Microsoft Smartwatche Pro	Mobile	Smartwatches	Microsoft	1215.4	ST-09	Mile High Mobile	Denver	West	CUST-2007	John Smith	1262.39	3	0.0	302.97	4090.14	Credit Card
T-50897	2025-03-20	PROD-5026	Apple Smartphone Pro	Mobile	Smartphones	Apple	538.85	ST-01	Tech Haven	Boston	North	CUST-2067	James Miller	541.59	1	54.16	30.46	517.89	Google Pay
T-50898	2025-09-14	PROD-5023	Dell Mice Pro	Accessories	Mice	Dell	1712.19	ST-03	Silicon Square	San Jose	West	CUST-2087	David Johnson	1712.39	2	171.24	260.28	3513.82	Google Pay
T-50899	2025-08-22	PROD-5045	Dell Smartphone Pro	Mobile	Smartphones	Dell	555.4	ST-09	Mile High Mobile	Denver	West	CUST-2059	James Jones	578.17	1	57.82	41.63	561.98	PayPal
T-50900	2025-01-15	PROD-5034	Microsoft Headphone Pro	Audio	Headphones	Microsoft	2075.67	ST-10	Sunshine Systems	Miami	South	CUST-2073	James Jones	2043.09	1	0.0	143.02	2186.11	Debit Card
T-50901	2025-05-14	PROD-5006	HP Keyboard Pro	Accessories	Keyboards	HP	587.45	ST-07	Peach State Gadgets	Atlanta	South	CUST-2055	David Smith	614.12	4	368.47	146.16	2234.17	Google Pay
T-50902	2025-01-27	PROD-5034	Microsoft Headphone Pro	Audio	Headphones	Microsoft	2075.67	ST-03	Silicon Square	San Jose	West	CUST-2089	Robert Smith	2004.94	3	300.74	457.13	6171.21	Credit Card
T-50903	2025-10-25	PROD-5049	Microsoft Smartwatche Pro	Mobile	Smartwatches	Microsoft	2182.95	ST-09	Mile High Mobile	Denver	West	CUST-2036	Robert Miller	2144.68	4	0.0	686.3	9265.02	Credit Card
T-50904	2025-06-14	PROD-5000	Microsoft Speaker Pro	Audio	Speakers	Microsoft	2260.98	ST-04	Windy City Gear	Chicago	Midwest	CUST-2080	Michael Johnson	2320.31	4	928.12	501.19	8854.31	Apple Pay
T-50905	2025-07-17	PROD-5043	Apple Smartphone Pro	Mobile	Smartphones	Apple	1945.15	ST-04	Windy City Gear	Chicago	Midwest	CUST-2075	Linda Davis	1994.05	5	997.03	538.39	9511.61	Google Pay
T-50906	2025-09-20	PROD-5013	HP Mice Pro	Accessories	Mice	HP	1304.61	ST-03	Silicon Square	San Jose	West	CUST-2089	Robert Smith	1368.78	5	684.39	492.76	6652.27	Debit Card
T-50907	2025-06-08	PROD-5047	Logitech Keyboard Pro	Accessories	Keyboards	Logitech	595.48	ST-03	Silicon Square	San Jose	West	CUST-2054	Elizabeth Martinez	581.25	1	29.06	44.18	596.37	Credit Card
T-50908	2025-08-26	PROD-5014	Logitech Smartwatche Pro	Mobile	Smartwatches	Logitech	1528.26	ST-01	Tech Haven	Boston	North	CUST-2007	John Smith	1471.66	2	294.33	165.56	2814.55	Google Pay
T-50909	2025-08-28	PROD-5004	Microsoft Speaker Pro	Audio	Speakers	Microsoft	451.4	ST-03	Silicon Square	San Jose	West	CUST-2063	Robert Williams	452.31	2	90.46	65.13	879.29	PayPal
T-50910	2025-05-31	PROD-5013	HP Mice Pro	Accessories	Mice	HP	1304.61	ST-09	Mile High Mobile	Denver	West	CUST-2028	Jennifer Martinez	1324.73	5	662.37	476.9	6438.18	Debit Card
T-50911	2025-04-07	PROD-5028	Microsoft Keyboard Pro	Accessories	Keyboards	Microsoft	1729.38	ST-10	Sunshine Systems	Miami	South	CUST-2003	Mary Garcia	1723.27	1	258.49	102.53	1567.31	Google Pay
T-50912	2025-07-30	PROD-5029	Apple Smartwatche Pro	Mobile	Smartwatches	Apple	2481.03	ST-06	Evergreen Tech	Seattle	West	CUST-2065	David Martinez	2429.72	5	0.0	971.89	13120.49	PayPal
T-50913	2025-04-19	PROD-5019	HP Mice Pro	Accessories	Mice	HP	248.24	ST-10	Sunshine Systems	Miami	South	CUST-2046	Robert Jones	251.76	2	0.0	35.25	538.77	PayPal
T-50914	2025-01-27	PROD-5045	Dell Smartphone Pro	Mobile	Smartphones	Dell	555.4	ST-03	Silicon Square	San Jose	West	CUST-2052	Robert Davis	536.26	3	160.88	115.83	1563.73	Google Pay
T-50915	2025-02-02	PROD-5048	Microsoft Smartphone Pro	Mobile	Smartphones	Microsoft	2457.95	ST-10	Sunshine Systems	Miami	South	CUST-2021	Michael Garcia	2419.57	5	0.0	846.85	12944.7	Google Pay
T-50916	2025-03-18	PROD-5040	Dell Laptop Pro	Computing	Laptops	Dell	876.34	ST-03	Silicon Square	San Jose	West	CUST-2087	David Johnson	861.37	2	258.41	117.15	1581.48	Google Pay
T-50917	2025-08-30	PROD-5049	Microsoft Smartwatche Pro	Mobile	Smartwatches	Microsoft	2182.95	ST-01	Tech Haven	Boston	North	CUST-2040	Linda Martinez	2128.41	4	851.36	478.89	8141.17	Google Pay
T-50918	2025-11-20	PROD-5048	Microsoft Smartphone Pro	Mobile	Smartphones	Microsoft	2457.95	ST-02	Digital Depot	Austin	South	CUST-2056	David Brown	2389.02	1	119.45	158.87	2428.44	Debit Card
T-50919	2025-09-25	PROD-5024	Sony Monitor Pro	Computing	Monitors	Sony	739.23	ST-09	Mile High Mobile	Denver	West	CUST-2033	Elizabeth Davis	772.05	5	0.0	308.82	4169.07	Google Pay
T-50920	2025-07-23	PROD-5028	Microsoft Keyboard Pro	Accessories	Keyboards	Microsoft	1729.38	ST-09	Mile High Mobile	Denver	West	CUST-2089	Robert Smith	1659.76	3	248.96	378.43	5108.75	Apple Pay
T-50921	2025-06-11	PROD-5049	Microsoft Smartwatche Pro	Mobile	Smartwatches	Microsoft	2182.95	ST-01	Tech Haven	Boston	North	CUST-2087	David Johnson	2088.33	3	626.5	352.41	5990.9	Google Pay
T-50922	2025-05-12	PROD-5032	HP Smartphone Pro	Mobile	Smartphones	HP	1749.41	ST-05	Empire Electronics	New York	North	CUST-2097	John Williams	1674.58	2	0.0	209.32	3558.48	Apple Pay
T-50923	2025-04-14	PROD-5020	Apple Smartphone Pro	Mobile	Smartphones	Apple	127.57	ST-09	Mile High Mobile	Denver	West	CUST-2073	James Jones	123.63	2	0.0	19.78	267.04	Apple Pay
T-50924	2025-07-31	PROD-5027	Microsoft Speaker Pro	Audio	Speakers	Microsoft	1346.24	ST-08	Gateway Gear	St. Louis	Midwest	CUST-2001	David Davis	1304.16	3	586.87	199.54	3525.15	Debit Card
T-50925	2025-01-12	PROD-5047	Logitech Keyboard Pro	Accessories	Keyboards	Logitech	595.48	ST-08	Gateway Gear	St. Louis	Midwest	CUST-2089	Robert Smith	591.72	3	0.0	106.51	1881.67	PayPal
T-50926	2025-03-10	PROD-5035	Dell Laptop Pro	Computing	Laptops	Dell	2449.03	ST-03	Silicon Square	San Jose	West	CUST-2060	John Smith	2392.26	2	0.0	382.76	5167.28	Apple Pay
T-50927	2025-06-22	PROD-5047	Logitech Keyboard Pro	Accessories	Keyboards	Logitech	595.48	ST-10	Sunshine Systems	Miami	South	CUST-2083	Michael Johnson	574.39	1	28.72	38.2	583.87	Apple Pay
T-50928	2025-05-09	PROD-5028	Microsoft Keyboard Pro	Accessories	Keyboards	Microsoft	1729.38	ST-03	Silicon Square	San Jose	West	CUST-2074	Linda Smith	1783.31	3	534.99	385.2	5200.14	PayPal
T-50929	2025-08-26	PROD-5012	Samsung Mice Pro	Accessories	Mice	Samsung	876.88	ST-02	Digital Depot	Austin	South	CUST-2032	Patricia Davis	910.95	1	0.0	63.77	974.72	Debit Card
T-50930	2025-08-09	PROD-5041	Microsoft Smartwatche Pro	Mobile	Smartwatches	Microsoft	2371.04	ST-09	Mile High Mobile	Denver	West	CUST-2066	Jennifer Williams	2353.98	3	0.0	564.96	7626.9	Debit Card
T-50931	2025-04-18	PROD-5026	Apple Smartphone Pro	Mobile	Smartphones	Apple	538.85	ST-06	Evergreen Tech	Seattle	West	CUST-2025	John Jones	526.87	3	237.09	107.48	1451.0	Debit Card
T-50932	2025-10-31	PROD-5029	Apple Smartwatche Pro	Mobile	Smartwatches	Apple	2481.03	ST-04	Windy City Gear	Chicago	Midwest	CUST-2040	Linda Martinez	2406.28	5	1804.71	613.6	10840.29	PayPal
T-50933	2025-12-07	PROD-5041	Microsoft Smartwatche Pro	Mobile	Smartwatches	Microsoft	2371.04	ST-07	Peach State Gadgets	Atlanta	South	CUST-2020	Robert Johnson	2275.88	3	0.0	477.93	7305.57	Credit Card
T-50934	2025-03-27	PROD-5035	Dell Laptop Pro	Computing	Laptops	Dell	2449.03	ST-07	Peach State Gadgets	Atlanta	South	CUST-2050	John Smith	2502.54	4	0.0	700.71	10710.87	Credit Card
T-50935	2025-09-06	PROD-5049	Microsoft Smartwatche Pro	Mobile	Smartwatches	Microsoft	2182.95	ST-07	Peach State Gadgets	Atlanta	South	CUST-2066	Jennifer Williams	2211.16	1	0.0	154.78	2365.94	Credit Card
T-50936	2025-10-22	PROD-5043	Apple Smartphone Pro	Mobile	Smartphones	Apple	1945.15	ST-10	Sunshine Systems	Miami	South	CUST-2076	Patricia Rodriguez	1960.89	2	196.09	260.8	3986.49	PayPal
T-50937	2025-10-22	PROD-5010	Apple Headphone Pro	Audio	Headphones	Apple	1099.67	ST-10	Sunshine Systems	Miami	South	CUST-2037	Patricia Johnson	1129.44	4	225.89	300.43	4592.3	Google Pay
T-50938	2025-08-16	PROD-5009	Logitech Tablet Pro	Computing	Tablets	Logitech	409.92	ST-02	Digital Depot	Austin	South	CUST-2036	Robert Miller	393.33	2	118.0	46.81	715.47	Apple Pay
T-50939	2025-02-11	PROD-5004	Microsoft Speaker Pro	Audio	Speakers	Microsoft	451.4	ST-04	Windy City Gear	Chicago	Midwest	CUST-2098	Elizabeth Johnson	433.63	2	86.73	46.83	827.36	Debit Card
T-50940	2025-05-24	PROD-5028	Microsoft Keyboard Pro	Accessories	Keyboards	Microsoft	1729.38	ST-08	Gateway Gear	St. Louis	Midwest	CUST-2074	Linda Smith	1789.03	5	0.0	536.71	9481.86	Debit Card
T-50941	2025-09-19	PROD-5001	Apple Tablet Pro	Computing	Tablets	Apple	1730.77	ST-04	Windy City Gear	Chicago	Midwest	CUST-2040	Linda Martinez	1677.12	3	503.14	271.69	4799.91	Debit Card
T-50942	2025-10-31	PROD-5003	Dell Mice Pro	Accessories	Mice	Dell	843.02	ST-08	Gateway Gear	St. Louis	Midwest	CUST-2033	Elizabeth Davis	850.02	3	255.01	137.7	2432.75	Apple Pay
T-50943	2025-02-12	PROD-5021	HP Headphone Pro	Audio	Headphones	HP	1118.89	ST-08	Gateway Gear	St. Louis	Midwest	CUST-2083	Michael Johnson	1103.29	5	0.0	330.99	5847.44	Google Pay
T-50944	2025-03-09	PROD-5008	Apple Mice Pro	Accessories	Mice	Apple	1303.88	ST-05	Empire Electronics	New York	North	CUST-2000	Mary Williams	1279.78	5	639.89	359.94	6118.95	Credit Card
T-50945	2025-04-04	PROD-5043	Apple Smartphone Pro	Mobile	Smartphones	Apple	1945.15	ST-04	Windy City Gear	Chicago	Midwest	CUST-2008	Elizabeth Jones	1886.49	3	0.0	339.57	5999.04	Apple Pay
T-50946	2025-02-08	PROD-5022	Logitech Speaker Pro	Audio	Speakers	Logitech	162.22	ST-04	Windy City Gear	Chicago	Midwest	CUST-2045	James Rodriguez	163.78	1	0.0	9.83	173.61	Google Pay
T-50947	2025-12-25	PROD-5015	Microsoft Speaker Pro	Audio	Speakers	Microsoft	813.77	ST-09	Mile High Mobile	Denver	West	CUST-2069	Mary Miller	854.36	5	427.18	307.57	4152.19	Apple Pay
T-50948	2025-12-17	PROD-5026	Apple Smartphone Pro	Mobile	Smartphones	Apple	538.85	ST-03	Silicon Square	San Jose	West	CUST-2033	Elizabeth Davis	516.0	4	0.0	165.12	2229.12	PayPal
T-50949	2025-06-24	PROD-5041	Microsoft Smartwatche Pro	Mobile	Smartwatches	Microsoft	2371.04	ST-05	Empire Electronics	New York	North	CUST-2037	Patricia Johnson	2387.29	4	477.46	566.98	9638.68	Debit Card
T-50950	2025-09-03	PROD-5002	Dell Headphone Pro	Audio	Headphones	Dell	1736.36	ST-06	Evergreen Tech	Seattle	West	CUST-2038	Patricia Rodriguez	1713.88	3	0.0	411.33	5552.97	Apple Pay
T-50951	2025-02-12	PROD-5046	Bose Mice Pro	Accessories	Mice	Bose	1877.63	ST-02	Digital Depot	Austin	South	CUST-2024	Patricia Smith	1804.3	5	451.08	599.93	9170.35	PayPal
T-50952	2025-07-27	PROD-5006	HP Keyboard Pro	Accessories	Keyboards	HP	587.45	ST-04	Windy City Gear	Chicago	Midwest	CUST-2088	Elizabeth Garcia	598.74	5	0.0	179.62	3173.32	Apple Pay
T-50953	2025-07-02	PROD-5020	Apple Smartphone Pro	Mobile	Smartphones	Apple	127.57	ST-08	Gateway Gear	St. Louis	Midwest	CUST-2003	Mary Garcia	131.16	1	13.12	7.08	125.12	Credit Card
T-50954	2025-05-03	PROD-5009	Logitech Tablet Pro	Computing	Tablets	Logitech	409.92	ST-08	Gateway Gear	St. Louis	Midwest	CUST-2060	John Smith	402.09	2	0.0	48.25	852.43	Credit Card
T-50955	2025-03-15	PROD-5035	Dell Laptop Pro	Computing	Laptops	Dell	2449.03	ST-10	Sunshine Systems	Miami	South	CUST-2093	Patricia Garcia	2459.54	1	122.98	163.56	2500.12	Debit Card
T-50956	2025-10-23	PROD-5043	Apple Smartphone Pro	Mobile	Smartphones	Apple	1945.15	ST-04	Windy City Gear	Chicago	Midwest	CUST-2040	Linda Martinez	1922.46	5	0.0	576.74	10189.04	PayPal
T-50957	2025-04-03	PROD-5003	Dell Mice Pro	Accessories	Mice	Dell	843.02	ST-10	Sunshine Systems	Miami	South	CUST-2078	Jennifer Davis	851.5	4	170.3	226.5	3462.2	PayPal
T-50958	2025-12-21	PROD-5044	Samsung Keyboard Pro	Accessories	Keyboards	Samsung	1673.85	ST-02	Digital Depot	Austin	South	CUST-2008	Elizabeth Jones	1602.53	4	641.01	403.84	6172.95	Debit Card
T-50959	2025-03-23	PROD-5047	Logitech Keyboard Pro	Accessories	Keyboards	Logitech	595.48	ST-06	Evergreen Tech	Seattle	West	CUST-2007	John Smith	604.18	3	271.88	123.25	1663.91	Debit Card
T-50960	2025-08-24	PROD-5038	HP Headphone Pro	Audio	Headphones	HP	1705.55	ST-09	Mile High Mobile	Denver	West	CUST-2045	James Rodriguez	1647.95	5	1235.96	560.3	7564.09	PayPal
T-50961	2025-09-19	PROD-5021	HP Headphone Pro	Audio	Headphones	HP	1118.89	ST-06	Evergreen Tech	Seattle	West	CUST-2067	James Miller	1095.56	2	0.0	175.29	2366.41	Credit Card
T-50962	2025-03-22	PROD-5035	Dell Laptop Pro	Computing	Laptops	Dell	2449.03	ST-03	Silicon Square	San Jose	West	CUST-2020	Robert Johnson	2447.49	1	0.0	195.8	2643.29	Google Pay
T-50963	2025-12-09	PROD-5039	Dell Smartphone Pro	Mobile	Smartphones	Dell	327.77	ST-09	Mile High Mobile	Denver	West	CUST-2077	Mary Jones	319.87	5	0.0	127.95	1727.3	Apple Pay
T-50964	2025-05-01	PROD-5023	Dell Mice Pro	Accessories	Mice	Dell	1712.19	ST-01	Tech Haven	Boston	North	CUST-2041	James Brown	1715.35	2	514.6	182.26	3098.36	Credit Card
T-50965	2025-05-23	PROD-5043	Apple Smartphone Pro	Mobile	Smartphones	Apple	1945.15	ST-01	Tech Haven	Boston	North	CUST-2040	Linda Martinez	1982.75	2	594.82	210.67	3581.35	Google Pay
T-50966	2025-01-25	PROD-5021	HP Headphone Pro	Audio	Headphones	HP	1118.89	ST-06	Evergreen Tech	Seattle	West	CUST-2033	Elizabeth Davis	1116.01	3	167.4	254.45	3435.08	Debit Card
T-50967	2025-04-23	PROD-5028	Microsoft Keyboard Pro	Accessories	Keyboards	Microsoft	1729.38	ST-03	Silicon Square	San Jose	West	CUST-2005	Michael Smith	1677.88	3	0.0	402.69	5436.33	Apple Pay
T-50968	2025-04-28	PROD-5020	Apple Smartphone Pro	Mobile	Smartphones	Apple	127.57	ST-08	Gateway Gear	St. Louis	Midwest	CUST-2035	James Davis	127.61	1	0.0	7.66	135.27	Apple Pay
T-50969	2025-05-20	PROD-5041	Microsoft Smartwatche Pro	Mobile	Smartwatches	Microsoft	2371.04	ST-08	Gateway Gear	St. Louis	Midwest	CUST-2033	Elizabeth Davis	2374.63	4	1424.78	484.42	8558.16	Google Pay
T-50970	2025-10-31	PROD-5035	Dell Laptop Pro	Computing	Laptops	Dell	2449.03	ST-01	Tech Haven	Boston	North	CUST-2090	Mary Smith	2486.98	5	621.75	738.32	12551.47	Apple Pay
T-50971	2025-06-12	PROD-5038	HP Headphone Pro	Audio	Headphones	HP	1705.55	ST-01	Tech Haven	Boston	North	CUST-2087	David Johnson	1637.46	4	982.48	347.96	5915.32	Debit Card
T-50972	2025-06-07	PROD-5049	Microsoft Smartwatche Pro	Mobile	Smartwatches	Microsoft	2182.95	ST-07	Peach State Gadgets	Atlanta	South	CUST-2074	Linda Smith	2240.85	4	0.0	627.44	9590.84	Google Pay
T-50973	2025-12-03	PROD-5014	Logitech Smartwatche Pro	Mobile	Smartwatches	Logitech	1528.26	ST-02	Digital Depot	Austin	South	CUST-2074	Linda Smith	1589.43	2	476.83	189.14	2891.17	Apple Pay
T-50974	2025-05-31	PROD-5025	Logitech Speaker Pro	Audio	Speakers	Logitech	1871.67	ST-01	Tech Haven	Boston	North	CUST-2011	Jennifer Smith	1784.37	3	535.31	301.11	5118.91	Apple Pay
T-50975	2025-03-19	PROD-5045	Dell Smartphone Pro	Mobile	Smartphones	Dell	555.4	ST-10	Sunshine Systems	Miami	South	CUST-2030	Mary Rodriguez	582.57	1	58.26	36.7	561.01	Debit Card
T-50976	2025-07-12	PROD-5006	HP Keyboard Pro	Accessories	Keyboards	HP	587.45	ST-06	Evergreen Tech	Seattle	West	CUST-2042	Linda Davis	574.53	5	287.26	206.83	2792.22	Debit Card
T-50977	2025-01-13	PROD-5047	Logitech Keyboard Pro	Accessories	Keyboards	Logitech	595.48	ST-04	Windy City Gear	Chicago	Midwest	CUST-2096	Michael Davis	576.61	2	57.66	65.73	1161.29	PayPal
T-50978	2025-02-27	PROD-5003	Dell Mice Pro	Accessories	Mice	Dell	843.02	ST-10	Sunshine Systems	Miami	South	CUST-2020	Robert Johnson	875.02	1	0.0	61.25	936.27	Google Pay
T-50979	2025-01-01	PROD-5042	HP Mice Pro	Accessories	Mice	HP	1992.52	ST-04	Windy City Gear	Chicago	Midwest	CUST-2069	Mary Miller	1963.08	4	785.23	424.03	7491.12	PayPal
T-50980	2025-07-20	PROD-5035	Dell Laptop Pro	Computing	Laptops	Dell	2449.03	ST-08	Gateway Gear	St. Louis	Midwest	CUST-2037	Patricia Johnson	2367.57	1	0.0	142.05	2509.62	Apple Pay
T-50981	2025-11-16	PROD-5014	Logitech Smartwatche Pro	Mobile	Smartwatches	Logitech	1528.26	ST-06	Evergreen Tech	Seattle	West	CUST-2044	Linda Brown	1603.24	1	240.49	109.02	1471.77	Credit Card
T-50982	2025-08-13	PROD-5016	Microsoft Smartwatche Pro	Mobile	Smartwatches	Microsoft	1215.4	ST-02	Digital Depot	Austin	South	CUST-2026	John Johnson	1243.82	2	0.0	174.13	2661.77	Debit Card
T-50983	2025-07-25	PROD-5021	HP Headphone Pro	Audio	Headphones	HP	1118.89	ST-07	Peach State Gadgets	Atlanta	South	CUST-2096	Michael Davis	1070.04	5	0.0	374.51	5724.71	Debit Card
T-50984	2025-12-25	PROD-5005	Logitech Smartphone Pro	Mobile	Smartphones	Logitech	424.25	ST-03	Silicon Square	San Jose	West	CUST-2049	David Jones	404.88	2	0.0	64.78	874.54	Credit Card
T-50985	2025-06-22	PROD-5035	Dell Laptop Pro	Computing	Laptops	Dell	2449.03	ST-08	Gateway Gear	St. Louis	Midwest	CUST-2021	Michael Garcia	2490.81	1	124.54	141.98	2508.25	PayPal
T-50986	2025-07-03	PROD-5028	Microsoft Keyboard Pro	Accessories	Keyboards	Microsoft	1729.38	ST-10	Sunshine Systems	Miami	South	CUST-2084	Linda Garcia	1796.09	1	269.41	106.87	1633.55	Apple Pay
T-50987	2025-03-17	PROD-5022	Logitech Speaker Pro	Audio	Speakers	Logitech	162.22	ST-10	Sunshine Systems	Miami	South	CUST-2026	John Johnson	166.8	2	16.68	22.18	339.1	Apple Pay
T-50988	2025-03-01	PROD-5003	Dell Mice Pro	Accessories	Mice	Dell	843.02	ST-07	Peach State Gadgets	Atlanta	South	CUST-2043	Elizabeth Martinez	828.12	4	165.62	220.28	3367.14	Credit Card
T-50989	2025-12-18	PROD-5045	Dell Smartphone Pro	Mobile	Smartphones	Dell	555.4	ST-04	Windy City Gear	Chicago	Midwest	CUST-2003	Mary Garcia	560.5	4	0.0	134.52	2376.52	Debit Card
T-50990	2025-05-05	PROD-5022	Logitech Speaker Pro	Audio	Speakers	Logitech	162.22	ST-04	Windy City Gear	Chicago	Midwest	CUST-2026	John Johnson	161.53	5	80.77	43.61	770.49	Google Pay
T-50991	2025-03-28	PROD-5029	Apple Smartwatche Pro	Mobile	Smartwatches	Apple	2481.03	ST-05	Empire Electronics	New York	North	CUST-2074	Linda Smith	2451.35	5	0.0	766.05	13022.8	PayPal
T-50992	2025-12-20	PROD-5014	Logitech Smartwatche Pro	Mobile	Smartwatches	Logitech	1528.26	ST-05	Empire Electronics	New York	North	CUST-2027	Mary Williams	1574.27	2	314.85	177.11	3010.8	PayPal
T-50993	2025-04-09	PROD-5044	Samsung Keyboard Pro	Accessories	Keyboards	Samsung	1673.85	ST-07	Peach State Gadgets	Atlanta	South	CUST-2086	David Johnson	1630.06	1	81.5	108.4	1656.96	Credit Card
T-50994	2025-10-22	PROD-5045	Dell Smartphone Pro	Mobile	Smartphones	Dell	555.4	ST-05	Empire Electronics	New York	North	CUST-2071	Linda Smith	572.02	4	114.4	135.85	2309.53	Debit Card
T-50995	2025-01-08	PROD-5028	Microsoft Keyboard Pro	Accessories	Keyboards	Microsoft	1729.38	ST-01	Tech Haven	Boston	North	CUST-2054	Elizabeth Martinez	1643.13	1	164.31	92.43	1571.25	Credit Card
T-50996	2025-12-02	PROD-5037	Bose Keyboard Pro	Accessories	Keyboards	Bose	1221.63	ST-09	Mile High Mobile	Denver	West	CUST-2011	Jennifer Smith	1213.38	4	0.0	388.28	5241.8	Apple Pay
T-50997	2025-02-28	PROD-5033	Logitech Smartwatche Pro	Mobile	Smartwatches	Logitech	2430.56	ST-09	Mile High Mobile	Denver	West	CUST-2014	John Smith	2493.44	2	0.0	398.95	5385.83	Apple Pay
T-50998	2025-11-23	PROD-5020	Apple Smartphone Pro	Mobile	Smartphones	Apple	127.57	ST-02	Digital Depot	Austin	South	CUST-2081	Michael Miller	126.26	3	0.0	26.51	405.29	Credit Card
T-50999	2025-08-22	PROD-5032	HP Smartphone Pro	Mobile	Smartphones	HP	1749.41	ST-09	Mile High Mobile	Denver	West	CUST-2025	John Jones	1741.81	5	0.0	696.72	9405.77	Apple Pay
T-51000	2025-08-26	PROD-5033	Logitech Smartwatche Pro	Mobile	Smartwatches	Logitech	2430.56	ST-01	Tech Haven	Boston	North	CUST-2085	James Rodriguez	2518.06	1	377.71	133.77	2274.12	Apple Pay